Type,Sample,Size,ms,Repetition
RSIDS,0,1,28459.798,2
RSIDS,0,1,28922.576,3
RSIDS,0,1,28815.970,4
RSIDS,0,1,28298.226,5
RSIDS,0,1,28695.180,6
RSIDS,0,200000,29945.409,2
RSIDS,0,200000,30065.924,3
RSIDS,0,200000,29793.399,4
RSIDS,0,200000,29894.288,5
RSIDS,0,200000,29873.215,6
RSIDS,0,40000,35976.895,2
RSIDS,0,40000,34364.139,3
RSIDS,0,40000,32865.629,4
RSIDS,0,40000,33275.180,5
RSIDS,0,40000,32765.534,6
RSIDS,0,600000,42022.338,2
RSIDS,0,600000,41652.366,3
RSIDS,0,600000,39809.148,4
RSIDS,0,600000,40536.000,5
RSIDS,0,600000,40182.719,6
RSIDS,0,800000,44645.432,2
RSIDS,0,800000,44077.861,3
RSIDS,0,800000,44978.869,4
RSIDS,0,800000,47802.633,5
RSIDS,0,800000,44563.216,6
RSIDS,0,1000000,49025.305,2
RSIDS,0,1000000,49318.822,3
RSIDS,0,1000000,48104.283,4
RSIDS,0,1000000,48696.763,5
RSIDS,0,1000000,50431.203,6
RSIDS,0,1200000,53293.696,2
RSIDS,0,1200000,53661.471,3
RSIDS,0,1200000,51006.585,4
RSIDS,0,1200000,59260.826,5
RSIDS,0,1200000,51602.592,6
RSIDS,0,1400000,56277.715,2
RSIDS,0,1400000,56889.876,3
RSIDS,0,1400000,67444.710,4
RSIDS,0,1400000,60992.698,5
RSIDS,0,1400000,54903.385,6
RSIDS,0,1600000,58925.360,2
RSIDS,0,1600000,62022.407,3
RSIDS,0,1600000,59119.421,4
RSIDS,0,1600000,57122.454,5
RSIDS,0,1600000,59521.113,6
RSIDS,0,1800000,61807.866,2
RSIDS,0,1800000,61645.669,3
RSIDS,0,1800000,65105.296,4
RSIDS,0,1800000,66482.186,5
RSIDS,0,1800000,62966.892,6
RSIDS,0,2000000,65496.093,2
RSIDS,0,2000000,68624.087,3
RSIDS,0,2000000,69844.176,4
RSIDS,0,2000000,71805.329,5
RSIDS,0,2000000,69189.397,6
RSIDS,1,1,28986.349,2
RSIDS,1,1,28359.973,3
RSIDS,1,1,28704.770,4
RSIDS,1,1,28362.939,5
RSIDS,1,1,28501.344,6
RSIDS,1,200000,29301.976,2
RSIDS,1,200000,28826.424,3
RSIDS,1,200000,28997.759,4
RSIDS,1,200000,29398.464,5
RSIDS,1,200000,29617.152,6
RSIDS,1,40000,32074.511,2
RSIDS,1,40000,32230.096,3
RSIDS,1,40000,32101.705,4
RSIDS,1,40000,33246.455,5
RSIDS,1,40000,31783.993,6
RSIDS,1,600000,40734.553,2
RSIDS,1,600000,41349.872,3
RSIDS,1,600000,38921.713,4
RSIDS,1,600000,38979.547,5
RSIDS,1,600000,39291.309,6
RSIDS,1,800000,43660.245,2
RSIDS,1,800000,46497.624,3
RSIDS,1,800000,46875.789,4
RSIDS,1,800000,44888.928,5
RSIDS,1,800000,45200.477,6
RSIDS,1,1000000,48041.588,2
RSIDS,1,1000000,48044.383,3
RSIDS,1,1000000,47542.199,4
RSIDS,1,1000000,49116.025,5
RSIDS,1,1000000,48047.934,6
RSIDS,1,1200000,56181.424,2
RSIDS,1,1200000,60972.537,3
RSIDS,1,1200000,52154.398,4
RSIDS,1,1200000,53963.811,5
RSIDS,1,1200000,50217.545,6
RSIDS,1,1400000,56284.900,2
RSIDS,1,1400000,54659.882,3
RSIDS,1,1400000,55568.377,4
RSIDS,1,1400000,56577.626,5
RSIDS,1,1400000,55606.095,6
RSIDS,1,1600000,64406.737,2
RSIDS,1,1600000,59610.761,3
RSIDS,1,1600000,60627.700,4
RSIDS,1,1600000,60209.408,5
RSIDS,1,1600000,59633.853,6
RSIDS,1,1800000,65920.582,2
RSIDS,1,1800000,66505.568,3
RSIDS,1,1800000,66270.951,4
RSIDS,1,1800000,67318.394,5
RSIDS,1,1800000,73738.838,6
RSIDS,1,2000000,70725.142,2
RSIDS,1,2000000,68985.839,3
RSIDS,1,2000000,69864.951,4
RSIDS,1,2000000,70086.831,5
RSIDS,1,2000000,69275.845,6
RSIDS,2,1,28859.734,2
RSIDS,2,1,29026.162,3
RSIDS,2,1,29000.655,4
RSIDS,2,1,28651.978,5
RSIDS,2,1,29344.061,6
RSIDS,2,200000,29705.394,2
RSIDS,2,200000,30136.008,3
RSIDS,2,200000,30315.078,4
RSIDS,2,200000,29672.260,5
RSIDS,2,200000,29381.801,6
RSIDS,2,40000,33741.636,2
RSIDS,2,40000,34824.142,3
RSIDS,2,40000,34915.392,4
RSIDS,2,40000,36210.815,5
RSIDS,2,40000,33909.552,6
RSIDS,2,600000,41260.036,2
RSIDS,2,600000,41197.134,3
RSIDS,2,600000,40176.826,4
RSIDS,2,600000,42188.200,5
RSIDS,2,600000,41615.044,6
RSIDS,2,800000,45995.011,2
RSIDS,2,800000,46715.674,3
RSIDS,2,800000,49937.381,4
RSIDS,2,800000,46558.546,5
RSIDS,2,800000,46457.791,6
RSIDS,2,1000000,52288.850,2
RSIDS,2,1000000,50470.793,3
RSIDS,2,1000000,49030.661,4
RSIDS,2,1000000,49660.785,5
RSIDS,2,1000000,49133.017,6
RSIDS,2,1200000,56076.379,2
RSIDS,2,1200000,58198.959,3
RSIDS,2,1200000,55936.725,4
RSIDS,2,1200000,54320.944,5
RSIDS,2,1200000,53990.694,6
RSIDS,2,1400000,56450.774,2
RSIDS,2,1400000,55861.544,3
RSIDS,2,1400000,58066.122,4
RSIDS,2,1400000,56455.674,5
RSIDS,2,1400000,59259.845,6
RSIDS,2,1600000,62101.762,2
RSIDS,2,1600000,60564.004,3
RSIDS,2,1600000,61500.088,4
RSIDS,2,1600000,60701.891,5
RSIDS,2,1600000,68106.307,6
RSIDS,2,1800000,66270.833,2
RSIDS,2,1800000,64324.049,3
RSIDS,2,1800000,63175.891,4
RSIDS,2,1800000,65221.328,5
RSIDS,2,1800000,65358.329,6
RSIDS,2,2000000,69742.298,2
RSIDS,2,2000000,68607.780,3
RSIDS,2,2000000,70351.726,4
RSIDS,2,2000000,67597.561,5
RSIDS,2,2000000,66454.312,6
RSIDS,3,1,29791.057,2
RSIDS,3,1,30317.046,3
RSIDS,3,1,28317.497,4
RSIDS,3,1,30554.665,5
RSIDS,3,1,29370.321,6
RSIDS,3,200000,30261.473,2
RSIDS,3,200000,29780.380,3
RSIDS,3,200000,29193.633,4
RSIDS,3,200000,29081.190,5
RSIDS,3,200000,29521.583,6
RSIDS,3,40000,32640.977,2
RSIDS,3,40000,32233.819,3
RSIDS,3,40000,33152.161,4
RSIDS,3,40000,32354.471,5
RSIDS,3,40000,32373.001,6
RSIDS,3,600000,41283.774,2
RSIDS,3,600000,41689.434,3
RSIDS,3,600000,40243.375,4
RSIDS,3,600000,41883.124,5
RSIDS,3,600000,40903.510,6
RSIDS,3,800000,44213.710,2
RSIDS,3,800000,47422.153,3
RSIDS,3,800000,44269.951,4
RSIDS,3,800000,45132.482,5
RSIDS,3,800000,46584.588,6
RSIDS,3,1000000,51479.154,2
RSIDS,3,1000000,47260.947,3
RSIDS,3,1000000,48744.784,4
RSIDS,3,1000000,51097.760,5
RSIDS,3,1000000,48523.899,6
RSIDS,3,1200000,50996.948,2
RSIDS,3,1200000,52255.470,3
RSIDS,3,1200000,50783.939,4
RSIDS,3,1200000,53383.309,5
RSIDS,3,1200000,52265.626,6
RSIDS,3,1400000,56384.183,2
RSIDS,3,1400000,57605.425,3
RSIDS,3,1400000,55770.950,4
RSIDS,3,1400000,54940.395,5
RSIDS,3,1400000,54183.668,6
RSIDS,3,1600000,60948.946,2
RSIDS,3,1600000,57247.441,3
RSIDS,3,1600000,60301.086,4
RSIDS,3,1600000,61515.290,5
RSIDS,3,1600000,58146.436,6
RSIDS,3,1800000,62820.830,2
RSIDS,3,1800000,70680.883,3
RSIDS,3,1800000,63400.774,4
RSIDS,3,1800000,63656.093,5
RSIDS,3,1800000,61947.988,6
RSIDS,3,2000000,71492.938,2
RSIDS,3,2000000,70319.226,3
RSIDS,3,2000000,68851.229,4
RSIDS,3,2000000,64217.348,5
RSIDS,3,2000000,70984.284,6
RSIDS,4,1,27957.282,2
RSIDS,4,1,28153.799,3
RSIDS,4,1,27997.313,4
RSIDS,4,1,27892.712,5
RSIDS,4,1,28101.493,6
RSIDS,4,200000,28976.965,2
RSIDS,4,200000,29252.823,3
RSIDS,4,200000,28773.237,4
RSIDS,4,200000,29128.788,5
RSIDS,4,200000,28803.891,6
RSIDS,4,40000,32073.083,2
RSIDS,4,40000,32479.401,3
RSIDS,4,40000,31876.221,4
RSIDS,4,40000,31986.913,5
RSIDS,4,40000,32792.680,6
RSIDS,4,600000,40542.043,2
RSIDS,4,600000,40320.581,3
RSIDS,4,600000,39702.933,4
RSIDS,4,600000,40111.704,5
RSIDS,4,600000,41874.486,6
RSIDS,4,800000,46356.022,2
RSIDS,4,800000,45121.440,3
RSIDS,4,800000,45595.451,4
RSIDS,4,800000,44263.864,5
RSIDS,4,800000,44558.696,6
RSIDS,4,1000000,48169.755,2
RSIDS,4,1000000,48859.127,3
RSIDS,4,1000000,51331.647,4
RSIDS,4,1000000,49884.969,5
RSIDS,4,1000000,49859.630,6
RSIDS,4,1200000,51353.596,2
RSIDS,4,1200000,51436.535,3
RSIDS,4,1200000,53055.556,4
RSIDS,4,1200000,51244.865,5
RSIDS,4,1200000,52976.928,6
RSIDS,4,1400000,63469.285,2
RSIDS,4,1400000,54330.760,3
RSIDS,4,1400000,56239.169,4
RSIDS,4,1400000,54136.009,5
RSIDS,4,1400000,55853.403,6
RSIDS,4,1600000,57834.837,2
RSIDS,4,1600000,59500.360,3
RSIDS,4,1600000,60955.482,4
RSIDS,4,1600000,59521.692,5
RSIDS,4,1600000,64049.802,6
RSIDS,4,1800000,62572.703,2
RSIDS,4,1800000,66975.267,3
RSIDS,4,1800000,66550.463,4
RSIDS,4,1800000,64571.728,5
RSIDS,4,1800000,68630.575,6
RSIDS,4,2000000,65675.758,2
RSIDS,4,2000000,71219.781,3
RSIDS,4,2000000,67983.797,4
RSIDS,4,2000000,67292.113,5
RSIDS,4,2000000,66155.012,6
RSIDS,5,1,27974.841,2
RSIDS,5,1,28173.939,3
RSIDS,5,1,28362.278,4
RSIDS,5,1,28644.119,5
RSIDS,5,1,28540.266,6
RSIDS,5,200000,29739.202,2
RSIDS,5,200000,29446.949,3
RSIDS,5,200000,29986.558,4
RSIDS,5,200000,30812.043,5
RSIDS,5,200000,29691.388,6
RSIDS,5,40000,36500.373,2
RSIDS,5,40000,34175.962,3
RSIDS,5,40000,33752.035,4
RSIDS,5,40000,32847.091,5
RSIDS,5,40000,32832.488,6
RSIDS,5,600000,39648.439,2
RSIDS,5,600000,39847.804,3
RSIDS,5,600000,40281.762,4
RSIDS,5,600000,41331.029,5
RSIDS,5,600000,42521.901,6
RSIDS,5,800000,47021.377,2
RSIDS,5,800000,43792.941,3
RSIDS,5,800000,43859.072,4
RSIDS,5,800000,45375.922,5
RSIDS,5,800000,45850.413,6
RSIDS,5,1000000,62031.334,2
RSIDS,5,1000000,49697.055,3
RSIDS,5,1000000,47622.205,4
RSIDS,5,1000000,48947.447,5
RSIDS,5,1000000,49857.821,6
RSIDS,5,1200000,52842.639,2
RSIDS,5,1200000,52712.588,3
RSIDS,5,1200000,50180.481,4
RSIDS,5,1200000,51234.414,5
RSIDS,5,1200000,51830.352,6
RSIDS,5,1400000,54963.311,2
RSIDS,5,1400000,63679.796,3
RSIDS,5,1400000,56148.245,4
RSIDS,5,1400000,54245.183,5
RSIDS,5,1400000,57004.971,6
RSIDS,5,1600000,65196.533,2
RSIDS,5,1600000,62769.640,3
RSIDS,5,1600000,60911.465,4
RSIDS,5,1600000,60915.497,5
RSIDS,5,1600000,60234.597,6
RSIDS,5,1800000,61185.635,2
RSIDS,5,1800000,63853.061,3
RSIDS,5,1800000,63850.567,4
RSIDS,5,1800000,63890.064,5
RSIDS,5,1800000,67060.258,6
RSIDS,5,2000000,69685.913,2
RSIDS,5,2000000,73253.187,3
RSIDS,5,2000000,72209.063,4
RSIDS,5,2000000,71185.424,5
RSIDS,5,2000000,71399.241,6
RSIDS,6,1,28351.473,2
RSIDS,6,1,28443.114,3
RSIDS,6,1,28559.185,4
RSIDS,6,1,28494.251,5
RSIDS,6,1,29159.129,6
RSIDS,6,200000,29005.402,2
RSIDS,6,200000,29333.458,3
RSIDS,6,200000,29178.392,4
RSIDS,6,200000,29277.449,5
RSIDS,6,200000,29285.800,6
RSIDS,6,40000,33016.024,2
RSIDS,6,40000,32372.664,3
RSIDS,6,40000,32857.107,4
RSIDS,6,40000,32390.168,5
RSIDS,6,40000,32840.739,6
RSIDS,6,600000,43360.284,2
RSIDS,6,600000,45820.249,3
RSIDS,6,600000,43063.297,4
RSIDS,6,600000,42856.436,5
RSIDS,6,600000,41865.557,6
RSIDS,6,800000,43735.777,2
RSIDS,6,800000,44450.093,3
RSIDS,6,800000,44970.645,4
RSIDS,6,800000,45026.283,5
RSIDS,6,800000,44945.562,6
RSIDS,6,1000000,48686.847,2
RSIDS,6,1000000,48609.807,3
RSIDS,6,1000000,50367.910,4
RSIDS,6,1000000,50417.723,5
RSIDS,6,1000000,49758.604,6
RSIDS,6,1200000,52450.703,2
RSIDS,6,1200000,57499.964,3
RSIDS,6,1200000,53467.959,4
RSIDS,6,1200000,52635.309,5
RSIDS,6,1200000,56366.688,6
RSIDS,6,1400000,56775.496,2
RSIDS,6,1400000,58697.426,3
RSIDS,6,1400000,55983.455,4
RSIDS,6,1400000,59100.808,5
RSIDS,6,1400000,56401.240,6
RSIDS,6,1600000,65300.835,2
RSIDS,6,1600000,61812.019,3
RSIDS,6,1600000,61735.928,4
RSIDS,6,1600000,63659.982,5
RSIDS,6,1600000,63311.570,6
RSIDS,6,1800000,70764.609,2
RSIDS,6,1800000,76623.791,3
RSIDS,6,1800000,70659.631,4
RSIDS,6,1800000,66375.584,5
RSIDS,6,1800000,69815.709,6
RSIDS,6,2000000,68283.003,2
RSIDS,6,2000000,70713.676,3
RSIDS,6,2000000,72079.993,4
RSIDS,6,2000000,71685.111,5
RSIDS,6,2000000,73629.050,6
RSIDS,7,1,28570.623,2
RSIDS,7,1,28450.589,3
RSIDS,7,1,28423.896,4
RSIDS,7,1,29838.482,5
RSIDS,7,1,29256.255,6
RSIDS,7,200000,30814.022,2
RSIDS,7,200000,29935.089,3
RSIDS,7,200000,30862.338,4
RSIDS,7,200000,29757.966,5
RSIDS,7,200000,30235.281,6
RSIDS,7,40000,33474.313,2
RSIDS,7,40000,32881.696,3
RSIDS,7,40000,32797.883,4
RSIDS,7,40000,32644.025,5
RSIDS,7,40000,33374.476,6
RSIDS,7,600000,40931.186,2
RSIDS,7,600000,39394.693,3
RSIDS,7,600000,39933.601,4
RSIDS,7,600000,40076.234,5
RSIDS,7,600000,39270.004,6
RSIDS,7,800000,43271.139,2
RSIDS,7,800000,43298.617,3
RSIDS,7,800000,48262.884,4
RSIDS,7,800000,44873.561,5
RSIDS,7,800000,43975.578,6
RSIDS,7,1000000,47211.409,2
RSIDS,7,1000000,50800.966,3
RSIDS,7,1000000,50833.832,4
RSIDS,7,1000000,50122.578,5
RSIDS,7,1000000,51024.086,6
RSIDS,7,1200000,51495.253,2
RSIDS,7,1200000,54003.832,3
RSIDS,7,1200000,51528.156,4
RSIDS,7,1200000,59102.305,5
RSIDS,7,1200000,50607.302,6
RSIDS,7,1400000,56867.088,2
RSIDS,7,1400000,56322.523,3
RSIDS,7,1400000,54896.720,4
RSIDS,7,1400000,56073.906,5
RSIDS,7,1400000,57912.531,6
RSIDS,7,1600000,62299.736,2
RSIDS,7,1600000,61784.858,3
RSIDS,7,1600000,64363.108,4
RSIDS,7,1600000,59677.460,5
RSIDS,7,1600000,59981.734,6
RSIDS,7,1800000,65012.738,2
RSIDS,7,1800000,63341.037,3
RSIDS,7,1800000,63357.617,4
RSIDS,7,1800000,67286.068,5
RSIDS,7,1800000,64978.248,6
RSIDS,7,2000000,66586.618,2
RSIDS,7,2000000,69517.206,3
RSIDS,7,2000000,74557.346,4
RSIDS,7,2000000,69575.782,5
RSIDS,7,2000000,68750.381,6
RSIDS,8,1,27992.430,2
RSIDS,8,1,27969.567,3
RSIDS,8,1,28199.472,4
RSIDS,8,1,27733.239,5
RSIDS,8,1,28061.173,6
RSIDS,8,200000,28863.206,2
RSIDS,8,200000,28950.186,3
RSIDS,8,200000,28705.366,4
RSIDS,8,200000,28642.694,5
RSIDS,8,200000,28803.142,6
RSIDS,8,40000,32170.542,2
RSIDS,8,40000,32474.823,3
RSIDS,8,40000,32361.780,4
RSIDS,8,40000,32214.260,5
RSIDS,8,40000,32250.833,6
RSIDS,8,600000,42163.957,2
RSIDS,8,600000,40559.341,3
RSIDS,8,600000,39372.200,4
RSIDS,8,600000,41035.946,5
RSIDS,8,600000,40276.396,6
RSIDS,8,800000,46400.940,2
RSIDS,8,800000,45507.358,3
RSIDS,8,800000,47162.511,4
RSIDS,8,800000,44220.662,5
RSIDS,8,800000,43665.814,6
RSIDS,8,1000000,47221.961,2
RSIDS,8,1000000,49384.006,3
RSIDS,8,1000000,47916.885,4
RSIDS,8,1000000,50890.786,5
RSIDS,8,1000000,50001.233,6
RSIDS,8,1200000,51589.323,2
RSIDS,8,1200000,50959.041,3
RSIDS,8,1200000,51017.773,4
RSIDS,8,1200000,55449.014,5
RSIDS,8,1200000,52414.907,6
RSIDS,8,1400000,54260.909,2
RSIDS,8,1400000,55687.121,3
RSIDS,8,1400000,55847.941,4
RSIDS,8,1400000,55079.991,5
RSIDS,8,1400000,56711.800,6
RSIDS,8,1600000,59151.953,2
RSIDS,8,1600000,58831.735,3
RSIDS,8,1600000,59044.048,4
RSIDS,8,1600000,61030.193,5
RSIDS,8,1600000,63961.644,6
RSIDS,8,1800000,62826.692,2
RSIDS,8,1800000,63609.915,3
RSIDS,8,1800000,62617.896,4
RSIDS,8,1800000,65958.195,5
RSIDS,8,1800000,66622.939,6
RSIDS,8,2000000,69678.563,2
RSIDS,8,2000000,72174.622,3
RSIDS,8,2000000,72733.232,4
RSIDS,8,2000000,70270.461,5
RSIDS,8,2000000,66477.165,6
RSIDS,9,1,28397.249,2
RSIDS,9,1,28385.231,3
RSIDS,9,1,28629.794,4
RSIDS,9,1,28368.815,5
RSIDS,9,1,28147.354,6
RSIDS,9,200000,29974.717,2
RSIDS,9,200000,29302.057,3
RSIDS,9,200000,29785.696,4
RSIDS,9,200000,30482.227,5
RSIDS,9,200000,29721.333,6
RSIDS,9,40000,33159.603,2
RSIDS,9,40000,34158.503,3
RSIDS,9,40000,32732.439,4
RSIDS,9,40000,35854.471,5
RSIDS,9,40000,32945.989,6
RSIDS,9,600000,40329.268,2
RSIDS,9,600000,40118.942,3
RSIDS,9,600000,39922.307,4
RSIDS,9,600000,44075.420,5
RSIDS,9,600000,52104.554,6
RSIDS,9,800000,49934.206,2
RSIDS,9,800000,44155.932,3
RSIDS,9,800000,45624.042,4
RSIDS,9,800000,61977.758,5
RSIDS,9,800000,63868.119,6
RSIDS,9,1000000,71658.736,2
RSIDS,9,1000000,59825.114,3
RSIDS,9,1000000,48411.990,4
RSIDS,9,1000000,52727.321,5
RSIDS,9,1000000,50969.577,6
RSIDS,9,1200000,52846.982,2
RSIDS,9,1200000,51492.244,3
RSIDS,9,1200000,51872.701,4
RSIDS,9,1200000,51336.554,5
RSIDS,9,1200000,51690.561,6
RSIDS,9,1400000,55629.954,2
RSIDS,9,1400000,55256.343,3
RSIDS,9,1400000,60443.248,4
RSIDS,9,1400000,61101.597,5
RSIDS,9,1400000,54191.725,6
RSIDS,9,1600000,61582.445,2
RSIDS,9,1600000,59118.857,3
RSIDS,9,1600000,61606.947,4
RSIDS,9,1600000,59686.493,5
RSIDS,9,1600000,61280.810,6
RSIDS,9,1800000,64106.112,2
RSIDS,9,1800000,64893.986,3
RSIDS,9,1800000,63710.317,4
RSIDS,9,1800000,63255.459,5
RSIDS,9,1800000,65227.223,6
RSIDS,9,2000000,65701.555,2
RSIDS,9,2000000,68260.577,3
RSIDS,9,2000000,67132.555,4
RSIDS,9,2000000,69587.379,5
RSIDS,9,2000000,74183.405,6
RSIDS,10,1,28685.075,2
RSIDS,10,1,28929.033,3
RSIDS,10,1,29009.669,4
RSIDS,10,1,28753.676,5
RSIDS,10,1,28281.023,6
RSIDS,10,200000,29670.591,2
RSIDS,10,200000,29773.929,3
RSIDS,10,200000,29284.653,4
RSIDS,10,200000,30228.201,5
RSIDS,10,200000,29660.653,6
RSIDS,10,40000,32960.171,2
RSIDS,10,40000,34383.801,3
RSIDS,10,40000,32269.227,4
RSIDS,10,40000,32781.026,5
RSIDS,10,40000,33244.979,6
RSIDS,10,600000,40366.867,2
RSIDS,10,600000,41331.350,3
RSIDS,10,600000,46079.586,4
RSIDS,10,600000,41660.207,5
RSIDS,10,600000,41968.588,6
RSIDS,10,800000,45328.095,2
RSIDS,10,800000,44819.531,3
RSIDS,10,800000,47686.032,4
RSIDS,10,800000,45480.144,5
RSIDS,10,800000,44380.581,6
RSIDS,10,1000000,48561.059,2
RSIDS,10,1000000,49433.681,3
RSIDS,10,1000000,49354.404,4
RSIDS,10,1000000,48472.466,5
RSIDS,10,1000000,49643.541,6
RSIDS,10,1200000,56161.172,2
RSIDS,10,1200000,58208.838,3
RSIDS,10,1200000,53202.529,4
RSIDS,10,1200000,50252.075,5
RSIDS,10,1200000,55280.669,6
RSIDS,10,1400000,57018.441,2
RSIDS,10,1400000,55838.614,3
RSIDS,10,1400000,55824.457,4
RSIDS,10,1400000,53986.102,5
RSIDS,10,1400000,58828.605,6
RSIDS,10,1600000,59463.589,2
RSIDS,10,1600000,63056.825,3
RSIDS,10,1600000,63839.799,4
RSIDS,10,1600000,60858.094,5
RSIDS,10,1600000,59989.153,6
RSIDS,10,1800000,65913.135,2
RSIDS,10,1800000,64648.381,3
RSIDS,10,1800000,63293.616,4
RSIDS,10,1800000,63495.924,5
RSIDS,10,1800000,66848.914,6
RSIDS,10,2000000,69101.513,2
RSIDS,10,2000000,68670.983,3
RSIDS,10,2000000,68304.896,4
RSIDS,10,2000000,65231.134,5
RSIDS,10,2000000,73878.362,6
RSIDS,11,1,29245.099,2
RSIDS,11,1,28952.884,3
RSIDS,11,1,28586.110,4
RSIDS,11,1,29110.455,5
RSIDS,11,1,28313.252,6
RSIDS,11,200000,29399.409,2
RSIDS,11,200000,29536.146,3
RSIDS,11,200000,28836.162,4
RSIDS,11,200000,30822.139,5
RSIDS,11,200000,32411.982,6
RSIDS,11,40000,32449.928,2
RSIDS,11,40000,32671.320,3
RSIDS,11,40000,32000.767,4
RSIDS,11,40000,31827.146,5
RSIDS,11,40000,32386.333,6
RSIDS,11,600000,40245.180,2
RSIDS,11,600000,40001.056,3
RSIDS,11,600000,40226.388,4
RSIDS,11,600000,41408.139,5
RSIDS,11,600000,40402.025,6
RSIDS,11,800000,43367.930,2
RSIDS,11,800000,43490.019,3
RSIDS,11,800000,44052.555,4
RSIDS,11,800000,43111.297,5
RSIDS,11,800000,43170.905,6
RSIDS,11,1000000,48004.144,2
RSIDS,11,1000000,47989.356,3
RSIDS,11,1000000,47079.046,4
RSIDS,11,1000000,48522.403,5
RSIDS,11,1000000,47402.371,6
RSIDS,11,1200000,51187.820,2
RSIDS,11,1200000,50316.105,3
RSIDS,11,1200000,52515.580,4
RSIDS,11,1200000,51538.082,5
RSIDS,11,1200000,50990.393,6
RSIDS,11,1400000,53897.767,2
RSIDS,11,1400000,54871.065,3
RSIDS,11,1400000,53480.969,4
RSIDS,11,1400000,54634.704,5
RSIDS,11,1400000,53606.054,6
RSIDS,11,1600000,58736.468,2
RSIDS,11,1600000,60511.001,3
RSIDS,11,1600000,59867.401,4
RSIDS,11,1600000,59619.930,5
RSIDS,11,1600000,61709.428,6
RSIDS,11,1800000,60035.098,2
RSIDS,11,1800000,61454.867,3
RSIDS,11,1800000,61163.278,4
RSIDS,11,1800000,59182.467,5
RSIDS,11,1800000,61676.083,6
RSIDS,11,2000000,64471.891,2
RSIDS,11,2000000,63833.725,3
RSIDS,11,2000000,63983.687,4
RSIDS,11,2000000,62585.485,5
RSIDS,11,2000000,64693.116,6
RSIDS,12,1,27651.850,2
RSIDS,12,1,28926.116,3
RSIDS,12,1,27723.822,4
RSIDS,12,1,28843.376,5
RSIDS,12,1,28425.293,6
RSIDS,12,200000,28457.948,2
RSIDS,12,200000,28514.844,3
RSIDS,12,200000,28338.149,4
RSIDS,12,200000,28444.931,5
RSIDS,12,200000,28473.603,6
RSIDS,12,40000,31688.468,2
RSIDS,12,40000,31802.852,3
RSIDS,12,40000,32369.913,4
RSIDS,12,40000,31479.008,5
RSIDS,12,40000,31331.322,6
RSIDS,12,600000,38884.255,2
RSIDS,12,600000,38045.664,3
RSIDS,12,600000,38162.562,4
RSIDS,12,600000,38105.410,5
RSIDS,12,600000,38455.327,6
RSIDS,12,800000,41749.093,2
RSIDS,12,800000,41797.332,3
RSIDS,12,800000,42302.806,4
RSIDS,12,800000,42446.744,5
RSIDS,12,800000,42803.785,6
RSIDS,12,1000000,46996.612,2
RSIDS,12,1000000,45771.203,3
RSIDS,12,1000000,48621.734,4
RSIDS,12,1000000,49007.431,5
RSIDS,12,1000000,45578.796,6
RSIDS,12,1200000,48422.703,2
RSIDS,12,1200000,49645.231,3
RSIDS,12,1200000,48910.860,4
RSIDS,12,1200000,48214.437,5
RSIDS,12,1200000,49794.716,6
RSIDS,12,1400000,52001.035,2
RSIDS,12,1400000,54807.382,3
RSIDS,12,1400000,53076.101,4
RSIDS,12,1400000,52769.725,5
RSIDS,12,1400000,54735.770,6
RSIDS,12,1600000,56718.863,2
RSIDS,12,1600000,56937.790,3
RSIDS,12,1600000,58015.019,4
RSIDS,12,1600000,58562.044,5
RSIDS,12,1600000,59288.765,6
RSIDS,12,1800000,61721.477,2
RSIDS,12,1800000,58862.329,3
RSIDS,12,1800000,64405.985,4
RSIDS,12,1800000,60060.271,5
RSIDS,12,1800000,57848.911,6
RSIDS,12,2000000,65289.975,2
RSIDS,12,2000000,63133.241,3
RSIDS,12,2000000,62938.070,4
RSIDS,12,2000000,61289.824,5
RSIDS,12,2000000,63179.244,6
RSIDS,13,1,27483.508,2
RSIDS,13,1,27787.578,3
RSIDS,13,1,27628.318,4
RSIDS,13,1,28606.100,5
RSIDS,13,1,31267.521,6
RSIDS,13,200000,28577.478,2
RSIDS,13,200000,29366.977,3
RSIDS,13,200000,30933.685,4
RSIDS,13,200000,28225.944,5
RSIDS,13,200000,30867.711,6
RSIDS,13,40000,31838.492,2
RSIDS,13,40000,31313.553,3
RSIDS,13,40000,32668.944,4
RSIDS,13,40000,31461.490,5
RSIDS,13,40000,31795.702,6
RSIDS,13,600000,38726.246,2
RSIDS,13,600000,39203.840,3
RSIDS,13,600000,39515.961,4
RSIDS,13,600000,39596.228,5
RSIDS,13,600000,39937.504,6
RSIDS,13,800000,42289.657,2
RSIDS,13,800000,42618.992,3
RSIDS,13,800000,42737.187,4
RSIDS,13,800000,42924.201,5
RSIDS,13,800000,42342.138,6
RSIDS,13,1000000,45216.685,2
RSIDS,13,1000000,45621.431,3
RSIDS,13,1000000,45061.696,4
RSIDS,13,1000000,49392.780,5
RSIDS,13,1000000,48208.967,6
RSIDS,13,1200000,53508.432,2
RSIDS,13,1200000,55867.728,3
RSIDS,13,1200000,49054.749,4
RSIDS,13,1200000,50135.668,5
RSIDS,13,1200000,48395.819,6
RSIDS,13,1400000,53085.826,2
RSIDS,13,1400000,53841.684,3
RSIDS,13,1400000,52838.068,4
RSIDS,13,1400000,52031.528,5
RSIDS,13,1400000,52491.265,6
RSIDS,13,1600000,56543.764,2
RSIDS,13,1600000,59799.593,3
RSIDS,13,1600000,67252.185,4
RSIDS,13,1600000,58651.761,5
RSIDS,13,1600000,59127.242,6
RSIDS,13,1800000,62647.134,2
RSIDS,13,1800000,62391.669,3
RSIDS,13,1800000,59806.469,4
RSIDS,13,1800000,66632.154,5
RSIDS,13,1800000,61508.838,6
RSIDS,13,2000000,64696.030,2
RSIDS,13,2000000,64323.125,3
RSIDS,13,2000000,66950.714,4
RSIDS,13,2000000,63310.921,5
RSIDS,13,2000000,62999.578,6
RSIDS,14,1,28127.373,2
RSIDS,14,1,29949.480,3
RSIDS,14,1,27830.073,4
RSIDS,14,1,31633.840,5
RSIDS,14,1,27807.460,6
RSIDS,14,200000,28336.172,2
RSIDS,14,200000,29125.030,3
RSIDS,14,200000,31609.611,4
RSIDS,14,200000,30972.923,5
RSIDS,14,200000,28511.848,6
RSIDS,14,40000,31488.588,2
RSIDS,14,40000,31857.111,3
RSIDS,14,40000,33127.599,4
RSIDS,14,40000,31909.437,5
RSIDS,14,40000,31309.874,6
RSIDS,14,600000,40277.156,2
RSIDS,14,600000,38784.079,3
RSIDS,14,600000,38532.589,4
RSIDS,14,600000,38641.046,5
RSIDS,14,600000,38968.838,6
RSIDS,14,800000,41798.395,2
RSIDS,14,800000,42444.333,3
RSIDS,14,800000,42591.851,4
RSIDS,14,800000,42111.623,5
RSIDS,14,800000,41708.824,6
RSIDS,14,1000000,44818.365,2
RSIDS,14,1000000,47158.576,3
RSIDS,14,1000000,45566.856,4
RSIDS,14,1000000,47269.385,5
RSIDS,14,1000000,50002.245,6
RSIDS,14,1200000,49066.637,2
RSIDS,14,1200000,49752.358,3
RSIDS,14,1200000,48851.697,4
RSIDS,14,1200000,49325.304,5
RSIDS,14,1200000,54709.972,6
RSIDS,14,1400000,53343.514,2
RSIDS,14,1400000,56557.531,3
RSIDS,14,1400000,53425.932,4
RSIDS,14,1400000,52336.524,5
RSIDS,14,1400000,52693.675,6
RSIDS,14,1600000,55564.663,2
RSIDS,14,1600000,56712.850,3
RSIDS,14,1600000,55670.316,4
RSIDS,14,1600000,58769.540,5
RSIDS,14,1600000,58836.033,6
RSIDS,14,1800000,59253.348,2
RSIDS,14,1800000,65692.885,3
RSIDS,14,1800000,59446.952,4
RSIDS,14,1800000,61627.762,5
RSIDS,14,1800000,58693.799,6
RSIDS,14,2000000,65797.144,2
RSIDS,14,2000000,65669.624,3
RSIDS,14,2000000,63687.022,4
RSIDS,14,2000000,64267.799,5
RSIDS,14,2000000,63861.022,6
RSIDS,15,1,27577.327,2
RSIDS,15,1,27384.245,3
RSIDS,15,1,27672.520,4
RSIDS,15,1,27571.008,5
RSIDS,15,1,28084.708,6
RSIDS,15,200000,33297.993,2
RSIDS,15,200000,28981.722,3
RSIDS,15,200000,29685.412,4
RSIDS,15,200000,28587.864,5
RSIDS,15,200000,28355.889,6
RSIDS,15,40000,31535.324,2
RSIDS,15,40000,31829.269,3
RSIDS,15,40000,31499.694,4
RSIDS,15,40000,31649.366,5
RSIDS,15,40000,31474.287,6
RSIDS,15,600000,39066.870,2
RSIDS,15,600000,39000.630,3
RSIDS,15,600000,39787.211,4
RSIDS,15,600000,38509.738,5
RSIDS,15,600000,38492.240,6
RSIDS,15,800000,41888.752,2
RSIDS,15,800000,42307.721,3
RSIDS,15,800000,43617.878,4
RSIDS,15,800000,45502.732,5
RSIDS,15,800000,42616.057,6
RSIDS,15,1000000,45586.307,2
RSIDS,15,1000000,46086.659,3
RSIDS,15,1000000,46458.522,4
RSIDS,15,1000000,46347.968,5
RSIDS,15,1000000,46608.925,6
RSIDS,15,1200000,52644.897,2
RSIDS,15,1200000,50982.435,3
RSIDS,15,1200000,49260.535,4
RSIDS,15,1200000,51205.462,5
RSIDS,15,1200000,49919.996,6
RSIDS,15,1400000,53318.655,2
RSIDS,15,1400000,52749.663,3
RSIDS,15,1400000,53782.916,4
RSIDS,15,1400000,52069.203,5
RSIDS,15,1400000,52839.398,6
RSIDS,15,1600000,56742.108,2
RSIDS,15,1600000,56986.335,3
RSIDS,15,1600000,57860.877,4
RSIDS,15,1600000,57764.854,5
RSIDS,15,1600000,56338.553,6
RSIDS,15,1800000,60997.420,2
RSIDS,15,1800000,61043.523,3
RSIDS,15,1800000,61989.881,4
RSIDS,15,1800000,60923.930,5
RSIDS,15,1800000,60752.386,6
RSIDS,15,2000000,62981.698,2
RSIDS,15,2000000,61996.727,3
RSIDS,15,2000000,64458.178,4
RSIDS,15,2000000,66595.614,5
RSIDS,15,2000000,63794.927,6
RSIDS,16,1,27588.836,2
RSIDS,16,1,27724.032,3
RSIDS,16,1,27674.570,4
RSIDS,16,1,27652.418,5
RSIDS,16,1,27857.728,6
RSIDS,16,200000,28312.211,2
RSIDS,16,200000,28552.550,3
RSIDS,16,200000,29283.529,4
RSIDS,16,200000,28306.269,5
RSIDS,16,200000,29620.208,6
RSIDS,16,40000,31573.383,2
RSIDS,16,40000,31262.711,3
RSIDS,16,40000,32641.394,4
RSIDS,16,40000,31306.602,5
RSIDS,16,40000,31892.576,6
RSIDS,16,600000,38739.725,2
RSIDS,16,600000,38985.731,3
RSIDS,16,600000,39597.402,4
RSIDS,16,600000,38687.763,5
RSIDS,16,600000,38943.256,6
RSIDS,16,800000,42336.350,2
RSIDS,16,800000,42794.505,3
RSIDS,16,800000,45465.002,4
RSIDS,16,800000,41828.203,5
RSIDS,16,800000,42087.441,6
RSIDS,16,1000000,45774.069,2
RSIDS,16,1000000,44857.343,3
RSIDS,16,1000000,45880.740,4
RSIDS,16,1000000,45762.070,5
RSIDS,16,1000000,45883.107,6
RSIDS,16,1200000,48756.755,2
RSIDS,16,1200000,49668.767,3
RSIDS,16,1200000,49128.190,4
RSIDS,16,1200000,49617.752,5
RSIDS,16,1200000,51847.676,6
RSIDS,16,1400000,53287.221,2
RSIDS,16,1400000,52247.924,3
RSIDS,16,1400000,52841.647,4
RSIDS,16,1400000,52141.413,5
RSIDS,16,1400000,52978.469,6
RSIDS,16,1600000,56301.490,2
RSIDS,16,1600000,56717.127,3
RSIDS,16,1600000,54997.338,4
RSIDS,16,1600000,57079.191,5
RSIDS,16,1600000,55916.841,6
RSIDS,16,1800000,58586.438,2
RSIDS,16,1800000,59235.731,3
RSIDS,16,1800000,60350.495,4
RSIDS,16,1800000,59464.543,5
RSIDS,16,1800000,59313.586,6
RSIDS,16,2000000,65644.585,2
RSIDS,16,2000000,64528.992,3
RSIDS,16,2000000,64242.881,4
RSIDS,16,2000000,64779.190,5
RSIDS,16,2000000,62195.492,6
RSIDS,17,1,27552.450,2
RSIDS,17,1,27675.033,3
RSIDS,17,1,27549.215,4
RSIDS,17,1,27788.459,5
RSIDS,17,1,27582.141,6
RSIDS,17,200000,28456.529,2
RSIDS,17,200000,28359.981,3
RSIDS,17,200000,28875.743,4
RSIDS,17,200000,28408.063,5
RSIDS,17,200000,29282.436,6
RSIDS,17,40000,31764.473,2
RSIDS,17,40000,31462.545,3
RSIDS,17,40000,32795.888,4
RSIDS,17,40000,31434.208,5
RSIDS,17,40000,31264.534,6
RSIDS,17,600000,39515.350,2
RSIDS,17,600000,38017.193,3
RSIDS,17,600000,38194.024,4
RSIDS,17,600000,38708.498,5
RSIDS,17,600000,39638.578,6
RSIDS,17,800000,43426.547,2
RSIDS,17,800000,42766.963,3
RSIDS,17,800000,45296.958,4
RSIDS,17,800000,43616.953,5
RSIDS,17,800000,43439.796,6
RSIDS,17,1000000,46532.535,2
RSIDS,17,1000000,46013.612,3
RSIDS,17,1000000,45230.172,4
RSIDS,17,1000000,45442.495,5
RSIDS,17,1000000,45686.728,6
RSIDS,17,1200000,48618.337,2
RSIDS,17,1200000,49090.072,3
RSIDS,17,1200000,49579.061,4
RSIDS,17,1200000,49225.639,5
RSIDS,17,1200000,49815.383,6
RSIDS,17,1400000,54535.185,2
RSIDS,17,1400000,51734.926,3
RSIDS,17,1400000,57340.913,4
RSIDS,17,1400000,52403.783,5
RSIDS,17,1400000,53887.529,6
RSIDS,17,1600000,56116.587,2
RSIDS,17,1600000,54933.592,3
RSIDS,17,1600000,56039.346,4
RSIDS,17,1600000,56608.892,5
RSIDS,17,1600000,57168.797,6
RSIDS,17,1800000,58508.382,2
RSIDS,17,1800000,60421.497,3
RSIDS,17,1800000,61476.982,4
RSIDS,17,1800000,59707.896,5
RSIDS,17,1800000,58293.887,6
RSIDS,17,2000000,63753.774,2
RSIDS,17,2000000,62809.751,3
RSIDS,17,2000000,64126.177,4
RSIDS,17,2000000,64080.009,5
RSIDS,17,2000000,64118.054,6
RSIDS,18,1,27813.501,2
RSIDS,18,1,28268.623,3
RSIDS,18,1,27461.300,4
RSIDS,18,1,27699.486,5
RSIDS,18,1,27564.917,6
RSIDS,18,200000,28369.864,2
RSIDS,18,200000,28487.206,3
RSIDS,18,200000,28285.094,4
RSIDS,18,200000,28541.668,5
RSIDS,18,200000,28331.406,6
RSIDS,18,40000,31152.889,2
RSIDS,18,40000,31453.690,3
RSIDS,18,40000,31415.689,4
RSIDS,18,40000,31638.689,5
RSIDS,18,40000,31686.173,6
RSIDS,18,600000,39142.350,2
RSIDS,18,600000,39821.100,3
RSIDS,18,600000,39696.625,4
RSIDS,18,600000,37990.915,5
RSIDS,18,600000,38252.741,6
RSIDS,18,800000,42591.935,2
RSIDS,18,800000,42745.564,3
RSIDS,18,800000,41901.906,4
RSIDS,18,800000,41692.559,5
RSIDS,18,800000,43450.227,6
RSIDS,18,1000000,49264.454,2
RSIDS,18,1000000,45512.610,3
RSIDS,18,1000000,47048.034,4
RSIDS,18,1000000,46509.248,5
RSIDS,18,1000000,44956.512,6
RSIDS,18,1200000,49090.413,2
RSIDS,18,1200000,49108.281,3
RSIDS,18,1200000,49073.726,4
RSIDS,18,1200000,48763.040,5
RSIDS,18,1200000,48776.502,6
RSIDS,18,1400000,53062.786,2
RSIDS,18,1400000,52712.161,3
RSIDS,18,1400000,54278.322,4
RSIDS,18,1400000,56235.456,5
RSIDS,18,1400000,61963.107,6
RSIDS,18,1600000,56435.004,2
RSIDS,18,1600000,56684.728,3
RSIDS,18,1600000,54803.783,4
RSIDS,18,1600000,58219.117,5
RSIDS,18,1600000,58703.336,6
RSIDS,18,1800000,61652.573,2
RSIDS,18,1800000,60163.592,3
RSIDS,18,1800000,60883.308,4
RSIDS,18,1800000,63958.926,5
RSIDS,18,1800000,61134.327,6
RSIDS,18,2000000,63395.195,2
RSIDS,18,2000000,62638.249,3
RSIDS,18,2000000,67177.461,4
RSIDS,18,2000000,62570.381,5
RSIDS,18,2000000,63610.912,6
RSIDS,19,1,27636.409,2
RSIDS,19,1,27694.922,3
RSIDS,19,1,27750.205,4
RSIDS,19,1,27629.883,5
RSIDS,19,1,27621.115,6
RSIDS,19,200000,28656.170,2
RSIDS,19,200000,28407.236,3
RSIDS,19,200000,28941.828,4
RSIDS,19,200000,28646.780,5
RSIDS,19,200000,28501.080,6
RSIDS,19,40000,31388.588,2
RSIDS,19,40000,31814.635,3
RSIDS,19,40000,31391.743,4
RSIDS,19,40000,31475.367,5
RSIDS,19,40000,31289.976,6
RSIDS,19,600000,39154.405,2
RSIDS,19,600000,38880.750,3
RSIDS,19,600000,38411.163,4
RSIDS,19,600000,39836.147,5
RSIDS,19,600000,40994.508,6
RSIDS,19,800000,42755.158,2
RSIDS,19,800000,44158.463,3
RSIDS,19,800000,42550.951,4
RSIDS,19,800000,42389.362,5
RSIDS,19,800000,41423.821,6
RSIDS,19,1000000,45095.474,2
RSIDS,19,1000000,45430.183,3
RSIDS,19,1000000,48744.983,4
RSIDS,19,1000000,45025.717,5
RSIDS,19,1000000,47136.998,6
RSIDS,19,1200000,49575.801,2
RSIDS,19,1200000,49243.666,3
RSIDS,19,1200000,49214.096,4
RSIDS,19,1200000,50365.407,5
RSIDS,19,1200000,51263.626,6
RSIDS,19,1400000,52081.616,2
RSIDS,19,1400000,54029.075,3
RSIDS,19,1400000,52354.357,4
RSIDS,19,1400000,57598.290,5
RSIDS,19,1400000,54141.210,6
RSIDS,19,1600000,54663.269,2
RSIDS,19,1600000,56264.730,3
RSIDS,19,1600000,55274.028,4
RSIDS,19,1600000,56336.059,5
RSIDS,19,1600000,55151.920,6
RSIDS,19,1800000,59465.930,2
RSIDS,19,1800000,59626.423,3
RSIDS,19,1800000,60255.766,4
RSIDS,19,1800000,59634.200,5
RSIDS,19,1800000,59095.459,6
RSIDS,19,2000000,67824.445,2
RSIDS,19,2000000,65368.581,3
RSIDS,19,2000000,64639.742,4
RSIDS,19,2000000,62952.872,5
RSIDS,19,2000000,62911.558,6
RSIDS,20,1,28476.999,2
RSIDS,20,1,27610.720,3
RSIDS,20,1,27641.992,4
RSIDS,20,1,27518.403,5
RSIDS,20,1,27633.469,6
RSIDS,20,200000,28393.390,2
RSIDS,20,200000,28435.232,3
RSIDS,20,200000,28561.096,4
RSIDS,20,200000,28312.805,5
RSIDS,20,200000,28683.528,6
RSIDS,20,40000,31527.787,2
RSIDS,20,40000,31376.682,3
RSIDS,20,40000,31349.810,4
RSIDS,20,40000,31421.834,5
RSIDS,20,40000,31699.245,6
RSIDS,20,600000,38449.328,2
RSIDS,20,600000,39071.663,3
RSIDS,20,600000,39328.735,4
RSIDS,20,600000,38046.945,5
RSIDS,20,600000,41909.461,6
RSIDS,20,800000,41617.132,2
RSIDS,20,800000,42796.902,3
RSIDS,20,800000,41914.228,4
RSIDS,20,800000,41465.322,5
RSIDS,20,800000,41681.464,6
RSIDS,20,1000000,45577.310,2
RSIDS,20,1000000,45623.680,3
RSIDS,20,1000000,44811.560,4
RSIDS,20,1000000,45147.974,5
RSIDS,20,1000000,45330.419,6
RSIDS,20,1200000,50683.850,2
RSIDS,20,1200000,49319.675,3
RSIDS,20,1200000,50021.012,4
RSIDS,20,1200000,49547.945,5
RSIDS,20,1200000,48601.275,6
RSIDS,20,1400000,56839.121,2
RSIDS,20,1400000,55254.087,3
RSIDS,20,1400000,53266.485,4
RSIDS,20,1400000,53038.689,5
RSIDS,20,1400000,52074.607,6
RSIDS,20,1600000,56029.442,2
RSIDS,20,1600000,57213.811,3
RSIDS,20,1600000,56393.714,4
RSIDS,20,1600000,55662.233,5
RSIDS,20,1600000,57873.536,6
RSIDS,20,1800000,59831.781,2
RSIDS,20,1800000,60305.265,3
RSIDS,20,1800000,62820.110,4
RSIDS,20,1800000,61260.178,5
RSIDS,20,1800000,59917.522,6
RSIDS,20,2000000,65172.146,2
RSIDS,20,2000000,63460.331,3
RSIDS,20,2000000,63942.635,4
RSIDS,20,2000000,65505.293,5
RSIDS,20,2000000,63538.365,6
RSIDS,21,1,27598.316,2
RSIDS,21,1,27675.796,3
RSIDS,21,1,27598.389,4
RSIDS,21,1,27629.470,5
RSIDS,21,1,27541.452,6
RSIDS,21,200000,28420.874,2
RSIDS,21,200000,28659.196,3
RSIDS,21,200000,28319.183,4
RSIDS,21,200000,29057.536,5
RSIDS,21,200000,28311.324,6
RSIDS,21,40000,32665.366,2
RSIDS,21,40000,31547.904,3
RSIDS,21,40000,32336.528,4
RSIDS,21,40000,31703.321,5
RSIDS,21,40000,31447.281,6
RSIDS,21,600000,38458.824,2
RSIDS,21,600000,38790.595,3
RSIDS,21,600000,37943.853,4
RSIDS,21,600000,38639.009,5
RSIDS,21,600000,38302.948,6
RSIDS,21,800000,42908.496,2
RSIDS,21,800000,45696.397,3
RSIDS,21,800000,45281.078,4
RSIDS,21,800000,42221.124,5
RSIDS,21,800000,43488.938,6
RSIDS,21,1000000,45258.627,2
RSIDS,21,1000000,45965.611,3
RSIDS,21,1000000,47612.963,4
RSIDS,21,1000000,45097.787,5
RSIDS,21,1000000,46144.672,6
RSIDS,21,1200000,48482.812,2
RSIDS,21,1200000,49361.753,3
RSIDS,21,1200000,50129.908,4
RSIDS,21,1200000,48595.377,5
RSIDS,21,1200000,50083.325,6
RSIDS,21,1400000,52363.582,2
RSIDS,21,1400000,51259.250,3
RSIDS,21,1400000,53147.606,4
RSIDS,21,1400000,53579.316,5
RSIDS,21,1400000,56861.961,6
RSIDS,21,1600000,56292.504,2
RSIDS,21,1600000,55652.882,3
RSIDS,21,1600000,57191.911,4
RSIDS,21,1600000,56561.624,5
RSIDS,21,1600000,55482.734,6
RSIDS,21,1800000,58835.080,2
RSIDS,21,1800000,60738.965,3
RSIDS,21,1800000,59811.944,4
RSIDS,21,1800000,61552.498,5
RSIDS,21,1800000,59020.383,6
RSIDS,21,2000000,63667.127,2
RSIDS,21,2000000,67386.625,3
RSIDS,21,2000000,67635.106,4
RSIDS,21,2000000,64248.475,5
RSIDS,21,2000000,65632.530,6
RSIDS,22,1,27471.837,2
RSIDS,22,1,27615.488,3
RSIDS,22,1,27528.824,4
RSIDS,22,1,29142.722,5
RSIDS,22,1,29062.909,6
RSIDS,22,200000,28299.044,2
RSIDS,22,200000,29520.021,3
RSIDS,22,200000,28424.921,4
RSIDS,22,200000,30122.135,5
RSIDS,22,200000,33498.246,6
RSIDS,22,40000,31244.451,2
RSIDS,22,40000,31558.021,3
RSIDS,22,40000,31335.799,4
RSIDS,22,40000,31395.313,5
RSIDS,22,40000,31469.914,6
RSIDS,22,600000,43717.569,2
RSIDS,22,600000,39004.793,3
RSIDS,22,600000,38838.574,4
RSIDS,22,600000,38298.175,5
RSIDS,22,600000,39800.554,6
RSIDS,22,800000,42201.556,2
RSIDS,22,800000,42160.297,3
RSIDS,22,800000,41829.873,4
RSIDS,22,800000,42106.689,5
RSIDS,22,800000,41838.269,6
RSIDS,22,1000000,47526.147,2
RSIDS,22,1000000,47279.107,3
RSIDS,22,1000000,45069.604,4
RSIDS,22,1000000,45971.524,5
RSIDS,22,1000000,45126.065,6
RSIDS,22,1200000,48816.364,2
RSIDS,22,1200000,49723.985,3
RSIDS,22,1200000,50089.190,4
RSIDS,22,1200000,49958.068,5
RSIDS,22,1200000,50826.634,6
RSIDS,22,1400000,52441.284,2
RSIDS,22,1400000,51824.657,3
RSIDS,22,1400000,52328.545,4
RSIDS,22,1400000,51270.652,5
RSIDS,22,1400000,52926.948,6
RSIDS,22,1600000,57755.134,2
RSIDS,22,1600000,56927.369,3
RSIDS,22,1600000,55832.751,4
RSIDS,22,1600000,56793.233,5
RSIDS,22,1600000,55851.435,6
RSIDS,22,1800000,60514.114,2
RSIDS,22,1800000,58748.855,3
RSIDS,22,1800000,60197.853,4
RSIDS,22,1800000,59409.000,5
RSIDS,22,1800000,60389.973,6
RSIDS,22,2000000,65289.036,2
RSIDS,22,2000000,68640.362,3
RSIDS,22,2000000,64820.992,4
RSIDS,22,2000000,65969.214,5
RSIDS,22,2000000,65739.196,6
RSIDS,23,1,27785.526,2
RSIDS,23,1,27427.182,3
RSIDS,23,1,27818.069,4
RSIDS,23,1,27457.071,5
RSIDS,23,1,27783.929,6
RSIDS,23,200000,28549.454,2
RSIDS,23,200000,28309.417,3
RSIDS,23,200000,28514.506,4
RSIDS,23,200000,28504.067,5
RSIDS,23,200000,30894.606,6
RSIDS,23,40000,31276.173,2
RSIDS,23,40000,31695.784,3
RSIDS,23,40000,31164.876,4
RSIDS,23,40000,31128.786,5
RSIDS,23,40000,31041.494,6
RSIDS,23,600000,37976.186,2
RSIDS,23,600000,37849.322,3
RSIDS,23,600000,39410.059,4
RSIDS,23,600000,38810.639,5
RSIDS,23,600000,38788.932,6
RSIDS,23,800000,41854.256,2
RSIDS,23,800000,42152.255,3
RSIDS,23,800000,41941.961,4
RSIDS,23,800000,45585.502,5
RSIDS,23,800000,42536.410,6
RSIDS,23,1000000,45337.021,2
RSIDS,23,1000000,48950.355,3
RSIDS,23,1000000,46064.023,4
RSIDS,23,1000000,49878.863,5
RSIDS,23,1000000,47006.098,6
RSIDS,23,1200000,49056.178,2
RSIDS,23,1200000,50511.611,3
RSIDS,23,1200000,48558.671,4
RSIDS,23,1200000,50318.455,5
RSIDS,23,1200000,48506.004,6
RSIDS,23,1400000,54696.333,2
RSIDS,23,1400000,53717.536,3
RSIDS,23,1400000,52362.095,4
RSIDS,23,1400000,53134.115,5
RSIDS,23,1400000,52662.540,6
RSIDS,23,1600000,57842.312,2
RSIDS,23,1600000,60330.284,3
RSIDS,23,1600000,54732.888,4
RSIDS,23,1600000,56936.659,5
RSIDS,23,1600000,56660.796,6
RSIDS,23,1800000,62046.456,2
RSIDS,23,1800000,60127.678,3
RSIDS,23,1800000,59377.466,4
RSIDS,23,1800000,59526.362,5
RSIDS,23,1800000,60874.302,6
RSIDS,23,2000000,63860.193,2
RSIDS,23,2000000,63999.672,3
RSIDS,23,2000000,62676.938,4
RSIDS,23,2000000,64484.184,5
RSIDS,23,2000000,63946.885,6
RSIDS,24,1,27554.145,2
RSIDS,24,1,27810.768,3
RSIDS,24,1,27854.395,4
RSIDS,24,1,27643.973,5
RSIDS,24,1,27504.416,6
RSIDS,24,200000,28275.631,2
RSIDS,24,200000,29437.232,3
RSIDS,24,200000,28782.786,4
RSIDS,24,200000,28414.624,5
RSIDS,24,200000,29375.442,6
RSIDS,24,40000,34070.942,2
RSIDS,24,40000,31318.362,3
RSIDS,24,40000,32330.301,4
RSIDS,24,40000,31259.625,5
RSIDS,24,40000,32216.648,6
RSIDS,24,600000,37957.524,2
RSIDS,24,600000,37728.550,3
RSIDS,24,600000,38013.576,4
RSIDS,24,600000,41386.854,5
RSIDS,24,600000,38280.831,6
RSIDS,24,800000,41841.029,2
RSIDS,24,800000,43041.790,3
RSIDS,24,800000,44425.518,4
RSIDS,24,800000,42603.633,5
RSIDS,24,800000,42516.719,6
RSIDS,24,1000000,47258.216,2
RSIDS,24,1000000,45689.957,3
RSIDS,24,1000000,45619.647,4
RSIDS,24,1000000,46124.324,5
RSIDS,24,1000000,45636.207,6
RSIDS,24,1200000,54234.870,2
RSIDS,24,1200000,53129.745,3
RSIDS,24,1200000,50667.229,4
RSIDS,24,1200000,51679.546,5
RSIDS,24,1200000,49804.993,6
RSIDS,24,1400000,50693.343,2
RSIDS,24,1400000,52652.257,3
RSIDS,24,1400000,51248.880,4
RSIDS,24,1400000,53001.639,5
RSIDS,24,1400000,53128.029,6
RSIDS,24,1600000,57214.028,2
RSIDS,24,1600000,55552.926,3
RSIDS,24,1600000,58141.248,4
RSIDS,24,1600000,55987.064,5
RSIDS,24,1600000,56410.030,6
RSIDS,24,1800000,61592.341,2
RSIDS,24,1800000,63594.227,3
RSIDS,24,1800000,62030.446,4
RSIDS,24,1800000,61061.740,5
RSIDS,24,1800000,59823.083,6
RSIDS,24,2000000,62672.581,2
RSIDS,24,2000000,63641.598,3
RSIDS,24,2000000,65336.795,4
RSIDS,24,2000000,63472.182,5
RSIDS,24,2000000,62841.286,6
RSIDS,25,1,27798.048,2
RSIDS,25,1,27502.738,3
RSIDS,25,1,27968.889,4
RSIDS,25,1,27848.075,5
RSIDS,25,1,27821.767,6
RSIDS,25,200000,28489.639,2
RSIDS,25,200000,28213.827,3
RSIDS,25,200000,29008.099,4
RSIDS,25,200000,28257.366,5
RSIDS,25,200000,28463.428,6
RSIDS,25,40000,31361.438,2
RSIDS,25,40000,31169.077,3
RSIDS,25,40000,31737.100,4
RSIDS,25,40000,31383.227,5
RSIDS,25,40000,32104.447,6
RSIDS,25,600000,38634.999,2
RSIDS,25,600000,40766.189,3
RSIDS,25,600000,40934.804,4
RSIDS,25,600000,39001.852,5
RSIDS,25,600000,38752.721,6
RSIDS,25,800000,41833.268,2
RSIDS,25,800000,42729.148,3
RSIDS,25,800000,41896.237,4
RSIDS,25,800000,41598.398,5
RSIDS,25,800000,41610.997,6
RSIDS,25,1000000,45157.173,2
RSIDS,25,1000000,45794.476,3
RSIDS,25,1000000,45687.619,4
RSIDS,25,1000000,46607.044,5
RSIDS,25,1000000,45424.961,6
RSIDS,25,1200000,48928.660,2
RSIDS,25,1200000,50012.785,3
RSIDS,25,1200000,51466.624,4
RSIDS,25,1200000,48736.239,5
RSIDS,25,1200000,53740.315,6
RSIDS,25,1400000,55634.760,2
RSIDS,25,1400000,51919.202,3
RSIDS,25,1400000,51897.663,4
RSIDS,25,1400000,53528.195,5
RSIDS,25,1400000,51897.894,6
RSIDS,25,1600000,56249.967,2
RSIDS,25,1600000,56396.063,3
RSIDS,25,1600000,56572.078,4
RSIDS,25,1600000,57279.137,5
RSIDS,25,1600000,55146.532,6
RSIDS,25,1800000,60158.478,2
RSIDS,25,1800000,57871.810,3
RSIDS,25,1800000,60709.052,4
RSIDS,25,1800000,57739.398,5
RSIDS,25,1800000,62746.719,6
RSIDS,25,2000000,64653.527,2
RSIDS,25,2000000,65690.527,3
RSIDS,25,2000000,64390.252,4
RSIDS,25,2000000,63598.511,5
RSIDS,25,2000000,64145.252,6
RSIDS,26,1,30259.501,2
RSIDS,26,1,27547.078,3
RSIDS,26,1,27886.760,4
RSIDS,26,1,27483.536,5
RSIDS,26,1,27784.749,6
RSIDS,26,200000,28543.668,2
RSIDS,26,200000,28328.007,3
RSIDS,26,200000,28830.304,4
RSIDS,26,200000,28272.531,5
RSIDS,26,200000,28678.759,6
RSIDS,26,40000,31559.400,2
RSIDS,26,40000,31852.563,3
RSIDS,26,40000,31718.186,4
RSIDS,26,40000,31563.453,5
RSIDS,26,40000,31180.604,6
RSIDS,26,600000,38286.979,2
RSIDS,26,600000,39710.665,3
RSIDS,26,600000,37846.617,4
RSIDS,26,600000,38636.951,5
RSIDS,26,600000,39771.356,6
RSIDS,26,800000,44414.971,2
RSIDS,26,800000,42154.398,3
RSIDS,26,800000,43860.579,4
RSIDS,26,800000,42390.207,5
RSIDS,26,800000,41602.155,6
RSIDS,26,1000000,44394.316,2
RSIDS,26,1000000,45535.514,3
RSIDS,26,1000000,45515.069,4
RSIDS,26,1000000,44684.488,5
RSIDS,26,1000000,45803.943,6
RSIDS,26,1200000,49047.049,2
RSIDS,26,1200000,49042.293,3
RSIDS,26,1200000,50405.255,4
RSIDS,26,1200000,49404.117,5
RSIDS,26,1200000,49492.041,6
RSIDS,26,1400000,55968.884,2
RSIDS,26,1400000,55350.133,3
RSIDS,26,1400000,51445.238,4
RSIDS,26,1400000,54692.460,5
RSIDS,26,1400000,54985.117,6
RSIDS,26,1600000,56359.447,2
RSIDS,26,1600000,58530.786,3
RSIDS,26,1600000,57324.184,4
RSIDS,26,1600000,64478.592,5
RSIDS,26,1600000,59947.945,6
RSIDS,26,1800000,62558.076,2
RSIDS,26,1800000,63664.130,3
RSIDS,26,1800000,59809.470,4
RSIDS,26,1800000,60683.947,5
RSIDS,26,1800000,62378.897,6
RSIDS,26,2000000,69068.402,2
RSIDS,26,2000000,76031.540,3
RSIDS,26,2000000,66500.038,4
RSIDS,26,2000000,66206.741,5
RSIDS,26,2000000,63560.955,6
RSIDS,27,1,31229.097,2
RSIDS,27,1,27859.631,3
RSIDS,27,1,30885.470,4
RSIDS,27,1,33554.422,5
RSIDS,27,1,29082.509,6
RSIDS,27,200000,31582.109,2
RSIDS,27,200000,29280.560,3
RSIDS,27,200000,30083.188,4
RSIDS,27,200000,30211.102,5
RSIDS,27,200000,29143.484,6
RSIDS,27,40000,34059.867,2
RSIDS,27,40000,31640.214,3
RSIDS,27,40000,32549.652,4
RSIDS,27,40000,31564.334,5
RSIDS,27,40000,31950.697,6
RSIDS,27,600000,40009.836,2
RSIDS,27,600000,39872.919,3
RSIDS,27,600000,38332.399,4
RSIDS,27,600000,38684.332,5
RSIDS,27,600000,38910.120,6
RSIDS,27,800000,42736.286,2
RSIDS,27,800000,41910.379,3
RSIDS,27,800000,43087.129,4
RSIDS,27,800000,44362.412,5
RSIDS,27,800000,42914.904,6
RSIDS,27,1000000,46422.658,2
RSIDS,27,1000000,47319.083,3
RSIDS,27,1000000,48352.406,4
RSIDS,27,1000000,47076.593,5
RSIDS,27,1000000,51119.872,6
RSIDS,27,1200000,50597.094,2
RSIDS,27,1200000,52066.337,3
RSIDS,27,1200000,52818.425,4
RSIDS,27,1200000,51090.283,5
RSIDS,27,1200000,51784.811,6
RSIDS,27,1400000,54401.364,2
RSIDS,27,1400000,55835.263,3
RSIDS,27,1400000,53990.034,4
RSIDS,27,1400000,53573.674,5
RSIDS,27,1400000,51454.619,6
RSIDS,27,1600000,59248.024,2
RSIDS,27,1600000,61204.751,3
RSIDS,27,1600000,58861.372,4
RSIDS,27,1600000,58185.784,5
RSIDS,27,1600000,59287.836,6
RSIDS,27,1800000,59725.812,2
RSIDS,27,1800000,62140.965,3
RSIDS,27,1800000,62611.517,4
RSIDS,27,1800000,63911.245,5
RSIDS,27,1800000,64908.221,6
RSIDS,27,2000000,64673.947,2
RSIDS,27,2000000,64086.824,3
RSIDS,27,2000000,65266.528,4
RSIDS,27,2000000,66395.772,5
RSIDS,27,2000000,65515.870,6
RSIDS,28,1,27658.068,2
RSIDS,28,1,27762.919,3
RSIDS,28,1,27537.787,4
RSIDS,28,1,27546.643,5
RSIDS,28,1,28129.223,6
RSIDS,28,200000,28390.011,2
RSIDS,28,200000,29723.419,3
RSIDS,28,200000,29473.174,4
RSIDS,28,200000,28421.022,5
RSIDS,28,200000,29060.550,6
RSIDS,28,40000,34245.473,2
RSIDS,28,40000,33264.379,3
RSIDS,28,40000,33307.194,4
RSIDS,28,40000,32542.176,5
RSIDS,28,40000,32155.526,6
RSIDS,28,600000,38304.444,2
RSIDS,28,600000,37922.336,3
RSIDS,28,600000,38534.680,4
RSIDS,28,600000,40162.589,5
RSIDS,28,600000,38881.908,6
RSIDS,28,800000,43341.995,2
RSIDS,28,800000,44655.935,3
RSIDS,28,800000,45047.896,4
RSIDS,28,800000,43868.620,5
RSIDS,28,800000,42674.480,6
RSIDS,28,1000000,48159.480,2
RSIDS,28,1000000,49185.847,3
RSIDS,28,1000000,45989.441,4
RSIDS,28,1000000,45068.875,5
RSIDS,28,1000000,45192.255,6
RSIDS,28,1200000,51378.518,2
RSIDS,28,1200000,50360.720,3
RSIDS,28,1200000,51290.003,4
RSIDS,28,1200000,50175.998,5
RSIDS,28,1200000,50362.944,6
RSIDS,28,1400000,58801.549,2
RSIDS,28,1400000,59352.315,3
RSIDS,28,1400000,56340.781,4
RSIDS,28,1400000,60121.038,5
RSIDS,28,1400000,56663.897,6
RSIDS,28,1600000,61785.260,2
RSIDS,28,1600000,63245.722,3
RSIDS,28,1600000,60602.592,4
RSIDS,28,1600000,60376.143,5
RSIDS,28,1600000,60357.333,6
RSIDS,28,1800000,64522.530,2
RSIDS,28,1800000,62988.047,3
RSIDS,28,1800000,62832.362,4
RSIDS,28,1800000,65210.433,5
RSIDS,28,1800000,65109.143,6
RSIDS,28,2000000,67996.411,2
RSIDS,28,2000000,67188.947,3
RSIDS,28,2000000,68928.965,4
RSIDS,28,2000000,71428.932,5
RSIDS,28,2000000,74524.122,6
RSIDS,29,1,29964.765,2
RSIDS,29,1,29339.906,3
RSIDS,29,1,29462.594,4
RSIDS,29,1,28229.299,5
RSIDS,29,1,28361.166,6
RSIDS,29,200000,30928.814,2
RSIDS,29,200000,29011.885,3
RSIDS,29,200000,31283.564,4
RSIDS,29,200000,29227.767,5
RSIDS,29,200000,29667.367,6
RSIDS,29,40000,32756.514,2
RSIDS,29,40000,33676.613,3
RSIDS,29,40000,33224.093,4
RSIDS,29,40000,33202.984,5
RSIDS,29,40000,32765.761,6
RSIDS,29,600000,41478.968,2
RSIDS,29,600000,41426.948,3
RSIDS,29,600000,40595.191,4
RSIDS,29,600000,41274.731,5
RSIDS,29,600000,42138.941,6
RSIDS,29,800000,45129.507,2
RSIDS,29,800000,45765.810,3
RSIDS,29,800000,46810.382,4
RSIDS,29,800000,44224.280,5
RSIDS,29,800000,45483.286,6
RSIDS,29,1000000,49723.534,2
RSIDS,29,1000000,48624.120,3
RSIDS,29,1000000,48677.177,4
RSIDS,29,1000000,49705.837,5
RSIDS,29,1000000,48986.522,6
RSIDS,29,1200000,54041.258,2
RSIDS,29,1200000,55916.454,3
RSIDS,29,1200000,53425.841,4
RSIDS,29,1200000,52377.878,5
RSIDS,29,1200000,54173.078,6
RSIDS,29,1400000,58035.412,2
RSIDS,29,1400000,57875.209,3
RSIDS,29,1400000,55705.531,4
RSIDS,29,1400000,58582.888,5
RSIDS,29,1400000,57136.228,6
RSIDS,29,1600000,62813.005,2
RSIDS,29,1600000,59540.369,3
RSIDS,29,1600000,60499.008,4
RSIDS,29,1600000,61501.578,5
RSIDS,29,1600000,66009.438,6
RSIDS,29,1800000,66011.442,2
RSIDS,29,1800000,64956.831,3
RSIDS,29,1800000,64706.229,4
RSIDS,29,1800000,64609.400,5
RSIDS,29,1800000,64192.369,6
RSIDS,29,2000000,67994.365,2
RSIDS,29,2000000,72591.257,3
RSIDS,29,2000000,71496.983,4
RSIDS,29,2000000,75902.561,5
RSIDS,29,2000000,71691.783,6
RSIDS,30,1,30990.719,2
RSIDS,30,1,30069.826,3
RSIDS,30,1,33119.810,4
RSIDS,30,1,28973.187,5
RSIDS,30,1,29196.135,6
RSIDS,30,200000,33740.950,2
RSIDS,30,200000,30492.431,3
RSIDS,30,200000,33111.562,4
RSIDS,30,200000,30144.831,5
RSIDS,30,200000,30271.070,6
RSIDS,30,40000,33944.229,2
RSIDS,30,40000,33160.699,3
RSIDS,30,40000,32570.940,4
RSIDS,30,40000,32939.474,5
RSIDS,30,40000,33144.497,6
RSIDS,30,600000,40488.503,2
RSIDS,30,600000,40429.264,3
RSIDS,30,600000,41222.347,4
RSIDS,30,600000,40902.064,5
RSIDS,30,600000,41703.565,6
RSIDS,30,800000,46257.500,2
RSIDS,30,800000,47113.645,3
RSIDS,30,800000,46545.849,4
RSIDS,30,800000,47053.568,5
RSIDS,30,800000,46176.411,6
RSIDS,30,1000000,50280.136,2
RSIDS,30,1000000,51158.760,3
RSIDS,30,1000000,49213.563,4
RSIDS,30,1000000,48107.362,5
RSIDS,30,1000000,50127.217,6
RSIDS,30,1200000,52663.628,2
RSIDS,30,1200000,54307.287,3
RSIDS,30,1200000,48373.875,4
RSIDS,30,1200000,49907.672,5
RSIDS,30,1200000,48948.156,6
RSIDS,30,1400000,57560.716,2
RSIDS,30,1400000,55975.198,3
RSIDS,30,1400000,58464.146,4
RSIDS,30,1400000,55832.190,5
RSIDS,30,1400000,56996.460,6
RSIDS,30,1600000,61567.552,2
RSIDS,30,1600000,59283.194,3
RSIDS,30,1600000,56007.983,4
RSIDS,30,1600000,56656.013,5
RSIDS,30,1600000,60914.951,6
RSIDS,30,1800000,61158.069,2
RSIDS,30,1800000,60933.984,3
RSIDS,30,1800000,61944.539,4
RSIDS,30,1800000,59523.252,5
RSIDS,30,1800000,59448.868,6
RSIDS,30,2000000,65663.500,2
RSIDS,30,2000000,66954.631,3
RSIDS,30,2000000,63959.937,4
RSIDS,30,2000000,66105.885,5
RSIDS,30,2000000,67086.776,6
RSIDS,31,1,27656.718,2
RSIDS,31,1,28160.692,3
RSIDS,31,1,27721.314,4
RSIDS,31,1,28056.143,5
RSIDS,31,1,27706.631,6
RSIDS,31,200000,28590.919,2
RSIDS,31,200000,28791.080,3
RSIDS,31,200000,28700.820,4
RSIDS,31,200000,28630.459,5
RSIDS,31,200000,30973.064,6
RSIDS,31,40000,33051.134,2
RSIDS,31,40000,33592.750,3
RSIDS,31,40000,32628.876,4
RSIDS,31,40000,31660.081,5
RSIDS,31,40000,31700.206,6
RSIDS,31,600000,38951.682,2
RSIDS,31,600000,39436.253,3
RSIDS,31,600000,39983.360,4
RSIDS,31,600000,38913.197,5
RSIDS,31,600000,39391.677,6
RSIDS,31,800000,46561.550,2
RSIDS,31,800000,43520.751,3
RSIDS,31,800000,42824.932,4
RSIDS,31,800000,42377.532,5
RSIDS,31,800000,42460.914,6
RSIDS,31,1000000,46185.184,2
RSIDS,31,1000000,47054.371,3
RSIDS,31,1000000,46608.909,4
RSIDS,31,1000000,46721.842,5
RSIDS,31,1000000,47535.156,6
RSIDS,31,1200000,52241.518,2
RSIDS,31,1200000,50851.833,3
RSIDS,31,1200000,51158.381,4
RSIDS,31,1200000,50231.272,5
RSIDS,31,1200000,52178.221,6
RSIDS,31,1400000,56440.995,2
RSIDS,31,1400000,59797.113,3
RSIDS,31,1400000,53946.435,4
RSIDS,31,1400000,54601.650,5
RSIDS,31,1400000,53720.104,6
RSIDS,31,1600000,56679.601,2
RSIDS,31,1600000,56940.586,3
RSIDS,31,1600000,56892.345,4
RSIDS,31,1600000,58752.266,5
RSIDS,31,1600000,59305.241,6
RSIDS,31,1800000,61540.612,2
RSIDS,31,1800000,66738.648,3
RSIDS,31,1800000,64032.887,4
RSIDS,31,1800000,64100.501,5
RSIDS,31,1800000,69261.469,6
RSIDS,31,2000000,68649.492,2
RSIDS,31,2000000,67426.247,3
RSIDS,31,2000000,72634.428,4
RSIDS,31,2000000,70273.320,5
RSIDS,31,2000000,67865.573,6
RSIDS,32,1,29426.241,2
RSIDS,32,1,29174.444,3
RSIDS,32,1,29804.940,4
RSIDS,32,1,29282.047,5
RSIDS,32,1,29566.011,6
RSIDS,32,200000,29087.529,2
RSIDS,32,200000,28839.207,3
RSIDS,32,200000,29783.605,4
RSIDS,32,200000,29305.404,5
RSIDS,32,200000,30128.355,6
RSIDS,32,40000,34323.692,2
RSIDS,32,40000,32364.220,3
RSIDS,32,40000,32856.158,4
RSIDS,32,40000,32155.409,5
RSIDS,32,40000,32211.545,6
RSIDS,32,600000,42160.875,2
RSIDS,32,600000,43828.462,3
RSIDS,32,600000,39566.762,4
RSIDS,32,600000,39829.911,5
RSIDS,32,600000,39786.868,6
RSIDS,32,800000,44053.938,2
RSIDS,32,800000,44173.247,3
RSIDS,32,800000,43863.963,4
RSIDS,32,800000,44741.965,5
RSIDS,32,800000,44859.684,6
RSIDS,32,1000000,47641.551,2
RSIDS,32,1000000,48032.049,3
RSIDS,32,1000000,49867.570,4
RSIDS,32,1000000,54230.469,5
RSIDS,32,1000000,48708.233,6
RSIDS,32,1200000,53306.878,2
RSIDS,32,1200000,52119.819,3
RSIDS,32,1200000,51428.090,4
RSIDS,32,1200000,52317.830,5
RSIDS,32,1200000,51453.865,6
RSIDS,32,1400000,57402.273,2
RSIDS,32,1400000,54251.289,3
RSIDS,32,1400000,62873.644,4
RSIDS,32,1400000,57666.858,5
RSIDS,32,1400000,57389.584,6
RSIDS,32,1600000,64047.608,2
RSIDS,32,1600000,62773.508,3
RSIDS,32,1600000,60902.052,4
RSIDS,32,1600000,60191.893,5
RSIDS,32,1600000,62072.046,6
RSIDS,32,1800000,68571.263,2
RSIDS,32,1800000,64217.876,3
RSIDS,32,1800000,67600.456,4
RSIDS,32,1800000,65388.947,5
RSIDS,32,1800000,61761.227,6
RSIDS,32,2000000,66965.272,2
RSIDS,32,2000000,68525.403,3
RSIDS,32,2000000,69518.743,4
RSIDS,32,2000000,69851.489,5
RSIDS,32,2000000,72980.632,6
RSIDS,33,1,28805.404,2
RSIDS,33,1,28606.664,3
RSIDS,33,1,29171.624,4
RSIDS,33,1,29251.404,5
RSIDS,33,1,29113.110,6
RSIDS,33,200000,29493.830,2
RSIDS,33,200000,29310.396,3
RSIDS,33,200000,29677.629,4
RSIDS,33,200000,29350.634,5
RSIDS,33,200000,29439.428,6
RSIDS,33,40000,32667.041,2
RSIDS,33,40000,32769.445,3
RSIDS,33,40000,32053.589,4
RSIDS,33,40000,32350.591,5
RSIDS,33,40000,31958.727,6
RSIDS,33,600000,45206.423,2
RSIDS,33,600000,39870.705,3
RSIDS,33,600000,40507.898,4
RSIDS,33,600000,40082.298,5
RSIDS,33,600000,41373.788,6
RSIDS,33,800000,53086.597,2
RSIDS,33,800000,46704.734,3
RSIDS,33,800000,49475.497,4
RSIDS,33,800000,46110.859,5
RSIDS,33,800000,47227.681,6
RSIDS,33,1000000,56459.449,2
RSIDS,33,1000000,50058.985,3
RSIDS,33,1000000,52125.348,4
RSIDS,33,1000000,50006.649,5
RSIDS,33,1000000,48490.885,6
RSIDS,33,1200000,54015.310,2
RSIDS,33,1200000,54260.604,3
RSIDS,33,1200000,55811.767,4
RSIDS,33,1200000,54251.386,5
RSIDS,33,1200000,53900.517,6
RSIDS,33,1400000,60414.325,2
RSIDS,33,1400000,61474.602,3
RSIDS,33,1400000,60520.410,4
RSIDS,33,1400000,57304.532,5
RSIDS,33,1400000,56730.016,6
RSIDS,33,1600000,62166.163,2
RSIDS,33,1600000,58301.602,3
RSIDS,33,1600000,60652.182,4
RSIDS,33,1600000,60475.327,5
RSIDS,33,1600000,57506.354,6
RSIDS,33,1800000,64380.609,2
RSIDS,33,1800000,62253.348,3
RSIDS,33,1800000,65271.183,4
RSIDS,33,1800000,110525.624,5
RSIDS,33,1800000,65830.185,6
RSIDS,33,2000000,65825.125,2
RSIDS,33,2000000,66641.180,3
RSIDS,33,2000000,70856.937,4
RSIDS,33,2000000,73205.673,5
RSIDS,33,2000000,67258.806,6
RSIDS,34,1,28188.303,2
RSIDS,34,1,28153.539,3
RSIDS,34,1,27893.244,4
RSIDS,34,1,28190.373,5
RSIDS,34,1,28014.845,6
RSIDS,34,200000,30151.488,2
RSIDS,34,200000,30347.809,3
RSIDS,34,200000,29727.523,4
RSIDS,34,200000,29597.513,5
RSIDS,34,200000,29527.308,6
RSIDS,34,40000,33801.045,2
RSIDS,34,40000,33274.845,3
RSIDS,34,40000,33017.411,4
RSIDS,34,40000,33695.274,5
RSIDS,34,40000,33237.850,6
RSIDS,34,600000,41699.901,2
RSIDS,34,600000,45208.437,3
RSIDS,34,600000,41558.036,4
RSIDS,34,600000,44899.926,5
RSIDS,34,600000,41970.080,6
RSIDS,34,800000,48382.412,2
RSIDS,34,800000,64113.536,3
RSIDS,34,800000,48479.198,4
RSIDS,34,800000,47520.764,5
RSIDS,34,800000,48592.209,6
RSIDS,34,1000000,49269.558,2
RSIDS,34,1000000,50545.198,3
RSIDS,34,1000000,49307.614,4
RSIDS,34,1000000,49026.115,5
RSIDS,34,1000000,49537.107,6
RSIDS,34,1200000,57091.082,2
RSIDS,34,1200000,55641.807,3
RSIDS,34,1200000,53612.791,4
RSIDS,34,1200000,52990.346,5
RSIDS,34,1200000,53872.604,6
RSIDS,34,1400000,55746.744,2
RSIDS,34,1400000,58544.038,3
RSIDS,34,1400000,57628.658,4
RSIDS,34,1400000,55982.848,5
RSIDS,34,1400000,59866.607,6
RSIDS,34,1600000,60384.195,2
RSIDS,34,1600000,61136.845,3
RSIDS,34,1600000,62745.765,4
RSIDS,34,1600000,61210.458,5
RSIDS,34,1600000,59149.578,6
RSIDS,34,1800000,73422.100,2
RSIDS,34,1800000,69393.500,3
RSIDS,34,1800000,66247.330,4
RSIDS,34,1800000,66164.345,5
RSIDS,34,1800000,72344.540,6
RSIDS,34,2000000,67976.610,2
RSIDS,34,2000000,70009.837,3
RSIDS,34,2000000,72656.340,4
RSIDS,34,2000000,70370.525,5
RSIDS,34,2000000,67724.336,6
RSIDS,35,1,28600.014,2
RSIDS,35,1,31037.459,3
RSIDS,35,1,28724.551,4
RSIDS,35,1,31472.167,5
RSIDS,35,1,30129.305,6
RSIDS,35,200000,30651.788,2
RSIDS,35,200000,31083.673,3
RSIDS,35,200000,30082.073,4
RSIDS,35,200000,29797.355,5
RSIDS,35,200000,31122.205,6
RSIDS,35,40000,33779.163,2
RSIDS,35,40000,33356.070,3
RSIDS,35,40000,33262.588,4
RSIDS,35,40000,33533.849,5
RSIDS,35,40000,33976.445,6
RSIDS,35,600000,40914.362,2
RSIDS,35,600000,40121.145,3
RSIDS,35,600000,40071.504,4
RSIDS,35,600000,42339.269,5
RSIDS,35,600000,41560.304,6
RSIDS,35,800000,45493.213,2
RSIDS,35,800000,49127.181,3
RSIDS,35,800000,49998.872,4
RSIDS,35,800000,49847.281,5
RSIDS,35,800000,49321.803,6
RSIDS,35,1000000,50021.652,2
RSIDS,35,1000000,50951.570,3
RSIDS,35,1000000,49905.928,4
RSIDS,35,1000000,52210.674,5
RSIDS,35,1000000,49239.892,6
RSIDS,35,1200000,56801.626,2
RSIDS,35,1200000,55184.204,3
RSIDS,35,1200000,53258.554,4
RSIDS,35,1200000,54987.126,5
RSIDS,35,1200000,54231.241,6
RSIDS,35,1400000,57641.007,2
RSIDS,35,1400000,58003.401,3
RSIDS,35,1400000,62404.100,4
RSIDS,35,1400000,57849.301,5
RSIDS,35,1400000,56626.141,6
RSIDS,35,1600000,58291.896,2
RSIDS,35,1600000,63961.176,3
RSIDS,35,1600000,62707.545,4
RSIDS,35,1600000,58779.364,5
RSIDS,35,1600000,60387.094,6
RSIDS,35,1800000,68097.683,2
RSIDS,35,1800000,67276.876,3
RSIDS,35,1800000,65684.792,4
RSIDS,35,1800000,61040.564,5
RSIDS,35,1800000,60990.370,6
RSIDS,35,2000000,70051.914,2
RSIDS,35,2000000,69909.160,3
RSIDS,35,2000000,67971.183,4
RSIDS,35,2000000,71709.629,5
RSIDS,35,2000000,67010.013,6
RSIDS,36,1,28095.458,2
RSIDS,36,1,27949.984,3
RSIDS,36,1,28235.919,4
RSIDS,36,1,28748.727,5
RSIDS,36,1,29305.889,6
RSIDS,36,200000,29097.468,2
RSIDS,36,200000,28865.383,3
RSIDS,36,200000,29192.364,4
RSIDS,36,200000,29631.087,5
RSIDS,36,200000,30232.134,6
RSIDS,36,40000,31994.591,2
RSIDS,36,40000,31613.703,3
RSIDS,36,40000,31827.583,4
RSIDS,36,40000,31891.503,5
RSIDS,36,40000,31499.689,6
RSIDS,36,600000,40564.661,2
RSIDS,36,600000,39193.659,3
RSIDS,36,600000,38645.246,4
RSIDS,36,600000,40558.524,5
RSIDS,36,600000,39277.284,6
RSIDS,36,800000,47287.425,2
RSIDS,36,800000,42604.839,3
RSIDS,36,800000,43521.981,4
RSIDS,36,800000,43423.337,5
RSIDS,36,800000,42923.571,6
RSIDS,36,1000000,48847.179,2
RSIDS,36,1000000,48576.479,3
RSIDS,36,1000000,55936.301,4
RSIDS,36,1000000,48991.214,5
RSIDS,36,1000000,49080.407,6
RSIDS,36,1200000,51089.450,2
RSIDS,36,1200000,51530.631,3
RSIDS,36,1200000,49636.318,4
RSIDS,36,1200000,51248.692,5
RSIDS,36,1200000,52801.927,6
RSIDS,36,1400000,55937.545,2
RSIDS,36,1400000,57700.544,3
RSIDS,36,1400000,56125.488,4
RSIDS,36,1400000,57255.180,5
RSIDS,36,1400000,52952.331,6
RSIDS,36,1600000,63485.035,2
RSIDS,36,1600000,62038.131,3
RSIDS,36,1600000,60080.347,4
RSIDS,36,1600000,62934.309,5
RSIDS,36,1600000,69532.456,6
RSIDS,36,1800000,64886.671,2
RSIDS,36,1800000,67303.050,3
RSIDS,36,1800000,66467.725,4
RSIDS,36,1800000,71563.171,5
RSIDS,36,1800000,65614.018,6
RSIDS,36,2000000,69881.224,2
RSIDS,36,2000000,69157.539,3
RSIDS,36,2000000,67415.165,4
RSIDS,36,2000000,73523.253,5
RSIDS,36,2000000,67112.181,6
RSIDS,37,1,27742.297,2
RSIDS,37,1,28578.127,3
RSIDS,37,1,28093.801,4
RSIDS,37,1,28023.588,5
RSIDS,37,1,27976.679,6
RSIDS,37,200000,28915.302,2
RSIDS,37,200000,30324.392,3
RSIDS,37,200000,29029.315,4
RSIDS,37,200000,31349.253,5
RSIDS,37,200000,30839.643,6
RSIDS,37,40000,31819.841,2
RSIDS,37,40000,32510.075,3
RSIDS,37,40000,32227.073,4
RSIDS,37,40000,31476.899,5
RSIDS,37,40000,31687.302,6
RSIDS,37,600000,41743.187,2
RSIDS,37,600000,38936.070,3
RSIDS,37,600000,39577.777,4
RSIDS,37,600000,39407.211,5
RSIDS,37,600000,40381.453,6
RSIDS,37,800000,42827.019,2
RSIDS,37,800000,42812.080,3
RSIDS,37,800000,43389.812,4
RSIDS,37,800000,43129.028,5
RSIDS,37,800000,42645.757,6
RSIDS,37,1000000,45846.250,2
RSIDS,37,1000000,48036.085,3
RSIDS,37,1000000,45635.242,4
RSIDS,37,1000000,46347.931,5
RSIDS,37,1000000,50718.590,6
RSIDS,37,1200000,53713.456,2
RSIDS,37,1200000,53076.385,3
RSIDS,37,1200000,50887.323,4
RSIDS,37,1200000,54540.516,5
RSIDS,37,1200000,53073.550,6
RSIDS,37,1400000,54305.028,2
RSIDS,37,1400000,53903.697,3
RSIDS,37,1400000,56414.076,4
RSIDS,37,1400000,54994.325,5
RSIDS,37,1400000,58577.394,6
RSIDS,37,1600000,60886.823,2
RSIDS,37,1600000,58716.037,3
RSIDS,37,1600000,57621.453,4
RSIDS,37,1600000,61524.494,5
RSIDS,37,1600000,64443.660,6
RSIDS,37,1800000,65781.018,2
RSIDS,37,1800000,65627.510,3
RSIDS,37,1800000,63574.303,4
RSIDS,37,1800000,62029.146,5
RSIDS,37,1800000,63174.596,6
RSIDS,37,2000000,67476.105,2
RSIDS,37,2000000,66294.096,3
RSIDS,37,2000000,69479.177,4
RSIDS,37,2000000,64724.975,5
RSIDS,37,2000000,67179.132,6
RSIDS,38,1,28392.333,2
RSIDS,38,1,31367.755,3
RSIDS,38,1,28060.592,4
RSIDS,38,1,30159.484,5
RSIDS,38,1,28444.791,6
RSIDS,38,200000,29998.548,2
RSIDS,38,200000,29486.137,3
RSIDS,38,200000,29156.894,4
RSIDS,38,200000,29444.584,5
RSIDS,38,200000,29620.940,6
RSIDS,38,40000,32148.750,2
RSIDS,38,40000,32988.040,3
RSIDS,38,40000,32573.393,4
RSIDS,38,40000,32008.425,5
RSIDS,38,40000,32601.629,6
RSIDS,38,600000,40062.821,2
RSIDS,38,600000,42624.442,3
RSIDS,38,600000,39482.899,4
RSIDS,38,600000,39504.402,5
RSIDS,38,600000,39361.349,6
RSIDS,38,800000,44793.904,2
RSIDS,38,800000,43316.023,3
RSIDS,38,800000,45142.141,4
RSIDS,38,800000,43140.562,5
RSIDS,38,800000,43377.899,6
RSIDS,38,1000000,50318.769,2
RSIDS,38,1000000,48278.615,3
RSIDS,38,1000000,49698.473,4
RSIDS,38,1000000,50558.946,5
RSIDS,38,1000000,48867.203,6
RSIDS,38,1200000,53055.319,2
RSIDS,38,1200000,52868.576,3
RSIDS,38,1200000,51765.929,4
RSIDS,38,1200000,53044.736,5
RSIDS,38,1200000,50321.843,6
RSIDS,38,1400000,55747.890,2
RSIDS,38,1400000,57253.458,3
RSIDS,38,1400000,56070.856,4
RSIDS,38,1400000,54872.205,5
RSIDS,38,1400000,59751.119,6
RSIDS,38,1600000,61803.428,2
RSIDS,38,1600000,63870.443,3
RSIDS,38,1600000,61667.949,4
RSIDS,38,1600000,59943.893,5
RSIDS,38,1600000,59854.475,6
RSIDS,38,1800000,65344.990,2
RSIDS,38,1800000,65458.452,3
RSIDS,38,1800000,62588.236,4
RSIDS,38,1800000,63468.152,5
RSIDS,38,1800000,62222.590,6
RSIDS,38,2000000,63062.320,2
RSIDS,38,2000000,67517.356,3
RSIDS,38,2000000,70206.236,4
RSIDS,38,2000000,68615.838,5
RSIDS,38,2000000,68982.820,6
RSIDS,39,1,28027.847,2
RSIDS,39,1,27623.295,3
RSIDS,39,1,27919.320,4
RSIDS,39,1,28656.895,5
RSIDS,39,1,28265.301,6
RSIDS,39,200000,28639.386,2
RSIDS,39,200000,30236.721,3
RSIDS,39,200000,30150.236,4
RSIDS,39,200000,28941.898,5
RSIDS,39,200000,29477.816,6
RSIDS,39,40000,32104.405,2
RSIDS,39,40000,31716.121,3
RSIDS,39,40000,31711.048,4
RSIDS,39,40000,32330.209,5
RSIDS,39,40000,33606.917,6
RSIDS,39,600000,42693.807,2
RSIDS,39,600000,39647.146,3
RSIDS,39,600000,41186.387,4
RSIDS,39,600000,40223.581,5
RSIDS,39,600000,40439.347,6
RSIDS,39,800000,43077.202,2
RSIDS,39,800000,43557.726,3
RSIDS,39,800000,44183.156,4
RSIDS,39,800000,44676.649,5
RSIDS,39,800000,46175.967,6
RSIDS,39,1000000,46936.944,2
RSIDS,39,1000000,46952.360,3
RSIDS,39,1000000,47990.242,4
RSIDS,39,1000000,47349.051,5
RSIDS,39,1000000,47714.712,6
RSIDS,39,1200000,55718.849,2
RSIDS,39,1200000,52470.316,3
RSIDS,39,1200000,50278.561,4
RSIDS,39,1200000,50429.322,5
RSIDS,39,1200000,51366.211,6
RSIDS,39,1400000,53638.167,2
RSIDS,39,1400000,56015.674,3
RSIDS,39,1400000,54434.660,4
RSIDS,39,1400000,54031.232,5
RSIDS,39,1400000,54945.592,6
RSIDS,39,1600000,61212.100,2
RSIDS,39,1600000,58593.771,3
RSIDS,39,1600000,57968.765,4
RSIDS,39,1600000,58617.750,5
RSIDS,39,1600000,57439.916,6
RSIDS,39,1800000,60515.903,2
RSIDS,39,1800000,63822.952,3
RSIDS,39,1800000,63804.884,4
RSIDS,39,1800000,62660.523,5
RSIDS,39,1800000,61715.478,6
RSIDS,39,2000000,68419.366,2
RSIDS,39,2000000,66597.203,3
RSIDS,39,2000000,64977.920,4
RSIDS,39,2000000,65211.541,5
RSIDS,39,2000000,66551.959,6
RSIDS,40,1,30191.022,2
RSIDS,40,1,28296.346,3
RSIDS,40,1,30056.628,4
RSIDS,40,1,30216.379,5
RSIDS,40,1,27622.646,6
RSIDS,40,200000,29279.428,2
RSIDS,40,200000,28905.149,3
RSIDS,40,200000,29648.357,4
RSIDS,40,200000,29299.669,5
RSIDS,40,200000,29580.675,6
RSIDS,40,40000,33141.805,2
RSIDS,40,40000,33137.003,3
RSIDS,40,40000,31561.455,4
RSIDS,40,40000,31517.861,5
RSIDS,40,40000,32940.797,6
RSIDS,40,600000,39788.566,2
RSIDS,40,600000,39837.134,3
RSIDS,40,600000,39220.325,4
RSIDS,40,600000,38766.705,5
RSIDS,40,600000,45169.857,6
RSIDS,40,800000,44531.242,2
RSIDS,40,800000,47403.775,3
RSIDS,40,800000,42934.308,4
RSIDS,40,800000,42920.142,5
RSIDS,40,800000,45129.347,6
RSIDS,40,1000000,49926.238,2
RSIDS,40,1000000,48609.602,3
RSIDS,40,1000000,55761.755,4
RSIDS,40,1000000,53049.011,5
RSIDS,40,1000000,49932.266,6
RSIDS,40,1200000,51281.709,2
RSIDS,40,1200000,51128.721,3
RSIDS,40,1200000,49995.100,4
RSIDS,40,1200000,51126.287,5
RSIDS,40,1200000,50843.982,6
RSIDS,40,1400000,56995.677,2
RSIDS,40,1400000,56339.274,3
RSIDS,40,1400000,56760.222,4
RSIDS,40,1400000,57890.341,5
RSIDS,40,1400000,56621.728,6
RSIDS,40,1600000,63545.927,2
RSIDS,40,1600000,63972.869,3
RSIDS,40,1600000,61762.119,4
RSIDS,40,1600000,59066.370,5
RSIDS,40,1600000,63679.222,6
RSIDS,40,1800000,64654.746,2
RSIDS,40,1800000,66648.256,3
RSIDS,40,1800000,65217.570,4
RSIDS,40,1800000,64331.791,5
RSIDS,40,1800000,67247.207,6
RSIDS,40,2000000,67799.504,2
RSIDS,40,2000000,66948.854,3
RSIDS,40,2000000,71326.301,4
RSIDS,40,2000000,69488.390,5
RSIDS,40,2000000,66222.625,6
RSIDS,41,1,27852.476,2
RSIDS,41,1,27752.840,3
RSIDS,41,1,28136.545,4
RSIDS,41,1,27601.360,5
RSIDS,41,1,28408.441,6
RSIDS,41,200000,29672.082,2
RSIDS,41,200000,28519.699,3
RSIDS,41,200000,30016.916,4
RSIDS,41,200000,29308.741,5
RSIDS,41,200000,29913.606,6
RSIDS,41,40000,33828.558,2
RSIDS,41,40000,32370.339,3
RSIDS,41,40000,33626.321,4
RSIDS,41,40000,33732.279,5
RSIDS,41,40000,32795.820,6
RSIDS,41,600000,40954.500,2
RSIDS,41,600000,40298.848,3
RSIDS,41,600000,40591.549,4
RSIDS,41,600000,39203.434,5
RSIDS,41,600000,39743.247,6
RSIDS,41,800000,44828.778,2
RSIDS,41,800000,43177.952,3
RSIDS,41,800000,44654.888,4
RSIDS,41,800000,45314.449,5
RSIDS,41,800000,45842.224,6
RSIDS,41,1000000,47990.064,2
RSIDS,41,1000000,47670.518,3
RSIDS,41,1000000,46748.643,4
RSIDS,41,1000000,48172.272,5
RSIDS,41,1000000,47256.827,6
RSIDS,41,1200000,53823.826,2
RSIDS,41,1200000,50299.697,3
RSIDS,41,1200000,52818.574,4
RSIDS,41,1200000,53409.701,5
RSIDS,41,1200000,55319.226,6
RSIDS,41,1400000,57208.019,2
RSIDS,41,1400000,54080.416,3
RSIDS,41,1400000,60618.521,4
RSIDS,41,1400000,58485.613,5
RSIDS,41,1400000,71588.628,6
RSIDS,41,1600000,62212.614,2
RSIDS,41,1600000,62131.257,3
RSIDS,41,1600000,60095.049,4
RSIDS,41,1600000,57368.540,5
RSIDS,41,1600000,65005.868,6
RSIDS,41,1800000,64553.059,2
RSIDS,41,1800000,67438.041,3
RSIDS,41,1800000,67043.939,4
RSIDS,41,1800000,67376.394,5
RSIDS,41,1800000,61353.995,6
RSIDS,41,2000000,71979.275,2
RSIDS,41,2000000,71681.385,3
RSIDS,41,2000000,67844.976,4
RSIDS,41,2000000,66371.560,5
RSIDS,41,2000000,65825.925,6
RSIDS,42,1,27973.062,2
RSIDS,42,1,27736.367,3
RSIDS,42,1,29320.181,4
RSIDS,42,1,27518.102,5
RSIDS,42,1,28112.838,6
RSIDS,42,200000,29958.521,2
RSIDS,42,200000,29304.405,3
RSIDS,42,200000,30533.154,4
RSIDS,42,200000,29830.090,5
RSIDS,42,200000,30093.218,6
RSIDS,42,40000,33790.053,2
RSIDS,42,40000,33033.878,3
RSIDS,42,40000,33422.414,4
RSIDS,42,40000,32888.589,5
RSIDS,42,40000,31902.176,6
RSIDS,42,600000,38795.442,2
RSIDS,42,600000,39658.439,3
RSIDS,42,600000,40093.140,4
RSIDS,42,600000,41001.933,5
RSIDS,42,600000,38870.373,6
RSIDS,42,800000,43437.723,2
RSIDS,42,800000,43615.534,3
RSIDS,42,800000,44440.121,4
RSIDS,42,800000,42888.624,5
RSIDS,42,800000,43215.727,6
RSIDS,42,1000000,50811.813,2
RSIDS,42,1000000,46916.475,3
RSIDS,42,1000000,49354.113,4
RSIDS,42,1000000,49676.130,5
RSIDS,42,1000000,47755.739,6
RSIDS,42,1200000,52650.526,2
RSIDS,42,1200000,51215.636,3
RSIDS,42,1200000,52730.097,4
RSIDS,42,1200000,52181.934,5
RSIDS,42,1200000,54267.530,6
RSIDS,42,1400000,62767.063,2
RSIDS,42,1400000,56617.750,3
RSIDS,42,1400000,56510.558,4
RSIDS,42,1400000,56059.294,5
RSIDS,42,1400000,55293.391,6
RSIDS,42,1600000,63850.516,2
RSIDS,42,1600000,60616.506,3
RSIDS,42,1600000,62473.988,4
RSIDS,42,1600000,60187.526,5
RSIDS,42,1600000,60574.648,6
RSIDS,42,1800000,61985.320,2
RSIDS,42,1800000,62163.907,3
RSIDS,42,1800000,63037.998,4
RSIDS,42,1800000,67200.857,5
RSIDS,42,1800000,65658.775,6
RSIDS,42,2000000,67847.821,2
RSIDS,42,2000000,70000.397,3
RSIDS,42,2000000,70256.720,4
RSIDS,42,2000000,66626.298,5
RSIDS,42,2000000,66890.781,6
RSIDS,43,1,27997.681,2
RSIDS,43,1,29511.595,3
RSIDS,43,1,27779.981,4
RSIDS,43,1,28425.647,5
RSIDS,43,1,28641.846,6
RSIDS,43,200000,28704.685,2
RSIDS,43,200000,28691.477,3
RSIDS,43,200000,29694.202,4
RSIDS,43,200000,29331.067,5
RSIDS,43,200000,29282.321,6
RSIDS,43,40000,32585.667,2
RSIDS,43,40000,33753.106,3
RSIDS,43,40000,33111.034,4
RSIDS,43,40000,34162.399,5
RSIDS,43,40000,34101.287,6
RSIDS,43,600000,42556.711,2
RSIDS,43,600000,42758.847,3
RSIDS,43,600000,41295.258,4
RSIDS,43,600000,38648.442,5
RSIDS,43,600000,41244.421,6
RSIDS,43,800000,46595.355,2
RSIDS,43,800000,44743.440,3
RSIDS,43,800000,42840.689,4
RSIDS,43,800000,43492.120,5
RSIDS,43,800000,48423.438,6
RSIDS,43,1000000,49336.436,2
RSIDS,43,1000000,51534.018,3
RSIDS,43,1000000,51996.245,4
RSIDS,43,1000000,46599.663,5
RSIDS,43,1000000,46523.358,6
RSIDS,43,1200000,49881.199,2
RSIDS,43,1200000,51225.978,3
RSIDS,43,1200000,51211.609,4
RSIDS,43,1200000,50708.081,5
RSIDS,43,1200000,49984.042,6
RSIDS,43,1400000,53214.464,2
RSIDS,43,1400000,53439.756,3
RSIDS,43,1400000,54148.284,4
RSIDS,43,1400000,52747.191,5
RSIDS,43,1400000,54844.077,6
RSIDS,43,1600000,61019.582,2
RSIDS,43,1600000,62363.733,3
RSIDS,43,1600000,59948.007,4
RSIDS,43,1600000,62810.043,5
RSIDS,43,1600000,61419.521,6
RSIDS,43,1800000,63579.680,2
RSIDS,43,1800000,64720.339,3
RSIDS,43,1800000,65386.816,4
RSIDS,43,1800000,61641.410,5
RSIDS,43,1800000,64936.961,6
RSIDS,43,2000000,70703.806,2
RSIDS,43,2000000,71769.904,3
RSIDS,43,2000000,70693.924,4
RSIDS,43,2000000,73246.652,5
RSIDS,43,2000000,67183.969,6
RSIDS,44,1,28336.679,2
RSIDS,44,1,28495.356,3
RSIDS,44,1,28720.708,4
RSIDS,44,1,29763.050,5
RSIDS,44,1,29020.877,6
RSIDS,44,200000,29480.771,2
RSIDS,44,200000,28722.659,3
RSIDS,44,200000,29772.356,4
RSIDS,44,200000,29656.039,5
RSIDS,44,200000,29359.646,6
RSIDS,44,40000,32854.526,2
RSIDS,44,40000,33432.503,3
RSIDS,44,40000,33106.418,4
RSIDS,44,40000,32697.906,5
RSIDS,44,40000,31897.145,6
RSIDS,44,600000,41447.095,2
RSIDS,44,600000,40158.815,3
RSIDS,44,600000,41048.899,4
RSIDS,44,600000,41205.478,5
RSIDS,44,600000,42002.993,6
RSIDS,44,800000,55239.797,2
RSIDS,44,800000,45777.943,3
RSIDS,44,800000,50281.492,4
RSIDS,44,800000,49877.955,5
RSIDS,44,800000,44400.134,6
RSIDS,44,1000000,47879.007,2
RSIDS,44,1000000,52204.552,3
RSIDS,44,1000000,59627.166,4
RSIDS,44,1000000,49643.889,5
RSIDS,44,1000000,48788.870,6
RSIDS,44,1200000,50543.422,2
RSIDS,44,1200000,55788.324,3
RSIDS,44,1200000,51921.401,4
RSIDS,44,1200000,50502.606,5
RSIDS,44,1200000,51760.500,6
RSIDS,44,1400000,61480.506,2
RSIDS,44,1400000,57624.116,3
RSIDS,44,1400000,55817.700,4
RSIDS,44,1400000,57476.670,5
RSIDS,44,1400000,58157.003,6
RSIDS,44,1600000,60221.972,2
RSIDS,44,1600000,60716.618,3
RSIDS,44,1600000,62398.672,4
RSIDS,44,1600000,59666.407,5
RSIDS,44,1600000,61738.407,6
RSIDS,44,1800000,76493.194,2
RSIDS,44,1800000,68093.401,3
RSIDS,44,1800000,64937.995,4
RSIDS,44,1800000,64838.213,5
RSIDS,44,1800000,70053.711,6
RSIDS,44,2000000,72356.777,2
RSIDS,44,2000000,68011.524,3
RSIDS,44,2000000,70187.632,4
RSIDS,44,2000000,74029.783,5
RSIDS,44,2000000,70871.814,6
RSIDS,45,1,28752.111,2
RSIDS,45,1,30012.509,3
RSIDS,45,1,28491.383,4
RSIDS,45,1,29584.205,5
RSIDS,45,1,28166.878,6
RSIDS,45,200000,28954.551,2
RSIDS,45,200000,31937.892,3
RSIDS,45,200000,28993.852,4
RSIDS,45,200000,29961.664,5
RSIDS,45,200000,28533.906,6
RSIDS,45,40000,31911.051,2
RSIDS,45,40000,33276.012,3
RSIDS,45,40000,32192.773,4
RSIDS,45,40000,32522.989,5
RSIDS,45,40000,33096.435,6
RSIDS,45,600000,40365.861,2
RSIDS,45,600000,41973.534,3
RSIDS,45,600000,40827.521,4
RSIDS,45,600000,41990.621,5
RSIDS,45,600000,39708.803,6
RSIDS,45,800000,45534.066,2
RSIDS,45,800000,46854.830,3
RSIDS,45,800000,48623.125,4
RSIDS,45,800000,46915.681,5
RSIDS,45,800000,43154.020,6
RSIDS,45,1000000,47378.569,2
RSIDS,45,1000000,49997.405,3
RSIDS,45,1000000,49207.147,4
RSIDS,45,1000000,51878.698,5
RSIDS,45,1000000,48125.828,6
RSIDS,45,1200000,54384.251,2
RSIDS,45,1200000,54818.343,3
RSIDS,45,1200000,61084.452,4
RSIDS,45,1200000,52530.557,5
RSIDS,45,1200000,52772.291,6
RSIDS,45,1400000,57427.926,2
RSIDS,45,1400000,61054.238,3
RSIDS,45,1400000,57892.710,4
RSIDS,45,1400000,55921.021,5
RSIDS,45,1400000,56333.791,6
RSIDS,45,1600000,68785.557,2
RSIDS,45,1600000,62089.092,3
RSIDS,45,1600000,62362.349,4
RSIDS,45,1600000,63186.891,5
RSIDS,45,1600000,61646.105,6
RSIDS,45,1800000,64594.494,2
RSIDS,45,1800000,68091.448,3
RSIDS,45,1800000,68670.849,4
RSIDS,45,1800000,68392.930,5
RSIDS,45,1800000,68269.726,6
RSIDS,45,2000000,70809.282,2
RSIDS,45,2000000,69478.764,3
RSIDS,45,2000000,67319.152,4
RSIDS,45,2000000,65415.341,5
RSIDS,45,2000000,65807.080,6
RSIDS,46,1,28294.278,2
RSIDS,46,1,29460.543,3
RSIDS,46,1,28460.641,4
RSIDS,46,1,29472.570,5
RSIDS,46,1,28320.713,6
RSIDS,46,200000,29236.332,2
RSIDS,46,200000,31838.128,3
RSIDS,46,200000,29005.272,4
RSIDS,46,200000,30052.528,5
RSIDS,46,200000,28825.028,6
RSIDS,46,40000,31722.182,2
RSIDS,46,40000,32312.140,3
RSIDS,46,40000,31867.454,4
RSIDS,46,40000,31207.844,5
RSIDS,46,40000,32837.055,6
RSIDS,46,600000,40317.270,2
RSIDS,46,600000,41203.148,3
RSIDS,46,600000,39374.103,4
RSIDS,46,600000,39550.693,5
RSIDS,46,600000,40968.352,6
RSIDS,46,800000,44327.249,2
RSIDS,46,800000,46299.027,3
RSIDS,46,800000,44454.107,4
RSIDS,46,800000,43109.133,5
RSIDS,46,800000,45110.172,6
RSIDS,46,1000000,48848.207,2
RSIDS,46,1000000,48275.065,3
RSIDS,46,1000000,50921.603,4
RSIDS,46,1000000,49645.099,5
RSIDS,46,1000000,46817.394,6
RSIDS,46,1200000,52737.681,2
RSIDS,46,1200000,54013.453,3
RSIDS,46,1200000,57918.414,4
RSIDS,46,1200000,50609.126,5
RSIDS,46,1200000,51244.138,6
RSIDS,46,1400000,56185.437,2
RSIDS,46,1400000,57122.819,3
RSIDS,46,1400000,65726.944,4
RSIDS,46,1400000,56089.449,5
RSIDS,46,1400000,56894.129,6
RSIDS,46,1600000,57973.179,2
RSIDS,46,1600000,58180.095,3
RSIDS,46,1600000,60189.709,4
RSIDS,46,1600000,57634.830,5
RSIDS,46,1600000,62074.880,6
RSIDS,46,1800000,65260.615,2
RSIDS,46,1800000,64162.746,3
RSIDS,46,1800000,67164.085,4
RSIDS,46,1800000,62922.406,5
RSIDS,46,1800000,61882.904,6
RSIDS,46,2000000,68136.194,2
RSIDS,46,2000000,69680.893,3
RSIDS,46,2000000,67916.805,4
RSIDS,46,2000000,66009.907,5
RSIDS,46,2000000,66919.754,6
RSIDS,47,1,27904.544,2
RSIDS,47,1,28666.333,3
RSIDS,47,1,28625.611,4
RSIDS,47,1,27796.635,5
RSIDS,47,1,29719.377,6
RSIDS,47,200000,28643.288,2
RSIDS,47,200000,28842.804,3
RSIDS,47,200000,29389.663,4
RSIDS,47,200000,28890.946,5
RSIDS,47,200000,29850.780,6
RSIDS,47,40000,31794.868,2
RSIDS,47,40000,32735.969,3
RSIDS,47,40000,32788.016,4
RSIDS,47,40000,31570.547,5
RSIDS,47,40000,32959.198,6
RSIDS,47,600000,41172.495,2
RSIDS,47,600000,39543.089,3
RSIDS,47,600000,39747.447,4
RSIDS,47,600000,40839.256,5
RSIDS,47,600000,39520.248,6
RSIDS,47,800000,44802.580,2
RSIDS,47,800000,43908.909,3
RSIDS,47,800000,43084.593,4
RSIDS,47,800000,45146.678,5
RSIDS,47,800000,42830.190,6
RSIDS,47,1000000,47008.198,2
RSIDS,47,1000000,47737.103,3
RSIDS,47,1000000,46507.356,4
RSIDS,47,1000000,48602.851,5
RSIDS,47,1000000,47728.106,6
RSIDS,47,1200000,50708.514,2
RSIDS,47,1200000,52778.088,3
RSIDS,47,1200000,50927.026,4
RSIDS,47,1200000,55106.520,5
RSIDS,47,1200000,56450.376,6
RSIDS,47,1400000,53439.425,2
RSIDS,47,1400000,55886.208,3
RSIDS,47,1400000,55738.548,4
RSIDS,47,1400000,54674.038,5
RSIDS,47,1400000,54335.358,6
RSIDS,47,1600000,69124.441,2
RSIDS,47,1600000,63090.401,3
RSIDS,47,1600000,61610.722,4
RSIDS,47,1600000,59399.666,5
RSIDS,47,1600000,61480.044,6
RSIDS,47,1800000,63038.827,2
RSIDS,47,1800000,62762.821,3
RSIDS,47,1800000,61307.911,4
RSIDS,47,1800000,64304.259,5
RSIDS,47,1800000,64446.366,6
RSIDS,47,2000000,64107.433,2
RSIDS,47,2000000,69610.608,3
RSIDS,47,2000000,78831.992,4
RSIDS,47,2000000,69512.612,5
RSIDS,47,2000000,69699.339,6
RSIDS,48,1,28885.623,2
RSIDS,48,1,28440.424,3
RSIDS,48,1,29208.519,4
RSIDS,48,1,28954.116,5
RSIDS,48,1,29238.419,6
RSIDS,48,200000,29560.950,2
RSIDS,48,200000,29295.290,3
RSIDS,48,200000,29125.196,4
RSIDS,48,200000,29423.189,5
RSIDS,48,200000,31185.915,6
RSIDS,48,40000,32804.506,2
RSIDS,48,40000,32494.031,3
RSIDS,48,40000,35077.154,4
RSIDS,48,40000,36006.931,5
RSIDS,48,40000,32257.186,6
RSIDS,48,600000,40494.429,2
RSIDS,48,600000,42495.063,3
RSIDS,48,600000,38709.934,4
RSIDS,48,600000,40317.702,5
RSIDS,48,600000,39424.387,6
RSIDS,48,800000,47397.930,2
RSIDS,48,800000,47732.727,3
RSIDS,48,800000,42939.540,4
RSIDS,48,800000,46347.970,5
RSIDS,48,800000,43709.871,6
RSIDS,48,1000000,47587.685,2
RSIDS,48,1000000,47014.025,3
RSIDS,48,1000000,47883.018,4
RSIDS,48,1000000,46648.888,5
RSIDS,48,1000000,47205.220,6
RSIDS,48,1200000,50606.505,2
RSIDS,48,1200000,53322.725,3
RSIDS,48,1200000,53184.714,4
RSIDS,48,1200000,52903.501,5
RSIDS,48,1200000,53215.860,6
RSIDS,48,1400000,60885.774,2
RSIDS,48,1400000,58601.454,3
RSIDS,48,1400000,55313.297,4
RSIDS,48,1400000,56386.313,5
RSIDS,48,1400000,53298.012,6
RSIDS,48,1600000,58758.013,2
RSIDS,48,1600000,59599.272,3
RSIDS,48,1600000,61092.552,4
RSIDS,48,1600000,63282.513,5
RSIDS,48,1600000,61781.556,6
RSIDS,48,1800000,69038.545,2
RSIDS,48,1800000,65634.331,3
RSIDS,48,1800000,62202.768,4
RSIDS,48,1800000,62463.137,5
RSIDS,48,1800000,60854.978,6
RSIDS,48,2000000,68598.193,2
RSIDS,48,2000000,68471.799,3
RSIDS,48,2000000,67957.941,4
RSIDS,48,2000000,65565.310,5
RSIDS,48,2000000,66570.227,6
RSIDS,49,1,28217.864,2
RSIDS,49,1,28291.337,3
RSIDS,49,1,28105.336,4
RSIDS,49,1,28195.608,5
RSIDS,49,1,28343.355,6
RSIDS,49,200000,29244.635,2
RSIDS,49,200000,35871.684,3
RSIDS,49,200000,28961.936,4
RSIDS,49,200000,29746.501,5
RSIDS,49,200000,29144.028,6
RSIDS,49,40000,32745.307,2
RSIDS,49,40000,33005.610,3
RSIDS,49,40000,34010.937,4
RSIDS,49,40000,32096.895,5
RSIDS,49,40000,33107.343,6
RSIDS,49,600000,43082.611,2
RSIDS,49,600000,39969.834,3
RSIDS,49,600000,38616.825,4
RSIDS,49,600000,40252.301,5
RSIDS,49,600000,39981.352,6
RSIDS,49,800000,44915.846,2
RSIDS,49,800000,44945.296,3
RSIDS,49,800000,44402.746,4
RSIDS,49,800000,43106.816,5
RSIDS,49,800000,51262.039,6
RSIDS,49,1000000,49426.735,2
RSIDS,49,1000000,49497.357,3
RSIDS,49,1000000,55079.808,4
RSIDS,49,1000000,48691.957,5
RSIDS,49,1000000,50348.939,6
RSIDS,49,1200000,51934.941,2
RSIDS,49,1200000,55337.914,3
RSIDS,49,1200000,51377.315,4
RSIDS,49,1200000,53603.339,5
RSIDS,49,1200000,51713.581,6
RSIDS,49,1400000,54317.365,2
RSIDS,49,1400000,58454.094,3
RSIDS,49,1400000,55845.053,4
RSIDS,49,1400000,53889.998,5
RSIDS,49,1400000,55672.549,6
RSIDS,49,1600000,63567.864,2
RSIDS,49,1600000,68092.492,3
RSIDS,49,1600000,59403.747,4
RSIDS,49,1600000,59071.504,5
RSIDS,49,1600000,60524.720,6
RSIDS,49,1800000,63943.250,2
RSIDS,49,1800000,68959.756,3
RSIDS,49,1800000,65078.295,4
RSIDS,49,1800000,65287.201,5
RSIDS,49,1800000,63211.262,6
RSIDS,49,2000000,67907.198,2
RSIDS,49,2000000,70770.177,3
RSIDS,49,2000000,69215.294,4
RSIDS,49,2000000,68737.936,5
RSIDS,49,2000000,83201.402,6
