isoform,ptms
A2RUS2,"[00046:472,00046:490]"
A2VEC9,[00812:null]
A4D1S5,"[00113:215,00113:217]"
A6ND01,[00105:228]
A6NHL2,[00064:null]
A6NHL2,[00206:null]
A6NHL2,[00207:null]
A6NMZ7,[00037:null]
A6NMZ7,"[00037:null,00038:null,00039:null]"
A6NMZ7,"[00037:null,00039:null]"
A6NMZ7,"[00038:null,00039:null]"
A6NMZ7,"[00038:null,00039:null,00162:null]"
A6NMZ7,"[00038:null,00039:null,01914:null]"
A6NMZ7,[00039:null]
A6NMZ7,"[00039:null,00162:null]"
A6NMZ7,"[00039:null,01914:null]"
A6NMZ7,[00162:null]
A6NMZ7,[01914:null]
A6NNZ2,[00206:null]
A6NNZ2,[00207:null]
A8TX70,[00037:null]
A8TX70,"[00037:null,00038:null,00039:null]"
A8TX70,"[00037:null,00039:null]"
A8TX70,"[00038:null,00039:null]"
A8TX70,"[00038:null,00039:null,00162:null]"
A8TX70,"[00038:null,00039:null,01914:null]"
A8TX70,[00039:null]
A8TX70,"[00039:null,00162:null]"
A8TX70,"[00039:null,01914:null]"
A8TX70,[00162:null]
A8TX70,[01914:null]
O00141,[00046:422]
O00141,"[00046:422,00047:256]"
O00161,[00046:95]
O00167,[00696:null]
O00186,[00048:521]
O00186,[00696:null]
O00194,"[00113:216,00113:218]"
O00203,"[00046:445,00046:602,00046:729,00047:599]"
O00203,"[00046:445,00046:729]"
O00206,"[00160:526,00160:575]"
O00221,"[00046:157,00046:161]"
O00221,"[00046:157,00046:161,01148:null]"
O00238,[00046:null]
O00255,[00696:null]
O00257,[01149:494]
O00267,[00696:null]
O00327,[00046:null]
O00391,[00696:null]
O00401,[00048:256]
O00418,[00046:366]
O00459,[01148:null]
O00468,[00814:null]
O00482-2,[01149:270]
O00548,[01148:null]
O00622,[00696:null]
O00716,[00696:null]
O00744,[00160:null]
O00744,"[00160:null,01381:253]"
O00755,[00160:null]
O00755,"[00160:null,01381:206]"
O00762,[00211:114]
O00763,"[00046:79,00126:929]"
O00763,[00126:929]
O14492,[00048:629]
O14531,[00046:544]
O14531,[00048:null]
O14561,[00159:112]
O14594,[00814:null]
O14613,[00696:null]
O14618,[00798:141]
O14640,[00046:null]
O14640,[00696:null]
O14640,[01148:null]
O14641,[00696:null]
O14641,[01148:null]
O14672,[00696:null]
O14733,"[00046:271,00047:275]"
O14744,"[00048:297,00048:304,00048:307]"
O14757,"[00046:317,00046:345]"
O14791,[00696:null]
O14904,[00160:null]
O14904,"[00160:null,01381:221]"
O14905,[00160:null]
O14905,"[00160:null,01381:216]"
O14920,"[00046:177,00046:181]"
O14950,"[00046:20,00047:19]"
O14950,[00047:19]
O14965,[00047:288]
O14965,[01148:null]
O14965,[01149:258]
O14966,"[00113:202,00113:203]"
O14974,[00046:473]
O14974,"[00046:852,00047:696]"
O14974,[00047:696]
O15055,[00046:null]
O15055,"[00046:null,01148:null]"
O15072,[00812:null]
O15111,"[00046:176,00046:180]"
O15111,[00047:23]
O15151,"[00046:342,00046:367,00046:403]"
O15151,"[00046:342,00046:367,00046:403,01148:null]"
O15151,[00046:403]
O15151,[01148:null]
O15164,"[00046:445,00046:602,00046:729,00047:599]"
O15164,"[00046:445,00046:729]"
O15164,"[00048:766,00048:null]"
O15169,"[00046:524,00046:531,00047:519]"
O15169,[00752:null]
O15169,"[00752:null,01148:null]"
O15169,[01148:505]
O15197,"[00048:645,00048:651]"
O15198,"[00046:465,00046:467]"
O15232,[00696:null]
O15240,[00696:null]
O15264,"[00047:180,00048:182]"
O15270,[00128:379]
O15350,[01148:null]
O15382,[00128:229]
O15392,[01148:null]
O15488,[00166:196]
O15488,[00166:228]
O15498,[00115:194]
O15516,[00046:null]
O15534,[00046:null]
O15534,"[00046:null,01148:null]"
O43157,[00048:null]
O43187,[00696:null]
O43252,"[00046:445,00046:602,00046:729,00047:599]"
O43252,"[00046:445,00046:729]"
O43280,[00171:556]
O43303,[01148:null]
O43318,"[00046:192,00047:178,00047:184,00047:187,01148:34,01148:158]"
O43318,"[00047:184,00047:187]"
O43318,[00047:187]
O43318,[00696:null]
O43318,"[01148:34,01148:158]"
O43318,[01148:null]
O43323,"[00069:23,00314:198]"
O43323,[00160:null]
O43323,"[00160:null,00798:199]"
O43323,"[00160:null,01148:null]"
O43323,[00314:198]
O43323,[00798:199]
O43353,[01148:209]
O43493,[00696:null]
O43521,"[00046:445,00046:602,00046:729,00047:599]"
O43521,"[00046:445,00046:729]"
O43521,[00046:65]
O43521,[00696:null]
O43524,[00046:215]
O43524,"[00046:253,00046:315,00047:32]"
O43559,"[00048:191,00048:286,00048:321,00048:416,00048:454]"
O43559,[00048:null]
O43561,"[00048:156,00048:161,00048:200,00048:220,00048:255]"
O43561,"[00048:200,00048:220]"
O43561-2,"[00048:127,00048:132,00048:171,00048:191,00048:226]"
O43597,"[00046:111,00046:120]"
O43597,"[00046:112,00046:115]"
O43597,"[00046:112,00046:121]"
O43597,[00048:55]
O43597,"[00048:55,00048:227]"
O43609,[00048:53]
O43653,[00105:95]
O43768,[00046:67]
O43852,[00696:null]
O43895,[00090:649]
O43914,"[00048:91,00048:102]"
O60216,[00046:454]
O60216,[01149:null]
O60220,"[00798:43,00798:47,00798:62,00798:66]"
O60229,[00696:null]
O60240,"[00046:81,00046:277]"
O60260,[01148:null]
O60285,[00047:211]
O60343,"[00046:318,00046:341,00046:570,00046:588,00046:751,00047:642]"
O60353,[01148:null]
O60493,[01148:null]
O60500,"[00048:1158,00048:1176,00048:1193,00048:1217]"
O60674,[00048:1007]
O60674,"[00048:1007,00048:1008]"
O60674,"[00048:119,00048:221,00048:372,00048:373,00048:570,00048:637,00048:813,00048:868,00048:966,00048:972,00048:1007,00048:1008]"
O60674,[00048:813]
O60674,[00696:null]
O60814,[00064:13]
O60814,[00064:16]
O60814,[00064:21]
O60814,[00064:6]
O60814,[00064:null]
O60814,[01148:120]
O60814,[01148:121]
O60870,[00083:135]
O60879-2,[00046:196]
O60934,[00046:343]
O60938,[00831:null]
O75015,[00105:200]
O75030,"[01149:289,01149:423]"
O75051,[00048:null]
O75056,[00814:null]
O75143,[00696:null]
O75164,[01148:null]
O75173,[00812:null]
O75197,"[00046:null,00047:null]"
O75339,[00812:null]
O75385,"[00046:317,00046:467,00046:556,00046:638,00047:180,00047:575]"
O75385,"[00046:317,00046:467,00046:556,00046:638,00047:575]"
O75385,[00046:758]
O75443,[00092:2091]
O75460,[00046:724]
O75461,[00046:12]
O75469-1,[01149:null]
O75487,[00814:null]
O75525,[00048:null]
O75531,"[00046:4,00047:2,00047:3]"
O75553,"[00048:198,00048:220,00048:232]"
O75581,[00046:1490]
O75581,"[00046:1490,00046:null,00047:1479,00047:1493,00047:null]"
O75581,"[00046:1490,00046:null,00047:null]"
O75581,"[00046:1490,00047:1479,00047:1493]"
O75582,"[00046:212,00046:360,00046:376,00047:581]"
O75886,[01148:null]
O75888,[00047:244]
O75891,[00159:354]
O75914,"[00046:154,00047:436]"
O75916-3,[00046:478]
O76024,[00696:null]
O76061,[00696:null]
O94772,[00097:115]
O94779,[00105:1072]
O94826,[01148:null]
O94855,[00696:null]
O94856,[00048:1319]
O94905,"[00048:463,00048:583,00048:585,00048:653,00048:654,00048:730,00048:766,00048:776]"
O94953,[01148:null]
O95084,[00696:null]
O95140,[01148:null]
O95185,"[00048:449,00048:454,00048:568,00048:649,00048:667]"
O95196,[00814:null]
O95235,[00046:528]
O95267,[00047:184]
O95274,[00094:326]
O95278,[01148:null]
O95352,"[00046:445,00046:602,00046:729,00047:599]"
O95352,"[00046:445,00046:729]"
O95352,[01777:572]
O95396,[00274:412]
O95429,"[00048:463,00048:583,00048:585,00048:653,00048:654,00048:730,00048:766,00048:776]"
O95450,[00812:null]
O95470,[00128:353]
O95477,"[00046:1042,00046:2054,00115:3,00115:23,00115:1110,00115:1111]"
O95477,"[00115:3,00115:23,00115:1110,00115:1111]"
O95486,[00696:null]
O95487,[00696:null]
O95497,[00097:491]
O95498,[00094:493]
O95633,[00696:null]
O95644,"[00046:175,00046:176,00046:178,00046:179,00046:181,00046:233,00046:237,00046:241,00046:257,00046:278,00046:286,00046:290]"
O95644,[00046:257]
O95677,[00696:null]
O95684,"[00048:766,00048:null]"
O95714,[00047:4827]
O95714,"[00047:4827,01149:null]"
O95714,[01149:null]
O95716,"[00113:217,00113:219]"
O95755,"[00113:332,00113:333]"
O95760,[01148:null]
O95786,"[01148:154,01148:164,01148:172]"
O95786,[01148:null]
O95835,"[00046:909,00047:1097]"
O95867,[00105:99]
O95868,[00105:104]
O95925,[00798:null]
O95972,[00696:null]
O95980,[00105:942]
O95997,[01148:null]
O95999,[00696:null]
O95999,[01148:null]
O96014,[00160:null]
O96014,"[00160:null,01381:215]"
O96017,"[00046:379,00047:68,00047:383,00047:387]"
O96017,[00047:68]
O96028,[00046:102]
O96033,[01625:88]
P00367,[00064:null]
P00367,[00752:null]
P00387,[00068:2]
P00441,[00798:57]
P00450,[00696:null]
P00505,[00128:279]
P00519,[00046:456]
P00533,"[00048:1068,00048:1086,00048:1148,00048:1173]"
P00533,"[00048:1086,00048:1101]"
P00533,"[00048:992,00048:1045,00048:1068,00048:1086,00048:1148,00048:1173]"
P00533,"[00048:992,00048:1045,00048:1068,00048:1086,00048:1148,00048:1173,01631:750,01632:748,01636:746,01636:749,01641:747]"
P00533,"[00048:992,00048:1045,00048:1068,00048:1086,00048:1148,00048:1173,01631:750,01632:748,01636:746,01636:749,01641:747,01647:751]"
P00533,"[00048:992,00048:1045,00048:1068,00048:1086,00048:1148,00048:1173,01631:750,01632:748,01636:749,01641:747]"
P00533,"[00048:992,00048:1045,00048:1068,00048:1086,00048:1148,00048:1173,01631:750,01632:748,01636:749,01641:747,01646:752,01647:751]"
P00533,"[00048:992,00048:1045,00048:1068,00048:1086,00048:1148,00048:1173,01631:750,01632:748,01636:749,01641:747,01647:751]"
P00533,"[00048:992,00048:1045,00048:1068,00048:1086,00048:1148,00048:1173,01632:748,01636:749,01641:747]"
P00533,"[00048:992,00048:1045,00048:1068,00048:1086,00048:1173]"
P00533,"[00048:992,00048:1068,00048:1086,00048:1148,00048:1173]"
P00533,"[01631:750,01632:748,01636:746,01636:749,01641:747]"
P00533,"[01631:750,01632:748,01636:746,01636:749,01641:747,01647:751]"
P00533,"[01631:750,01632:748,01636:749,01641:747]"
P00533,"[01631:750,01632:748,01636:749,01641:747,01646:752,01647:751]"
P00533,"[01631:750,01632:748,01636:749,01641:747,01647:751]"
P00533,"[01632:748,01636:749,01641:747]"
P00734,"[00041:49,00041:50,00041:57,00041:59,00041:62,00041:63,00041:68,00041:69,00041:72,00041:75]"
P00738,"[00798:266,00798:309,00798:340,00798:351,00798:381]"
P00738,"[00798:33,00798:52,00798:86,00798:92,00798:111,00798:145,00798:149]"
P00740,[00036:110]
P00740,"[00036:110,00041:53,00041:54,00041:61,00041:63,00041:66,00041:67,00041:72,00041:73,00041:76,00041:79,00041:82,00041:86]"
P00742,[00036:102]
P00742,"[00036:102,00041:46,00041:47,00041:54,00041:56,00041:59,00041:60,00041:65,00041:66,00041:69,00041:72,00041:79]"
P01008,[00696:null]
P01009,[00160:null]
P01009,[00696:null]
P01024,[00117:1010]
P01024,[00685:1013]
P01024,[00696:null]
P01033,[00696:null]
P01034,[00696:null]
P01042,[00696:null]
P01100,"[00046:362,00046:374,00047:325,00047:331]"
P01106,[01148:null]
P01210,[00696:null]
P01215,"[00693:76,00693:102]"
P01229,[00693:50]
P01275,[00091:127]
P01308,"[00087:53,00798:31,00798:43]"
P01308,"[00798:31,00798:43]"
P01308,"[00798:31,00798:43,00798:95,00798:96,00798:100,00798:109]"
P01308,"[00798:95,00798:96,00798:100,00798:109]"
P01583,"[00087:82,00087:83]"
P01892,[01148:null]
P02452,[00037:null]
P02452,"[00037:null,00038:null,00039:null]"
P02452,"[00037:null,00038:null,00039:null,00130:170]"
P02452,"[00037:null,00038:null,00039:null,00130:null]"
P02452,"[00037:null,00039:null]"
P02452,"[00037:null,00039:null,00130:170]"
P02452,"[00037:null,00039:null,00130:null]"
P02452,"[00037:null,00130:170]"
P02452,"[00037:null,00130:null]"
P02452,"[00038:null,00039:null]"
P02452,"[00038:null,00039:null,00130:170]"
P02452,"[00038:null,00039:null,00130:170,00162:null]"
P02452,"[00038:null,00039:null,00130:170,01914:null]"
P02452,"[00038:null,00039:null,00130:null]"
P02452,"[00038:null,00039:null,00130:null,00162:null]"
P02452,"[00038:null,00039:null,00130:null,01914:null]"
P02452,"[00038:null,00039:null,00162:null]"
P02452,"[00038:null,00039:null,01914:null]"
P02452,[00039:null]
P02452,"[00039:null,00130:170]"
P02452,"[00039:null,00130:170,00162:null]"
P02452,"[00039:null,00130:170,01914:null]"
P02452,"[00039:null,00130:null]"
P02452,"[00039:null,00130:null,00162:null]"
P02452,"[00039:null,00130:null,01914:null]"
P02452,"[00039:null,00162:null]"
P02452,"[00039:null,01914:null]"
P02452,[00130:170]
P02452,"[00130:170,00162:null]"
P02452,"[00130:170,01914:null]"
P02452,[00130:null]
P02452,"[00130:null,00162:null]"
P02452,"[00130:null,01914:null]"
P02452,[00162:null]
P02452,[01914:null]
P02458,[00037:null]
P02458,"[00037:null,00038:null,00039:null]"
P02458,"[00037:null,00039:null]"
P02458,"[00038:null,00039:null]"
P02458,"[00038:null,00039:null,00162:null]"
P02458,"[00038:null,00039:null,01914:null]"
P02458,[00039:null]
P02458,"[00039:null,00162:null]"
P02458,"[00039:null,01914:null]"
P02458,[00162:null]
P02458,[01914:null]
P02461,[00037:null]
P02461,"[00037:null,00038:null,00039:null]"
P02461,"[00037:null,00039:null]"
P02461,"[00038:null,00039:null]"
P02461,"[00038:null,00039:null,00162:null]"
P02461,"[00038:null,00039:null,01914:null]"
P02461,[00039:null]
P02461,"[00039:null,00162:null]"
P02461,"[00039:null,01914:null]"
P02461,[00162:null]
P02461,[01914:null]
P02462,[00037:null]
P02462,"[00037:null,00038:null,00039:null]"
P02462,"[00037:null,00039:null]"
P02462,"[00038:null,00039:null]"
P02462,"[00038:null,00039:null,00162:null]"
P02462,"[00038:null,00039:null,01914:null]"
P02462,[00039:null]
P02462,"[00039:null,00162:null]"
P02462,"[00039:null,01914:null]"
P02462,[00162:null]
P02462,[01914:null]
P02545,"[00046:338,00046:494,00046:621,00047:491,00048:341]"
P02545,[00046:621]
P02545-1,"[00046:22,00046:392]"
P02545-1,"[00046:22,00046:395]"
P02545-1,[00046:395]
P02545-2,"[00046:22,00046:395]"
P02545-2,[00046:395]
P02647,[00696:null]
P02649,[00696:null]
P02652,[00696:null]
P02671,[00696:null]
P02679,[00696:null]
P02751,[00696:null]
P02760,[00687:54]
P02765,[00696:null]
P02768,[00696:null]
P02771,[00696:null]
P02787,[00696:null]
P02818,"[00041:68,00041:72,00041:75]"
P03372,[00046:118]
P03372,"[01149:266,01149:268,01149:299,01149:302,01149:303]"
P03999,[00317:null]
P03999,[01999:null]
P04000,[00317:null]
P04000,[01999:null]
P04001,[00317:null]
P04001,[01999:null]
P04049,"[00046:259,00046:621]"
P04049,"[00046:29,00046:43,00046:259,00046:296,00046:301,00046:338,00046:494,00046:621,00046:642,00047:491,00048:341]"
P04049,[00046:338]
P04049,"[00046:338,00046:494,00046:621,00047:491,00048:341]"
P04049,"[00046:338,00048:340,00048:341]"
P04049,"[00046:494,00046:621,00047:491,00048:341]"
P04049,[00046:621]
P04070,[00036:113]
P04070,"[00036:113,00041:49,00041:56,00041:58,00041:61,00041:62,00041:67,00041:68,00041:71]"
P04070,[00696:null]
P04114,"[00028:680,00028:883,00028:2665,00028:2845,00028:4019,00028:4531,00464:583,00465:56,00465:144,00465:276,00465:1020,00465:3295,00465:3923,00465:3926,00465:4380,00465:4451,00478:65,00478:145,00478:663,00478:1007,00478:2620,00478:2659,00478:3262,00478:3293,00478:3310,00478:3593,00912:2195,00912:2208,00971:596,00971:2507,00971:4529]"
P04114,[00064:null]
P04114,[00696:null]
P04150,"[01149:277,01149:293]"
P04179,[00064:122]
P04181,[00128:292]
P04216,[00094:130]
P04234,"[00048:149,00048:160]"
P04279,[00798:239]
P04350,[00206:null]
P04350,[00207:null]
P04439,[01148:null]
P04626,"[00048:1023,00048:1112,00048:1139,00048:1196,00048:1221,00048:1222,00048:1248]"
P04626,"[00048:1023,00048:1139,00048:1196,00048:1221,00048:1222]"
P04626,"[00048:1023,00048:1139,00048:1196,00048:1221,00048:1222,00048:1248]"
P04626,"[00048:1023,00048:1139,00048:1221,00048:1222]"
P04626,[00048:877]
P04626,"[00048:877,00048:1023,00048:1112,00048:1139,00048:1196,00048:1221,00048:1222,00048:1248]"
P04626,"[00048:877,00048:1023,00048:1139,00048:1196,00048:1221,00048:1222]"
P04626,"[00048:877,00048:1023,00048:1139,00048:1196,00048:1221,00048:1222,00048:1248]"
P04626,"[00048:877,00048:1023,00048:1139,00048:1221,00048:1222]"
P04626,"[00048:877,00048:null]"
P04626,[00048:null]
P04628,[00160:null]
P04628,"[00160:null,01381:224]"
P04629,"[00048:490,00048:670,00048:674,00048:675,00048:785]"
P04629-1,"[00048:490,00048:670,00048:674,00048:675,00048:785]"
P04637,[00046:15]
P04637,"[00046:15,00046:20]"
P04637,"[00046:15,00046:20,00046:269,00047:284]"
P04637,"[00046:15,00046:20,00046:392]"
P04637,"[00046:15,00046:20,00046:46]"
P04637,"[00046:15,00046:20,00064:120]"
P04637,"[00046:15,00046:20,00064:120,00064:382]"
P04637,"[00046:15,00046:20,00064:382]"
P04637,"[00046:15,00046:20,00076:335,00076:337,00078:333]"
P04637,"[00046:15,00046:20,00085:370]"
P04637,"[00046:15,00046:20,00085:372]"
P04637,"[00046:15,00046:20,00085:382]"
P04637,"[00046:15,00046:20,01148:null]"
P04637,"[00046:15,00046:33,00046:46]"
P04637,"[00046:15,00046:392]"
P04637,[00046:315]
P04637,[00046:37]
P04637,[00047:55]
P04637,"[00084:370,00084:382]"
P04637,[00084:373]
P04637,[01148:null]
P04637,[01149:386]
P04792,"[00046:15,00046:78,00046:82]"
P04792,"[00046:78,00046:82]"
P04908,[00064:6]
P04908,[00064:null]
P04908,[00076:4]
P04908,[00077:12]
P04908,[00077:30]
P04908,[00077:4]
P04908,[00078:12]
P04908,[00078:30]
P04908,[00078:4]
P04908,[01148:120]
P05060,[00696:null]
P05067,[00696:null]
P05106,[00047:779]
P05161,[00134:157]
P05165,[00126:694]
P05186,[00105:502]
P05198,[00046:52]
P05231,[00696:null]
P05412,"[00046:63,00046:73]"
P05546,[00696:null]
P05549-1,[01149:10]
P05771,"[00046:661,00047:500,00047:642]"
P05771,[00047:500]
P05997,[00037:null]
P05997,"[00037:null,00038:null,00039:null]"
P05997,"[00037:null,00039:null]"
P05997,"[00038:null,00039:null]"
P05997,"[00038:null,00039:null,00162:null]"
P05997,"[00038:null,00039:null,01914:null]"
P05997,[00039:null]
P05997,"[00039:null,00162:null]"
P05997,"[00039:null,01914:null]"
P05997,[00162:null]
P05997,[01914:null]
P06213,"[00048:999,00048:1185,00048:1189,00048:1190,00048:1355,00048:1361]"
P06239,[00048:394]
P06239,[00048:505]
P06241,"[00046:21,00048:420]"
P06241,[00048:420]
P06241,"[00048:420,00068:2]"
P06241,[00048:531]
P06241,"[00068:2,00115:3,00115:6]"
P06241-1,"[00048:420,00068:2]"
P06241-1,[00068:2]
P06400,[00046:795]
P06400,"[00046:795,00696:null]"
P06401,"[01149:7,01149:388,01149:531]"
P06493,[00047:14]
P06493,"[00047:14,00047:161]"
P06493,"[00047:14,00047:161,00048:15]"
P06493,[00047:161]
P06731,[00090:685]
P06731,[00818:685]
P06737,"[00046:15,00128:661]"
P06737,[00128:661]
P06746,[01148:null]
P06748,[00046:4]
P06748,[01149:263]
P06899,[00064:13]
P06899,[00064:16]
P06899,[00064:21]
P06899,[00064:6]
P06899,[00064:null]
P06899,[01148:120]
P06899,[01148:121]
P07203,[00031:49]
P07225,"[00041:47,00041:48,00041:55,00041:57,00041:60,00041:61,00041:66,00041:67,00041:70,00041:73,00041:77]"
P07237,[00696:null]
P07237,[00798:53]
P07306,[00069:36]
P07307,"[00069:54,00069:58]"
P07498,[00798:null]
P07550,[00046:null]
P07550,[01148:null]
P07585,[00814:null]
P07766,"[00048:188,00048:199]"
P07910,[01149:250]
P07911,[00476:null]
P07942,[00696:null]
P07947,"[00048:426,00068:2]"
P07948,[00048:396]
P07948,[00048:397]
P07948,"[00068:2,00115:3]"
P07949,"[00048:905,00048:981,00048:1015,00048:1062,00048:1096]"
P07992,[01148:null]
P07996,[00812:null]
P08069,"[00048:1161,00048:1165,00048:1166]"
P08100,"[00046:334,00046:338,00046:343]"
P08100,"[00046:334,00046:338,00046:343,00317:296]"
P08100,[00129:296]
P08100,[01999:296]
P08123,[00037:null]
P08123,"[00037:null,00038:null,00039:null]"
P08123,"[00037:null,00038:null,00039:null,00130:84]"
P08123,"[00037:null,00038:null,00039:null,00130:null]"
P08123,"[00037:null,00039:null]"
P08123,"[00037:null,00039:null,00130:84]"
P08123,"[00037:null,00039:null,00130:null]"
P08123,"[00037:null,00130:84]"
P08123,"[00037:null,00130:null]"
P08123,"[00038:null,00039:null]"
P08123,"[00038:null,00039:null,00130:84]"
P08123,"[00038:null,00039:null,00130:84,00162:null]"
P08123,"[00038:null,00039:null,00130:84,01914:null]"
P08123,"[00038:null,00039:null,00130:null]"
P08123,"[00038:null,00039:null,00130:null,00162:null]"
P08123,"[00038:null,00039:null,00130:null,01914:null]"
P08123,"[00038:null,00039:null,00162:null]"
P08123,"[00038:null,00039:null,01914:null]"
P08123,[00039:null]
P08123,"[00039:null,00130:84]"
P08123,"[00039:null,00130:84,00162:null]"
P08123,"[00039:null,00130:84,01914:null]"
P08123,"[00039:null,00130:null]"
P08123,"[00039:null,00130:null,00162:null]"
P08123,"[00039:null,00130:null,01914:null]"
P08123,"[00039:null,00162:null]"
P08123,"[00039:null,01914:null]"
P08123,[00130:84]
P08123,"[00130:84,00162:null]"
P08123,"[00130:84,01914:null]"
P08123,[00130:null]
P08123,"[00130:null,00162:null]"
P08123,"[00130:null,01914:null]"
P08123,[00162:null]
P08123,[01914:null]
P08151,[00046:null]
P08151,"[00046:null,01148:null]"
P08151,[00696:null]
P08151,[01148:null]
P08174,[00818:353]
P08235,"[01149:89,01149:399,01149:428,01149:494]"
P08571,[00167:345]
P08572,[00037:null]
P08572,"[00037:null,00038:null,00039:null]"
P08572,"[00037:null,00039:null]"
P08572,"[00038:null,00039:null]"
P08572,"[00038:null,00039:null,00162:null]"
P08572,"[00038:null,00039:null,01914:null]"
P08572,[00039:null]
P08572,"[00039:null,00162:null]"
P08572,"[00039:null,01914:null]"
P08572,[00162:null]
P08572,[01914:null]
P08581,"[00048:1003,00048:1234,00048:1235,00048:1349,00048:1356]"
P08581,"[00048:1003,00048:1234,00048:1235,00048:1349,00048:1356,01148:null]"
P08581,"[00048:1234,00048:1235,00048:1349,00048:1356]"
P08581,"[00048:1234,00048:1235,00048:1349,00048:1356,01148:null]"
P08581,"[00048:1234,00048:1235,00048:1356]"
P08581,"[00048:1349,00048:1356]"
P08582,[00094:709]
P08582,[00696:null]
P08709,"[00041:66,00041:67,00041:74,00041:76,00041:79,00041:80,00041:85,00041:86,00041:89,00041:95]"
P08709,"[00041:67,00041:74,00041:76,00041:79,00041:80,00041:85,00041:86,00041:89,00041:95]"
P08833,[00696:null]
P08842,[00835:75]
P09382,[00696:null]
P09429,[00798:23]
P09544,[00160:null]
P09544,"[00160:null,01381:212]"
P09603,[00696:null]
P09619,"[00048:579,00048:581,00048:716,00048:740,00048:751,00048:763,00048:771,00048:775,00048:778,00048:857,00048:1009]"
P09619,"[00048:579,00048:581,00048:716,00048:740,00048:751,00048:763,00048:771,00048:775,00048:778,00048:857,00048:1009,00048:1021]"
P09693,"[00048:160,00048:171]"
P09874,[00300:null]
P09874,"[01149:203,01149:486]"
P09917,[00046:272]
P09923,[00093:503]
P0C0L4,[00117:1010]
P0C0L4,[00685:1013]
P0C0L4,[00696:null]
P0C0L5,[00117:1010]
P0C0L5,[00685:1013]
P0C0S5,[00076:4]
P0C0S8,[00064:6]
P0C0S8,[00064:null]
P0C0S8,[00077:12]
P0C0S8,[00077:30]
P0C0S8,[00077:4]
P0C0S8,[00078:12]
P0C0S8,[00078:30]
P0C0S8,[00078:4]
P0C0S8,[01148:120]
P0C5Y9,[00076:4]
P0CG37,[00168:158]
P0CG47,[00134:152]
P0CG47,[00134:228]
P0CG47,[00134:76]
P0CG47,[01148:104]
P0CG47,[01148:106]
P0CG47,[01148:11]
P0CG47,[01148:110]
P0CG47,[01148:124]
P0CG47,[01148:139]
P0CG47,[01148:158]
P0CG47,[01148:163]
P0CG47,[01148:180]
P0CG47,[01148:182]
P0CG47,[01148:186]
P0CG47,[01148:200]
P0CG47,[01148:215]
P0CG47,[01148:27]
P0CG47,[01148:29]
P0CG47,[01148:33]
P0CG47,[01148:48]
P0CG47,[01148:6]
P0CG47,[01148:63]
P0CG47,[01148:82]
P0CG47,[01148:87]
P0CG47,[01614:152]
P0CG47,[01614:228]
P0CG47,[01614:76]
P0CG48,[00134:152]
P0CG48,[00134:228]
P0CG48,[00134:304]
P0CG48,[00134:380]
P0CG48,[00134:456]
P0CG48,[00134:532]
P0CG48,[00134:608]
P0CG48,[00134:76]
P0CG48,[00134:null]
P0CG48,[01148:104]
P0CG48,[01148:106]
P0CG48,[01148:11]
P0CG48,[01148:110]
P0CG48,[01148:124]
P0CG48,[01148:139]
P0CG48,[01148:158]
P0CG48,[01148:163]
P0CG48,[01148:180]
P0CG48,[01148:182]
P0CG48,[01148:186]
P0CG48,[01148:200]
P0CG48,[01148:215]
P0CG48,[01148:234]
P0CG48,[01148:239]
P0CG48,[01148:256]
P0CG48,[01148:258]
P0CG48,[01148:262]
P0CG48,[01148:27]
P0CG48,[01148:276]
P0CG48,[01148:29]
P0CG48,[01148:291]
P0CG48,[01148:310]
P0CG48,[01148:315]
P0CG48,[01148:33]
P0CG48,[01148:332]
P0CG48,[01148:334]
P0CG48,[01148:338]
P0CG48,[01148:352]
P0CG48,[01148:362]
P0CG48,[01148:367]
P0CG48,[01148:386]
P0CG48,[01148:391]
P0CG48,[01148:408]
P0CG48,[01148:410]
P0CG48,[01148:414]
P0CG48,[01148:428]
P0CG48,[01148:443]
P0CG48,[01148:467]
P0CG48,[01148:48]
P0CG48,[01148:484]
P0CG48,[01148:486]
P0CG48,[01148:488]
P0CG48,[01148:504]
P0CG48,[01148:519]
P0CG48,[01148:538]
P0CG48,[01148:543]
P0CG48,[01148:560]
P0CG48,[01148:562]
P0CG48,[01148:566]
P0CG48,[01148:580]
P0CG48,[01148:595]
P0CG48,[01148:6]
P0CG48,[01148:614]
P0CG48,[01148:619]
P0CG48,[01148:63]
P0CG48,[01148:636]
P0CG48,[01148:638]
P0CG48,[01148:642]
P0CG48,[01148:656]
P0CG48,[01148:671]
P0CG48,[01148:82]
P0CG48,[01148:87]
P0CG48,[01614:152]
P0CG48,[01614:228]
P0CG48,[01614:304]
P0CG48,[01614:380]
P0CG48,[01614:456]
P0CG48,[01614:532]
P0CG48,[01614:608]
P0CG48,[01614:684]
P0CG48,[01614:76]
P0DP23,[00083:115]
P10070,"[00046:808,00046:811,00046:820,00046:824,00046:827,00046:832,00046:836,00046:839,00046:863,00046:867,00046:870]"
P10070,"[00046:808,00046:811,00046:820,00046:824,00046:827,00046:832,00046:836,00046:839,00046:863,00046:867,00046:870,01148:null]"
P10070,"[00046:808,00046:811,00046:824,00046:827,00046:836,00046:839,00046:867,00046:870]"
P10070,"[00046:808,00046:824,00046:836,00046:867]"
P10070,[00696:null]
P10070,"[00696:null,01148:null]"
P10071,"[00046:849,00046:865,00046:877,00046:907,00046:980,00046:1006]"
P10071,"[00046:849,00046:865,00046:877,00046:907,00046:980,00046:1006,00046:null]"
P10071,"[00046:849,00046:865,00046:877,00046:907,00046:980,00046:1006,00046:null,01148:773,01148:779,01148:784,01148:800]"
P10071,[00696:null]
P10071,"[00696:null,01148:null]"
P10275,[01148:null]
P10275,"[01149:386,01149:520]"
P10276,"[00046:219,00046:369,01149:166,01149:171,01149:399]"
P10276,"[01149:166,01149:171,01149:399]"
P10398,"[00046:214,00046:576]"
P10398,"[00046:299,00046:576,00047:452,00047:455,00048:302]"
P10398,[00046:576]
P10451,[00696:null]
P10515,"[00127:132,00127:259]"
P10599,"[00798:32,00798:35]"
P10696,[00093:503]
P10721,"[00046:741,00046:746]"
P10721,"[00048:568,00048:570,00048:703,00048:721,00048:730,00048:823,00048:900,00048:936]"
P10721,"[00048:568,00048:570,00048:703,00048:721,00048:730,00048:823,00048:936]"
P10747,[00048:191]
P10827-2,"[01149:283,01149:389]"
P10828,"[01149:50,01149:146,01149:443]"
P10912,"[00048:332,00048:487,00048:534,00048:566,00048:627]"
P10912,"[00048:332,00048:487,00048:627]"
P11047,[00696:null]
P11142,[00083:561]
P11182,[00127:44]
P11216,"[00046:14,00128:681]"
P11216,[00128:681]
P11217,"[00046:15,00128:681]"
P11217,[00128:681]
P11233,[00113:203]
P11245,[00065:68]
P11274,"[00048:177,00048:766,00048:null]"
P11274,"[00048:766,00048:null]"
P11362,"[00048:463,00048:583,00048:585,00048:653,00048:654,00048:730]"
P11362,"[00048:463,00048:583,00048:585,00048:653,00048:654,00048:730,00048:766,00048:776]"
P11362-1,"[00048:463,00048:583,00048:585,00048:653,00048:654,00048:730,00048:766,00048:776]"
P11362-19,"[00048:463,00048:583,00048:585,00048:653,00048:654,00048:730,00048:766,00048:776]"
P11387,[01149:117]
P11388,[01149:null]
P11473,[01149:null]
P11488,[00068:2]
P11488,[00503:2]
P11488,[00504:2]
P11488,[00908:2]
P11498,[00126:1144]
P11802,[00047:172]
P11912,"[00048:188,00048:199]"
P11926,[00128:69]
P12004,"[00134:164,00134:168]"
P12004,[01148:164]
P12004,"[01149:164,01149:254,01149:null]"
P12107,[00037:null]
P12107,"[00037:null,00038:null,00039:null]"
P12107,"[00037:null,00039:null]"
P12107,"[00038:null,00039:null]"
P12107,"[00038:null,00039:null,00162:null]"
P12107,"[00038:null,00039:null,01914:null]"
P12107,[00039:null]
P12107,"[00039:null,00162:null]"
P12107,"[00039:null,01914:null]"
P12107,[00162:null]
P12107,[01914:null]
P12109,[00037:null]
P12109,"[00037:null,00038:null,00039:null]"
P12109,"[00037:null,00039:null]"
P12109,"[00038:null,00039:null]"
P12109,"[00038:null,00039:null,00162:null]"
P12109,"[00038:null,00039:null,01914:null]"
P12109,[00039:null]
P12109,"[00039:null,00162:null]"
P12109,"[00039:null,01914:null]"
P12109,[00162:null]
P12109,[01914:null]
P12110,[00037:null]
P12110,"[00037:null,00038:null,00039:null]"
P12110,"[00037:null,00039:null]"
P12110,"[00038:null,00039:null]"
P12110,"[00038:null,00039:null,00162:null]"
P12110,"[00038:null,00039:null,01914:null]"
P12110,[00039:null]
P12110,"[00039:null,00162:null]"
P12110,"[00039:null,01914:null]"
P12110,[00162:null]
P12110,[01914:null]
P12111,[00037:null]
P12111,"[00037:null,00038:null,00039:null]"
P12111,"[00037:null,00039:null]"
P12111,"[00038:null,00039:null]"
P12111,"[00038:null,00039:null,00162:null]"
P12111,"[00038:null,00039:null,01914:null]"
P12111,[00039:null]
P12111,"[00039:null,00162:null]"
P12111,"[00039:null,01914:null]"
P12111,[00162:null]
P12111,[01914:null]
P12259,[00696:null]
P12318,"[00048:288,00048:304]"
P12644,[00696:null]
P12830,"[00048:753,00048:754]"
P12830,"[00048:753,00048:754,01148:null]"
P12931,[00048:419]
P12931,"[00048:419,00068:2]"
P12931,"[00048:530,00068:2]"
P12931,[00068:2]
P12931-1,[00048:419]
P13056,[01149:250]
P13196,[00128:null]
P13385,[00168:150]
P13521,[00696:null]
P13569,[01148:null]
P13591,"[00506:222,00506:315,00506:347,00506:433,00506:459,00506:488]"
P13611,[00696:null]
P13611,[00814:null]
P13639,[00049:715]
P13639,"[00049:715,00083:525]"
P13639,[00909:715]
P13639,[01145:715]
P13726,[00115:277]
P13807,[00046:null]
P13942,[00037:null]
P13942,"[00037:null,00038:null,00039:null]"
P13942,"[00037:null,00039:null]"
P13942,"[00038:null,00039:null]"
P13942,"[00038:null,00039:null,00162:null]"
P13942,"[00038:null,00039:null,01914:null]"
P13942,[00039:null]
P13942,"[00039:null,00162:null]"
P13942,"[00039:null,01914:null]"
P13942,[00162:null]
P13942,[01914:null]
P13987,[00818:102]
P14207,[00092:230]
P14314,[00696:null]
P14384,[00105:423]
P14598,"[00046:303,00046:304,00046:320,00046:328,00046:345,00046:348]"
P14625,[00696:null]
P14635,"[00046:126,00046:128,00046:133,00046:144]"
P14649,[00046:20]
P14678,"[00076:108,00076:112]"
P14735,[01148:null]
P14784,"[00048:364,00048:418,00048:536]"
P14784,[00048:null]
P14921,[00047:38]
P15036,[00047:72]
P15056,"[00046:151,00046:445,00046:602,00046:729,00046:750,00046:753,00047:401,00047:599]"
P15056,[00046:338]
P15056,"[00046:365,00046:445,00046:729]"
P15056,"[00046:445,00046:602,00046:729,00047:599]"
P15056,"[00046:445,00046:729]"
P15056,"[00046:null,00047:null]"
P15260,[00048:440]
P15289,[00835:69]
P15311,[00047:567]
P15311,"[00048:146,00048:354]"
P15328,"[00818:161,00818:201]"
P15336,"[00047:69,00047:71]"
P15391,"[00048:348,00048:378,00048:409,00048:439,00048:500,00048:531]"
P15498,"[00048:142,00048:160,00048:174]"
P15498,[00048:174]
P15586,[00835:91]
P15848,[00835:91]
P15848,[01649:86]
P15880,[00077:null]
P15923,[00046:139]
P15927,[00046:33]
P15941,[00163:null]
P16104,[00046:140]
P16104,"[00046:140,00048:143]"
P16104,"[00046:140,01148:14,01148:16]"
P16104,[00048:143]
P16104,[00076:4]
P16112,"[00814:null,00831:null]"
P16112,[00831:null]
P16118,[00046:33]
P16220,[00046:133]
P16234,"[00048:572,00048:574,00048:720,00048:731,00048:742,00048:754,00048:762,00048:768,00048:849,00048:988,00048:1018]"
P16284,"[00048:663,00048:686]"
P16410,"[00048:165,00048:182]"
P16455,[00239:145]
P16471,[00048:611]
P16671,"[00115:3,00115:7,00115:464,00115:466]"
P16871,[00048:449]
P16885,"[00048:753,00048:759]"
P16885,"[00048:753,00048:759,00048:1197,00048:1217]"
P16885,"[00048:753,00048:759,00048:1217]"
P16885,[00696:null]
P17181,"[00048:466,00048:481]"
P17252,"[00046:657,00047:497,00047:638]"
P17252,[00047:497]
P17302,[00048:265]
P17480,[00696:null]
P17676,"[00046:321,00047:235]"
P17676,[00047:235]
P17677,"[00115:3,00115:4]"
P17735,[00128:280]
P17844,[01149:53]
P17936,[00696:null]
P18085,[00068:2]
P18440,[00065:68]
P18615,[00696:null]
P18827,[00814:null]
P18846,[00046:63]
P18850,"[00693:472,00693:584,00693:643]"
P19022,[00696:null]
P19086,[00046:27]
P19105,[00046:19]
P19174,"[00048:472,00048:771,00048:783,00048:1253]"
P19174,"[00048:771,00048:783]"
P19174,"[00048:771,00048:783,00048:1253]"
P19419,"[00046:324,00046:383,00046:389,00046:422,00047:336]"
P19429,"[00046:23,00046:24]"
P19793,[00046:21]
P19793,[01149:108]
P19823,[00696:null]
P19838,"[00046:927,00046:932]"
P19838,"[00046:927,00046:932,01148:null]"
P19878,[00047:233]
P20248,[01148:null]
P20273,"[00048:762,00048:807,00048:822]"
P20273,[00737:65]
P20336,"[00113:218,00113:220]"
P20337,"[00113:217,00113:219]"
P20338,"[00113:216,00113:218]"
P20339,"[00113:212,00113:213]"
P20340,"[00113:206,00113:208]"
P20585,[00029:356]
P20671,[00064:6]
P20671,[00064:null]
P20671,[00076:4]
P20671,[00077:12]
P20671,[00077:30]
P20671,[00077:4]
P20671,[00078:12]
P20671,[00078:30]
P20671,[00078:4]
P20671,[01148:120]
P20700,"[00046:23,00046:393]"
P20700,"[00046:23,00046:395,00046:405]"
P20700,"[00046:395,00046:405]"
P20711,[00128:303]
P20774,[00831:null]
P20849,[00037:null]
P20849,"[00037:null,00038:null,00039:null]"
P20849,"[00037:null,00039:null]"
P20849,"[00038:null,00039:null]"
P20849,"[00038:null,00039:null,00162:null]"
P20849,"[00038:null,00039:null,01914:null]"
P20849,[00039:null]
P20849,"[00039:null,00162:null]"
P20849,"[00039:null,01914:null]"
P20849,[00162:null]
P20849,[01914:null]
P20908,[00037:null]
P20908,"[00037:null,00038:null,00039:null]"
P20908,"[00037:null,00039:null]"
P20908,"[00038:null,00039:null]"
P20908,"[00038:null,00039:null,00162:null]"
P20908,"[00038:null,00039:null,01914:null]"
P20908,[00039:null]
P20908,"[00039:null,00162:null]"
P20908,"[00039:null,01914:null]"
P20908,[00162:null]
P20908,[01914:null]
P20963-1,"[00048:72,00048:83,00048:111,00048:123,00048:142,00048:153]"
P21333,[00046:2152]
P21359,[01148:null]
P21549,[00128:209]
P21709,"[00048:599,00048:605]"
P21757,"[00798:375,00798:388,00798:419,00798:429,00798:439,00798:449]"
P21796,[01148:null]
P21802,"[00048:466,00048:586,00048:588,00048:656,00048:657,00048:733]"
P21802,[00048:null]
P21802-1,"[00048:466,00048:586,00048:588,00048:656,00048:657,00048:733,00048:769,00048:779]"
P21802-17,"[00048:467,00048:587,00048:589,00048:657,00048:658,00048:734]"
P21802-18,"[00048:465,00048:585,00048:587,00048:655,00048:656,00048:732,00048:768,00048:778]"
P21802-3,"[00048:467,00048:587,00048:589,00048:657,00048:658,00048:734,00048:770,00048:780]"
P21802-5,"[00048:464,00048:584,00048:586,00048:654,00048:655,00048:731,00048:767,00048:778]"
P21810,[00814:null]
P21860-1,"[00048:1054,00048:1197,00048:1199,00048:1222,00048:1224,00048:1260,00048:1262,00048:1276,00048:1289,00048:1328]"
P21953,[00046:292]
P22352,[00031:73]
P22455,"[00048:642,00048:643,00048:719,00048:754,00048:764]"
P22557,[00128:null]
P22607,"[00048:577,00048:647,00048:648,00048:724]"
P22607,"[00048:577,00048:647,00048:648,00048:724,00048:760,00048:770]"
P22607,[00048:null]
P22607-1,"[00048:577,00048:647,00048:648,00048:724,00048:760,00048:770]"
P22607-2,"[00048:579,00048:649,00048:650,00048:726,00048:762,00048:772]"
P22681,[00048:371]
P22681,"[00048:700,00048:731,00048:774]"
P22681,"[00048:700,00048:731,00048:774,01148:null]"
P22681,[00048:null]
P22692,[00696:null]
P22736,[00046:351]
P22748,[00171:284]
P22891,"[00041:47,00041:48,00041:51,00041:55,00041:57,00041:60,00041:61,00041:66,00041:67,00041:70,00041:73,00041:75,00041:80]"
P23219,[00369:529]
P23246,[00048:null]
P23327,[00696:null]
P23434,[00127:107]
P23434,[01774:107]
P23443,"[00046:371,00047:389]"
P23458,"[00048:1022,00048:1023]"
P23458,[00048:1034]
P23458,[00048:null]
P23458,[00696:null]
P23497,[01149:297]
P23527,[00064:13]
P23527,[00064:16]
P23527,[00064:21]
P23527,[00064:6]
P23527,[00064:null]
P23527,[01148:120]
P23527,[01148:121]
P23528,[00046:3]
P23588,[00046:422]
P23771,[01148:null]
P24298,[00128:314]
P24385,[00047:286]
P24394,[00048:null]
P24593,[00696:null]
P24821,[00696:null]
P24844,[00046:20]
P24844,"[00046:20,00047:19]"
P24844,[00047:19]
P24928,"[00046:2,00046:5]"
P24928,"[00046:2,00046:5,01148:null]"
P24928,"[00046:2,00046:7]"
P24928,[00046:5]
P24928,"[00046:5,00046:7]"
P24928,[00046:null]
P24941,[00047:160]
P24941,[00048:15]
P24941,[00696:null]
P25054,"[00696:null,01148:null]"
P25054,[01148:null]
P25054-1,"[00046:1501,00046:1503,00046:1504,00046:1505,00046:1507,00046:1510]"
P25054-1,"[00046:1501,00046:1504,00046:1505,00046:1507,00046:1510]"
P25054-1,"[00046:1501,00046:1505]"
P25054-1,[00046:1505]
P25067,[00037:null]
P25067,"[00037:null,00038:null,00039:null]"
P25067,"[00037:null,00039:null]"
P25067,"[00038:null,00039:null]"
P25067,"[00038:null,00039:null,00162:null]"
P25067,"[00038:null,00039:null,01914:null]"
P25067,[00039:null]
P25067,"[00039:null,00162:null]"
P25067,"[00039:null,01914:null]"
P25067,[00162:null]
P25067,[01914:null]
P25098,[00046:29]
P25325,[00274:248]
P25685,"[00046:149,00046:151,00046:171]"
P25940,[00037:null]
P25940,"[00037:null,00038:null,00039:null]"
P25940,"[00037:null,00039:null]"
P25940,"[00038:null,00039:null]"
P25940,"[00038:null,00039:null,00162:null]"
P25940,"[00038:null,00039:null,01914:null]"
P25940,[00039:null]
P25940,"[00039:null,00162:null]"
P25940,"[00039:null,01914:null]"
P25940,[00162:null]
P25940,[01914:null]
P25963,"[00046:32,00046:36]"
P25963,"[00046:32,00046:36,01148:21,01148:22]"
P25963,[01148:null]
P25963,[01149:21]
P26358,[01149:null]
P26651,"[00046:60,00046:186]"
P26678,[00046:16]
P27361,"[00047:202,00048:204]"
P27361-3,[00048:204]
P27658,[00037:null]
P27658,"[00037:null,00038:null,00039:null]"
P27658,"[00037:null,00039:null]"
P27658,"[00038:null,00039:null]"
P27658,"[00038:null,00039:null,00162:null]"
P27658,"[00038:null,00039:null,01914:null]"
P27658,[00039:null]
P27658,"[00039:null,00162:null]"
P27658,"[00039:null,01914:null]"
P27658,[00162:null]
P27658,[01914:null]
P27694,"[01149:449,01149:577]"
P27918,[00812:null]
P27986,[01148:null]
P28482,"[00047:185,00048:187]"
P28749,"[00046:640,00046:964,00046:975,00047:369]"
P29317,"[00048:588,00048:594]"
P29320,"[00048:596,00048:602]"
P29322,"[00048:610,00048:616]"
P29323,"[00048:596,00048:602]"
P29353,"[00048:349,00048:350]"
P29353,"[00048:349,00048:350,00048:427]"
P29353,[00048:427]
P29353,[00048:null]
P29353-1,"[00046:139,00048:349,00048:350,00048:427]"
P29353-1,"[00048:349,00048:350,00048:427]"
P29353-2,"[00046:29,00048:239,00048:240,00048:317]"
P29353-2,"[00048:239,00048:240,00048:317]"
P29353-2,[00048:317]
P29353-3,"[00048:194,00048:195,00048:272]"
P29353-3,[00048:272]
P29373,[01149:102]
P29400,[00037:null]
P29400,"[00037:null,00038:null,00039:null]"
P29400,"[00037:null,00039:null]"
P29400,"[00038:null,00039:null]"
P29400,"[00038:null,00039:null,00162:null]"
P29400,"[00038:null,00039:null,01914:null]"
P29400,[00039:null]
P29400,"[00039:null,00162:null]"
P29400,"[00039:null,01914:null]"
P29400,[00162:null]
P29400,[01914:null]
P29474,"[00046:1177,00068:2,00115:15,00115:26]"
P29474,[00068:2]
P29474,"[00068:2,00115:15,00115:26]"
P29590,"[01149:65,01149:160,01149:490]"
P29597,[00048:1054]
P29597,"[00048:1054,00048:1055]"
P29597,[00048:null]
P29597,[00696:null]
P29762,[01149:null]
P29966,"[00046:159,00046:163,00046:167,00046:170]"
P30273,[00048:65]
P30273,"[00048:65,00048:76]"
P30291,[00046:53]
P30291,[00696:null]
P30304,[00046:123]
P30304,"[00046:40,00046:116,00046:261]"
P30304,[01148:null]
P30305,"[00046:50,00046:160,00046:321,00046:470,00047:69]"
P30307,"[00046:122,00046:168,00046:214,00047:48,00047:67,00047:130]"
P30307,[00046:191]
P30307,[00046:198]
P30307,[00046:216]
P30518,[00696:null]
P30530,"[00048:772,00048:814]"
P31152,[00046:186]
P31358,[00105:36]
P31431,[00814:null]
P31749,[00046:473]
P31749,"[00046:473,00047:308]"
P31749,[00047:308]
P31749,"[00048:315,00048:326]"
P31751,[00046:474]
P31751,"[00046:474,00047:309]"
P31751,[00047:309]
P31785,[00048:null]
P32004,[00046:1152]
P32004,[00046:1181]
P32004,"[00046:1204,00046:1248]"
P32004,[00048:1176]
P32004,[00048:1229]
P32004,[00048:null]
P32119,[00047:89]
P32121,[01148:null]
P32927,[00046:585]
P32927,[00048:593]
P32927,"[00048:593,00048:628]"
P33151,[00046:665]
P33778,[00064:13]
P33778,[00064:16]
P33778,[00064:21]
P33778,[00064:6]
P33778,[00064:null]
P33778,[01148:120]
P33778,[01148:121]
P34059,[00835:79]
P34741,"[00048:179,00048:191]"
P34741,[00696:null]
P34741,[00814:null]
P34896,[00128:257]
P35052,[00814:null]
P35222,"[00046:33,00046:37,00046:45,00047:41]"
P35222,"[00046:37,00046:45,00047:41]"
P35222,[00046:45]
P35222,"[00046:45,00047:41]"
P35222,[00046:552]
P35222,[00048:null]
P35222,"[00048:null,01148:null]"
P35226,[00046:null]
P35226,[01149:88]
P35270,[00046:213]
P35354,[00369:516]
P35398,[01149:240]
P35442,[00812:null]
P35520,[00128:119]
P35555,[00696:null]
P35568,[00048:null]
P35754,"[00798:22,00798:25]"
P35968,"[00048:801,00048:951,00048:1054,00048:1059,00048:1175,00048:1214]"
P36507,"[00046:222,00046:226]"
P36507,"[00046:null,00047:null]"
P36888,"[00048:589,00048:591,00048:599,00048:768,00048:955,00048:969]"
P36894,"[00046:215,00046:216,00046:218,00046:220]"
P36896,"[00046:187,00046:189,00046:191,00046:193,00047:188,00047:206]"
P36897,"[00046:165,00046:187,00046:189,00046:191,00047:185,00047:186]"
P36897,[01148:null]
P36957,[00127:110]
P37088,[01148:null]
P37173,"[01150:556,01150:567]"
P37231,"[01149:107,01149:395]"
P37840,[00024:30]
P37840,[01148:null]
P38117,"[00083:200,00083:203]"
P38398,"[00046:1387,00046:1423,00046:1524,00046:1547]"
P38398,"[00046:988,00046:1387,00046:1423,00046:1524,00046:1547]"
P38398,[01149:109]
P38398,[01149:null]
P38936,[00046:130]
P38936,[00047:145]
P38936,[00048:77]
P39059,[00037:null]
P39059,"[00037:null,00038:null,00039:null]"
P39059,"[00037:null,00039:null]"
P39059,"[00038:null,00039:null]"
P39059,"[00038:null,00039:null,00162:null]"
P39059,"[00038:null,00039:null,01914:null]"
P39059,[00039:null]
P39059,"[00039:null,00162:null]"
P39059,"[00039:null,01914:null]"
P39059,[00162:null]
P39059,[01914:null]
P39060,[00037:null]
P39060,"[00037:null,00038:null,00039:null]"
P39060,"[00037:null,00039:null]"
P39060,"[00038:null,00039:null]"
P39060,"[00038:null,00039:null,00162:null]"
P39060,"[00038:null,00039:null,01914:null]"
P39060,[00039:null]
P39060,"[00039:null,00162:null]"
P39060,"[00039:null,01914:null]"
P39060,[00162:null]
P39060,[01914:null]
P39880,"[00048:766,00048:null]"
P40189,[00048:null]
P40189-1,"[00048:759,00048:767,00048:814,00048:905,00048:915]"
P40199,[00818:320]
P40259,"[00048:196,00048:207]"
P40337,"[01149:159,01149:171,01149:196]"
P40429,[00696:null]
P40616,[00068:2]
P40692,[01646:252]
P40763,[00046:727]
P40763,"[00046:727,00048:705]"
P40763,[00048:705]
P40763,[00696:null]
P40818,[00047:945]
P40855,[00111:296]
P41181,[00046:256]
P41208,[01149:null]
P41221,[00160:null]
P41221,"[00160:null,01381:244]"
P41279,[00046:400]
P41279,"[00046:400,00047:290]"
P42224,[00048:701]
P42224,[00696:null]
P42224-1,"[00046:727,00048:701]"
P42224-1,[00048:701]
P42224-2,[00048:701]
P42226,[00046:407]
P42226,"[00046:407,00048:641]"
P42226,[00048:641]
P42229,[00048:649]
P42229,[00048:694]
P42262,[00046:880]
P42680,"[00048:206,00048:519]"
P42680,[00048:519]
P42681,[00048:420]
P42681,"[00048:91,00048:420]"
P42685,[00048:387]
P42695,"[00046:1419,00047:1415]"
P42695,[00047:1415]
P42768,[00048:291]
P43146,[00048:1420]
P43246,[01632:406]
P43246,[01638:601]
P43351,[00048:104]
P43351,"[01149:411,01149:412,01149:414]"
P43353,"[00113:465,00115:463]"
P43354,"[01149:558,01149:577]"
P43403,"[00048:315,00048:493]"
P43403,[00048:493]
P43405,"[00048:131,00048:323,00048:348,00048:352,00048:525,00048:526]"
P43405,[00048:348]
P43405,[00048:null]
P45880,[01148:null]
P45973,"[01149:84,01149:null]"
P45983,"[00047:null,00048:null]"
P45984,"[00047:183,00048:185]"
P45985,"[00046:257,00047:261]"
P46060,[01149:524]
P46527,[00047:157]
P46527,[00047:187]
P46527,[00048:88]
P46531,[00046:null]
P46531,"[00804:146,00804:378,00804:458,00804:496,00804:534,00804:609,00804:647,00804:722,00804:759,00804:797,00804:1027,00804:1065,00804:1189,00804:1273,00812:883,00812:921,00813:73,00813:116,00813:194,00813:232,00813:311,00813:349,00813:466,00813:617,00813:692,00813:767,00813:805,00813:997,00813:1035,00813:1159,00813:1197,00813:1243,00813:1321,00813:1362,00813:1402]"
P46531,"[00804:146,00804:378,00804:458,00804:496,00804:534,00804:609,00804:647,00804:722,00804:759,00804:797,00804:1027,00804:1065,00804:1189,00804:1273,00812:883,00812:921,00813:73,00813:116,00813:232,00813:311,00813:349,00813:466,00813:617,00813:692,00813:767,00813:805,00813:997,00813:1035,00813:1159,00813:1197,00813:1243,00813:1362,00813:1402]"
P46531,"[00804:146,00804:378,00804:458,00804:496,00804:534,00804:609,00804:647,00804:722,00804:759,00804:797,00804:1027,00804:1065,00804:1189,00804:1273,00812:883,00812:921,00813:73,00813:116,00813:232,00813:311,00813:349,00813:466,00813:617,00813:692,00813:767,00813:805,00813:997,00813:1035,00813:1159,00813:1197,00813:1243,00813:1362,00813:1402,00813:null]"
P46531,"[00804:65,00804:146,00804:378,00804:458,00804:496,00804:534,00804:609,00804:647,00804:722,00804:759,00804:797,00804:951,00804:1027,00804:1065,00804:1189,00804:1273,00812:883,00812:921,00813:73,00813:116,00813:194,00813:232,00813:311,00813:349,00813:466,00813:617,00813:692,00813:767,00813:805,00813:997,00813:1035,00813:1159,00813:1197,00813:1243,00813:1321,00813:1362,00813:1402]"
P46531,"[00812:883,00812:921,00813:73,00813:116,00813:232,00813:311,00813:349,00813:466,00813:617,00813:692,00813:767,00813:805,00813:997,00813:1035,00813:1159,00813:1197,00813:1243,00813:1362,00813:1402]"
P46734,"[00046:189,00047:193]"
P46937,[00046:127]
P46937,"[00046:61,00046:109,00046:127,00046:164,00046:397]"
P46937,[00048:407]
P46937,[00048:null]
P46976,[00166:194]
P46976,[00166:195]
P47710,[00798:null]
P47712,"[00046:505,00046:727]"
P48200,[01148:null]
P48357-1,"[00048:986,00048:1079,00048:1141]"
P48448,[00113:382]
P48552,"[01149:756,01149:1154]"
P48735,[00064:null]
P49023,"[00048:31,00048:118]"
P49023,[00048:null]
P49137,"[00046:272,00047:222]"
P49137,"[00046:272,00047:222,00047:334]"
P49327,[00159:2156]
P49407,[01148:null]
P49427,[00211:93]
P49448,[00064:null]
P49448,[00752:null]
P49459,[00211:88]
P49792,"[01149:2592,01149:2650,01149:2723]"
P49792,"[01149:2652,01149:2725]"
P49815,[00046:1387]
P49815,"[00046:939,00046:1130,00047:1462]"
P49815,"[00046:939,00047:1462]"
P49840,[00046:21]
P49841,[00046:9]
P49918,[00048:91]
P50542-1,[00211:11]
P50542-2,[00211:11]
P50548,[00047:526]
P51114,"[00046:445,00046:602,00046:729,00047:599]"
P51114,"[00046:445,00046:729]"
P51148,"[00113:213,00113:214]"
P51149,"[00113:205,00113:221]"
P51151,"[00113:200,00113:201]"
P51153,[00113:200]
P51159,"[00113:219,00113:221]"
P51170,[01148:null]
P51451,[00068:2]
P51587,[00047:3387]
P51610,[01148:1807]
P51617,"[00046:376,00046:null,00047:209,00047:387,00047:null]"
P51617,"[00046:376,00046:null,00047:209,00047:387,00047:null,01148:134,01148:160]"
P51617,"[00046:376,00046:null,00047:209,00047:387,00047:null,01148:134,01148:180]"
P51617,"[00046:376,00047:387]"
P51617,"[00046:null,00047:null]"
P51617,[00047:209]
P51617,"[00047:209,00047:387]"
P51617-1,"[00046:null,00047:null]"
P51654,[00696:null]
P51654,[00814:null]
P51668,[00211:85]
P51688,[01635:1091]
P51689,[00835:89]
P51690,[00835:86]
P51692,[00048:649]
P51692,[00048:699]
P51692,[00696:null]
P51797,"[00046:338,00046:494,00046:621,00047:491,00048:341]"
P51797,[00046:621]
P51805,[00048:null]
P51812,"[00046:227,00046:369,00046:386,00046:715,00047:231,00047:365]"
P51812,"[00046:227,00046:369,00046:386,00047:573]"
P51812,"[00046:369,00046:386,00047:573]"
P51884,[00831:null]
P51888,[00831:null]
P51965,[00211:131]
P52333,"[00048:904,00048:939]"
P52333,[00048:null]
P52333,[00696:null]
P52564,"[00046:207,00047:211]"
P52630,[00048:690]
P52630,[00048:null]
P52701,[01641:222]
P52735,[00048:172]
P52739,[01149:601]
P52799,"[00048:311,00048:316,00048:330]"
P52948-3,"[00046:608,00046:612,00046:623,00046:839,00047:546,00047:553,00047:670]"
P52948-3,"[00046:612,00046:623,00047:546,00047:553,00047:670]"
P52948-4,"[00046:591,00046:595,00046:606,00046:822,00047:529,00047:536,00047:653]"
P52948-4,"[00046:595,00046:606,00047:529,00047:536,00047:653]"
P53350,[00047:210]
P53420,[00037:null]
P53420,"[00037:null,00038:null,00039:null]"
P53420,"[00037:null,00039:null]"
P53420,"[00038:null,00039:null]"
P53420,"[00038:null,00039:null,00162:null]"
P53420,"[00038:null,00039:null,01914:null]"
P53420,[00039:null]
P53420,"[00039:null,00162:null]"
P53420,"[00039:null,01914:null]"
P53420,[00162:null]
P53420,[01914:null]
P53634,[00160:null]
P53667,"[00046:null,00047:508]"
P53667,[00047:508]
P53671,[00047:505]
P53778,"[00047:183,00048:185]"
P53779,"[00047:221,00048:223]"
P53992,[00696:null]
P54132,"[01149:317,01149:331,01149:344,01149:347]"
P54278,[01632:134]
P54278,[01632:628]
P54646,[00047:172]
P54687,[00128:222]
P54753,"[00048:608,00048:614]"
P54756,"[00048:650,00048:656]"
P54760,"[00048:590,00048:596]"
P54762,"[00048:594,00048:600]"
P54764,"[00048:596,00048:602]"
P54793,[00835:78]
P54840,[00046:null]
P55055,"[01149:409,01149:447]"
P55072,[00083:315]
P55211,[00046:196]
P55259,[00092:512]
P55268,[00696:null]
P55854,[00211:92]
P55957,[00438:null]
P56211,[00046:62]
P56277,"[00798:7,00798:17,00798:39]"
P56524,[01149:559]
P56703,[00160:null]
P56703,"[00160:null,01381:212]"
P56704,[00160:null]
P56704,"[00160:null,01381:209]"
P56705,[00160:null]
P56705,"[00160:null,01381:212]"
P56706,[00160:null]
P56706,"[00160:null,01381:206]"
P56817,"[00064:126,00064:275,00064:279,00064:285,00064:299,00064:300,00064:307]"
P56945,"[00048:165,00048:664]"
P56945,"[00048:234,00048:249,00048:267,00048:287,00048:306,00048:327,00048:362,00048:372,00048:387,00048:410,00048:664,00048:666]"
P56945,[00048:null]
P57053,[01148:121]
P57729,[00113:208]
P57735,"[00113:209,00113:210]"
P58012,"[01149:25,01149:114,01149:150]"
P58397,[00812:null]
P58753,"[00048:86,00048:106,00048:159,00048:187]"
P58876,[00064:13]
P58876,[00064:16]
P58876,[00064:21]
P58876,[00064:6]
P58876,[00064:null]
P58876,[01148:120]
P58876,[01148:121]
P59190,"[00113:210,00113:212]"
P59510,[00812:null]
P59665,[00177:78]
P60484,"[00046:370,00046:380,00046:385,00047:382,00047:383]"
P60484,[00048:336]
P60484,"[00752:40,00752:150,00752:326]"
P60484,"[00752:40,00752:150,00752:326,01148:342,01148:344,01148:349]"
P60484,"[01148:13,01148:289]"
P60484,[01148:289]
P60484,[01148:null]
P60604,[00211:89]
P60660,[00046:20]
P60880,"[00115:85,00115:88,00115:90,00115:92]"
P61006,[00113:204]
P61018,"[00113:211,00113:213]"
P61019,"[00113:211,00113:212]"
P61020,"[00113:212,00113:213]"
P61026,"[00113:199,00113:200]"
P61077,[00211:85]
P61081,[00058:1]
P61081,"[00058:1,00211:111]"
P61086,[00211:92]
P61088,[00211:87]
P61106,"[00113:213,00113:215]"
P61956,[00211:93]
P61956,[01149:93]
P61978,[01149:422]
P62072,"[00798:29,00798:33,00798:50,00798:54]"
P62253,[00211:90]
P62256,[00211:87]
P62314,[00599:null]
P62318,[00599:null]
P62491,"[00113:212,00113:213]"
P62495,[00080:185]
P62714,[00048:307]
P62714,[00342:309]
P62753,"[00046:235,00046:236,00046:240,00046:244,00046:247]"
P62805,[00064:13]
P62805,[00064:17]
P62805,[00064:6]
P62805,"[00064:6,00064:13]"
P62805,"[00064:6,00064:9,00064:13,00064:17]"
P62805,[00064:9]
P62805,[00064:null]
P62805,[00076:4]
P62805,[00077:4]
P62805,[00078:4]
P62805,[00083:21]
P62805,[00084:21]
P62805,[00085:21]
P62805,[01149:null]
P62807,[00064:13]
P62807,[00064:16]
P62807,[00064:21]
P62807,[00064:6]
P62807,[00064:null]
P62807,[01148:120]
P62807,[01148:121]
P62820,[00047:195]
P62820,"[00113:204,00113:205]"
P62837,[00211:85]
P62979,[00134:76]
P62979,[01148:11]
P62979,[01148:27]
P62979,[01148:29]
P62979,[01148:33]
P62979,[01148:48]
P62979,[01148:6]
P62979,[01148:63]
P62979,[01614:76]
P62987,[00134:76]
P62987,[01148:11]
P62987,[01148:27]
P62987,[01148:29]
P62987,[01148:33]
P62987,[01148:48]
P62987,[01148:6]
P62987,[01148:63]
P62987,[01614:76]
P63000,"[00113:189,00115:178]"
P63146,[00211:88]
P63162,"[00076:108,00076:112]"
P63165,[00211:97]
P63165,[01149:97]
P63211,[00111:null]
P63241,[00125:50]
P63241,[01880:50]
P63279,[00211:93]
P63279,[01149:14]
P67775,[00048:307]
P67775,[00342:309]
P68036,[00211:86]
P68104,[00083:318]
P68104,[00083:79]
P68363,[00064:40]
P68363,[00206:null]
P68363,[00207:null]
P68366,[00064:40]
P68366,[00206:null]
P68366,[00207:null]
P68371,[00206:null]
P68371,[00207:null]
P68431,"[00046:11,00047:12,00064:10,00064:15,00064:19]"
P68431,"[00046:11,00047:12,00064:10,00064:15,00064:19,00064:80]"
P68431,"[00046:11,00047:12,00064:15,00064:19]"
P68431,"[00046:11,00047:12,00064:15,00064:19,00064:80]"
P68431,"[00046:11,00064:10,00064:15]"
P68431,"[00046:11,00064:15,00064:19]"
P68431,"[00046:11,00064:15,00064:19,00064:80]"
P68431,[00047:12]
P68431,"[00047:12,00064:15,00064:19]"
P68431,"[00047:12,00064:15,00064:19,00064:80]"
P68431,"[00047:12,00083:10]"
P68431,"[00047:12,00084:10]"
P68431,"[00047:12,00085:10]"
P68431,[00064:10]
P68431,"[00064:10,00064:15]"
P68431,[00064:15]
P68431,[00064:19]
P68431,[00064:24]
P68431,[00064:5]
P68431,"[00064:null,00083:10]"
P68431,"[00064:null,00083:28]"
P68431,"[00064:null,00083:5]"
P68431,[00076:3]
P68431,[00076:9]
P68431,[00077:18]
P68431,[00077:27]
P68431,[00077:3]
P68431,"[00077:3,00084:5]"
P68431,[00078:18]
P68431,[00078:27]
P68431,[00078:3]
P68431,[00078:9]
P68431,[00083:10]
P68431,[00083:28]
P68431,[00083:37]
P68431,[00083:5]
P68431,[00083:80]
P68431,[00084:10]
P68431,[00084:28]
P68431,[00084:37]
P68431,[00084:5]
P68431,[00084:80]
P68431,[00085:10]
P68431,[00085:28]
P68431,[00085:37]
P68431,[00085:5]
P68431,[00085:80]
P68431,[00219:18]
P68431,[00219:27]
P68431,[00219:3]
P68431,[00219:9]
P68871,"[01152:2,01699:null]"
P69905,"[01152:2,01699:null]"
P78324,"[00048:428,00048:452,00048:469,00048:495]"
P78333,[00814:null]
P78333,"[00814:null,00818:null]"
P78356,[00046:326]
P78396,[01148:null]
P78504,[01148:null]
P78527,"[00046:2612,00047:2609,00047:2638,00047:2647]"
P78527,[01148:null]
P78552,[00048:null]
P82987,[00812:null]
P84022,"[00046:423,00046:425]"
P84022,"[00046:423,00046:425,00047:179]"
P84022,"[00046:423,00046:425,00300:50,00300:52]"
P84022,[01148:null]
P84243,[00047:12]
P84243,"[00047:12,00083:10]"
P84243,"[00047:12,00085:10]"
P84243,[00064:10]
P84243,"[00064:10,00064:15]"
P84243,"[00077:3,00084:5]"
P84243,[00083:10]
P84243,"[00083:10,00084:10]"
P84243,[00083:28]
P84243,[00083:5]
P84243,[00084:10]
P84243,[00084:5]
P84243,[00085:10]
P98077,[00048:null]
P98088,[00163:null]
P98155,[01148:839]
P98160,[00814:null]
P98170,[01148:null]
P98172,"[00048:324,00048:329,00048:343]"
P98177,[01148:null]
P98177-1,"[00046:197,00046:262,00047:32]"
P98177-2,"[00046:142,00046:207,00047:32]"
P99999,[00064:null]
Q00534,[00047:177]
Q00535,"[00046:159,00048:15]"
Q00535,[00048:15]
Q00613,[00046:121]
Q00613,"[00046:230,00798:36,00798:103]"
Q00613,[00046:303]
Q00613,"[00046:303,00046:307]"
Q00613,[00046:307]
Q00613,"[00046:326,00798:36,00798:103]"
Q00613,"[00064:80,00798:36,00798:103]"
Q00613,"[00798:36,00798:103]"
Q00653,"[00046:99,00046:108,00046:115,00046:123,00046:866,00046:870,00046:872]"
Q00653,"[00046:99,00046:108,00046:115,00046:123,00046:866,00046:870,00046:872,01148:855]"
Q00653,"[01149:90,01149:298,01149:689,01149:863]"
Q00987,"[00046:166,00046:188]"
Q00987,"[00046:166,00046:188,00046:386,00046:395,00046:407,00047:419]"
Q00987,"[00046:166,00046:188,00047:218]"
Q00987,"[00046:166,00046:188,01148:null]"
Q00987,[01148:null]
Q00987,[01149:182]
Q01094,[00696:null]
Q01113,[00048:116]
Q01196,"[00046:249,00046:273,00047:276]"
Q01196,"[00048:254,00048:258,00048:260,00048:376,00048:379,00048:380,00048:387]"
Q01196,"[00078:206,00078:210]"
Q01362,"[00048:219,00048:225,00048:229]"
Q01449,[00046:23]
Q01826,[01149:744]
Q01831,[01148:null]
Q01831,"[01148:null,01149:null]"
Q01831,[01149:655]
Q01955,[00037:null]
Q01955,"[00037:null,00038:null,00039:null]"
Q01955,"[00037:null,00039:null]"
Q01955,"[00038:null,00039:null]"
Q01955,"[00038:null,00039:null,00162:null]"
Q01955,"[00038:null,00039:null,01914:null]"
Q01955,[00039:null]
Q01955,"[00039:null,00162:null]"
Q01955,"[00039:null,01914:null]"
Q01955,[00162:null]
Q01955,[01914:null]
Q02045,[00046:21]
Q02078,[00046:408]
Q02078,"[00047:312,00047:319]"
Q02156,"[00046:729,00047:566,00047:710]"
Q02241,"[00046:904,00046:905]"
Q02388,[00037:null]
Q02388,"[00037:null,00038:null,00039:null]"
Q02388,"[00037:null,00039:null]"
Q02388,"[00038:null,00039:null]"
Q02388,"[00038:null,00039:null,00162:null]"
Q02388,"[00038:null,00039:null,01914:null]"
Q02388,[00039:null]
Q02388,"[00039:null,00162:null]"
Q02388,"[00039:null,01914:null]"
Q02388,[00162:null]
Q02388,[01914:null]
Q02447,[01149:551]
Q02505,[00163:null]
Q02750,"[00046:218,00046:222]"
Q02750,"[00046:218,00046:222,00047:286,00047:292]"
Q02750,"[00046:218,00046:222,00047:292]"
Q02750,"[00047:286,00047:292]"
Q02763,"[00046:1119,00048:816,00048:992,00048:1102,00048:1108,00048:1113]"
Q02817,[00163:null]
Q02818,[00696:null]
Q02880,[01149:null]
Q03393,[00046:19]
Q03405,[00170:305]
Q03468,[01148:null]
Q03692,[00037:null]
Q03692,"[00037:null,00038:null,00039:null]"
Q03692,"[00037:null,00039:null]"
Q03692,"[00038:null,00039:null]"
Q03692,"[00038:null,00039:null,00162:null]"
Q03692,"[00038:null,00039:null,01914:null]"
Q03692,[00039:null]
Q03692,"[00039:null,00162:null]"
Q03692,"[00039:null,01914:null]"
Q03692,[00162:null]
Q03692,[01914:null]
Q04206,[00046:276]
Q04206,"[00046:276,00064:122,00064:123,00064:218,00064:221,00064:310]"
Q04206,[00085:310]
Q04206,"[01149:37,01149:122,01149:123]"
Q04637,"[00046:1108,00046:1148,00046:1192]"
Q04721,"[00804:150,00804:381,00804:462,00804:500,00804:538,00804:613,00804:651,00804:688,00804:726,00804:763,00804:801,00804:879,00804:955,00804:1031,00804:1155,00804:1270,00812:925,00813:78,00813:120,00813:158,00813:197,00813:235,00813:314,00813:352,00813:470,00813:696,00813:771,00813:809,00813:963,00813:1001,00813:1039,00813:1077,00813:1163,00813:1201,00813:1318]"
Q04721,"[00804:150,00804:381,00804:462,00804:500,00804:538,00804:613,00804:651,00804:688,00804:726,00804:763,00804:801,00804:879,00804:955,00804:1031,00804:1155,00804:1270,00812:925,00813:78,00813:120,00813:158,00813:197,00813:235,00813:314,00813:352,00813:470,00813:696,00813:771,00813:809,00813:963,00813:1001,00813:1039,00813:1077,00813:1163,00813:1201,00813:1318,00813:null]"
Q04721,"[00812:925,00813:78,00813:120,00813:158,00813:197,00813:235,00813:314,00813:352,00813:470,00813:696,00813:771,00813:809,00813:963,00813:1001,00813:1039,00813:1077,00813:1163,00813:1201,00813:1318]"
Q04724,[01148:null]
Q04725,[01148:null]
Q04726,[01148:null]
Q04727,[01148:null]
Q04759,"[00046:676,00046:695,00047:219,00047:538,00048:90]"
Q04759,"[00046:676,00046:695,00047:538,00048:90]"
Q04759,[00048:90]
Q04912,"[00048:1238,00048:1239,00048:1353,00048:1360]"
Q05397,"[00046:732,00048:397,00048:407,00048:576,00048:577,00048:861,00048:925]"
Q05397,"[00046:732,00048:397,00048:576,00048:577,00048:861,00048:925]"
Q05397,"[00048:194,00048:397]"
Q05397,"[00048:194,00048:397,00048:576,00048:577]"
Q05397,[00048:397]
Q05397,"[00048:397,00048:407,00048:576,00048:577,00048:861,00048:925]"
Q05397,"[00048:397,00048:576,00048:577,00048:861,00048:925]"
Q05469,"[00046:649,00046:650]"
Q05513,[00047:410]
Q05513,"[00047:410,00047:560]"
Q05655,"[00046:645,00046:664,00047:507]"
Q05655,[00047:507]
Q05707,[00037:null]
Q05707,"[00037:null,00038:null,00039:null]"
Q05707,"[00037:null,00039:null]"
Q05707,"[00038:null,00039:null]"
Q05707,"[00038:null,00039:null,00162:null]"
Q05707,"[00038:null,00039:null,01914:null]"
Q05707,[00039:null]
Q05707,"[00039:null,00162:null]"
Q05707,"[00039:null,01914:null]"
Q05707,[00162:null]
Q05707,[01914:null]
Q06124,[00048:546]
Q06124,"[00048:546,00048:584]"
Q06187,"[00048:223,00048:551]"
Q06187,[00048:551]
Q06413,[00046:396]
Q06413,"[00047:293,00047:300,00047:387]"
Q06481,[00696:null]
Q06609,[00047:309]
Q06828,[00831:null]
Q06830,[00047:90]
Q06830,[00267:52]
Q07065,[00115:100]
Q07065,[00696:null]
Q07092,[00037:null]
Q07092,"[00037:null,00038:null,00039:null]"
Q07092,"[00037:null,00039:null]"
Q07092,"[00038:null,00039:null]"
Q07092,"[00038:null,00039:null,00162:null]"
Q07092,"[00038:null,00039:null,01914:null]"
Q07092,[00039:null]
Q07092,"[00039:null,00162:null]"
Q07092,"[00039:null,01914:null]"
Q07092,[00162:null]
Q07092,[01914:null]
Q07343,[00046:54]
Q07352,"[00046:54,00046:92,00046:203,00696:null]"
Q07352,"[00046:92,00046:203]"
Q07666,"[00048:435,00048:440,00048:443]"
Q07869,[01149:185]
Q07889,"[00046:1132,00046:1167,00046:1178,00046:1193]"
Q08050,"[00046:730,00046:739,00047:611]"
Q08050,[00047:611]
Q08379,[00046:37]
Q08431,[00696:null]
Q08881,"[00048:180,00048:512]"
Q08881,[00048:512]
Q08999,"[00046:672,00046:1035,00047:401]"
Q09472,"[00046:null,00047:null]"
Q09472,"[01149:1020,01149:1024]"
Q10588,[00090:293]
Q12778,[00046:215]
Q12778,"[00046:256,00046:319,00047:24]"
Q12791,[00046:1195]
Q12829,[00113:275]
Q12834,[01148:null]
Q12841,[00696:null]
Q12846,[00696:null]
Q12873,[01149:1971]
Q12888,"[00046:25,00046:1778]"
Q12888,[01149:null]
Q12933,[01148:null]
Q12968,"[00046:168,00046:169,00046:171,00046:172,00046:174,00046:236,00046:240,00046:244,00046:265,00046:288,00046:296,00046:300,00046:344]"
Q12968,[00046:265]
Q12974,[00111:164]
Q13002,[00803:571]
Q13009,[00048:829]
Q13043,[00047:183]
Q13085,[00126:786]
Q13094,"[00048:113,00048:128,00048:145]"
Q13103,[00696:null]
Q13114,[01148:null]
Q13131,[00047:183]
Q13133-1,[01149:null]
Q13153,[00046:144]
Q13153,"[00046:144,00047:423]"
Q13164,"[00047:218,00048:220]"
Q13177,"[00046:141,00047:402]"
Q13177,"[00046:141,00047:402,00048:130]"
Q13177,"[00046:19,00046:20,00046:55,00046:192,00046:197]"
Q13177,[00047:402]
Q13177,"[00047:402,01148:null]"
Q13188,[00047:180]
Q13217,[00696:null]
Q13224,"[00048:1252,00048:1336,00048:1474]"
Q13224,[00048:1474]
Q13233,"[00048:1400,00048:1412]"
Q13263,"[01149:554,01149:575,01149:676,01149:750,01149:779,01149:804]"
Q13285,"[01149:119,01149:194]"
Q13315,"[00046:1981,00064:3016]"
Q13315,[00064:3016]
Q13316,[00696:null]
Q13330,[01149:509]
Q13362,[00046:337]
Q13363,[01149:428]
Q13370,[00046:295]
Q13371,"[00046:18,00046:19,00046:20,00046:25]"
Q13415,"[00046:null,00047:null]"
Q13415,"[00046:null,00047:null,01148:null]"
Q13421,[00105:606]
Q13421,[00696:null]
Q13426,[01149:210]
Q13449,[00092:315]
Q13467,[01148:null]
Q13469,"[00046:171,00046:172,00046:174,00046:175,00046:177,00046:213,00046:217,00046:221,00046:243,00046:268,00046:274,00046:276,00046:280,00046:326]"
Q13469,[00046:243]
Q13480,"[00048:447,00048:472,00048:589,00048:627,00048:659]"
Q13480,"[00048:627,00048:659]"
Q13485,[00752:null]
Q13489,[01148:null]
Q13490,[01148:null]
Q13508,[00105:362]
Q13509,[00206:null]
Q13509,[00207:null]
Q13541,"[00047:37,00047:46]"
Q13546,[00046:null]
Q13546,[01148:377]
Q13546,[01148:null]
Q13547,"[01149:444,01149:476]"
Q13554,[00047:287]
Q13555,[00047:287]
Q13557,[00047:287]
Q13569,[01149:330]
Q13591,[00812:null]
Q13616,[01150:720]
Q13617,[01150:689]
Q13618,[01150:712]
Q13619,[01150:705]
Q13620,[01150:859]
Q13635,[01148:null]
Q13636,"[00113:193,00113:194]"
Q13637,"[00113:224,00113:225]"
Q13651,[00048:446]
Q13651,[00048:496]
Q13748,[00064:40]
Q13748,[00206:null]
Q13748,[00207:null]
Q13761,[00048:null]
Q13761,"[00064:94,00064:171]"
Q13761,"[01148:94,01148:148]"
Q13761,[01148:null]
Q13795,[00058:1]
Q13882,[00048:342]
Q13882,"[00048:342,00048:447]"
Q13882,[00048:351]
Q13885,[00206:null]
Q13885,[00207:null]
Q13950-1,"[00046:196,00047:198,00047:200]"
Q13950-1,"[00046:294,00046:298,00046:302]"
Q13950-1,"[00046:294,00046:298,00046:302,01148:null]"
Q13950-1,"[00046:294,00046:312]"
Q13950-1,[00046:432]
Q13950-1,[00046:465]
Q13950-1,[01148:null]
Q13950-2,"[00046:183,00047:185,00047:187]"
Q13950-2,"[00046:280,00046:284,00046:288]"
Q13950-2,"[00046:280,00046:284,00046:288,01148:null]"
Q13950-2,"[00046:280,00046:298]"
Q13950-2,[00046:418]
Q13950-2,[00046:451]
Q13950-2,[01148:null]
Q14002,[00105:242]
Q14031,[00037:null]
Q14031,"[00037:null,00038:null,00039:null]"
Q14031,"[00037:null,00039:null]"
Q14031,"[00038:null,00039:null]"
Q14031,"[00038:null,00039:null,00162:null]"
Q14031,"[00038:null,00039:null,01914:null]"
Q14031,[00039:null]
Q14031,"[00039:null,00162:null]"
Q14031,"[00039:null,01914:null]"
Q14031,[00162:null]
Q14031,[01914:null]
Q14050,[00037:null]
Q14050,"[00037:null,00038:null,00039:null]"
Q14050,"[00037:null,00039:null]"
Q14050,"[00038:null,00039:null]"
Q14050,"[00038:null,00039:null,00162:null]"
Q14050,"[00038:null,00039:null,01914:null]"
Q14050,[00039:null]
Q14050,"[00039:null,00162:null]"
Q14050,"[00039:null,01914:null]"
Q14050,[00162:null]
Q14050,[01914:null]
Q14055,[00037:null]
Q14055,"[00037:null,00038:null,00039:null]"
Q14055,"[00037:null,00039:null]"
Q14055,"[00038:null,00039:null]"
Q14055,"[00038:null,00039:null,00162:null]"
Q14055,"[00038:null,00039:null,01914:null]"
Q14055,[00039:null]
Q14055,"[00039:null,00162:null]"
Q14055,"[00039:null,01914:null]"
Q14055,[00162:null]
Q14055,[01914:null]
Q14061,"[00798:26,00798:36,00798:45,00798:55]"
Q14088,"[00113:235,00113:237]"
Q14103-3,"[00046:83,00046:87]"
Q14103-3,"[00046:83,00046:87,01148:null]"
Q14103-4,[01148:null]
Q14114,[00048:null]
Q14118,[00810:null]
Q14145,[01148:null]
Q14164,[00046:172]
Q14164,"[00046:172,01149:231]"
Q14191,"[01149:356,01149:496,01149:898]"
Q14194,"[00046:518,00046:522,00047:509,00047:514]"
Q14194,[00046:522]
Q14194,[00048:null]
Q14195,"[00046:518,00046:522,00047:509,00047:514]"
Q14195,[00046:522]
Q14195,[00048:null]
Q14210,[00092:98]
Q14247,[00046:113]
Q14289,[00048:402]
Q14289,[00048:null]
Q14318,[01148:null]
Q14393,"[00041:54,00041:55,00041:62,00041:64,00041:67,00041:68,00041:73,00041:74,00041:77,00041:80,00041:84]"
Q14393,[00696:null]
Q14457,[00046:15]
Q14457,[01148:null]
Q14515,[00696:null]
Q14526,[01149:333]
Q14623,"[00069:28,00314:202]"
Q14623,[00160:282]
Q14623,"[00160:282,00798:203]"
Q14623,"[00160:282,01148:null]"
Q14623,[00314:202]
Q14623,[00798:203]
Q14653,"[00046:339,00046:396,00046:398,00046:402,00046:405,00047:404]"
Q14653,"[00046:396,00046:398,00046:402,00046:405,00047:404]"
Q14676,"[00047:4,00047:699,00047:719,00047:752,00047:765]"
Q14676,"[00047:4,00047:699,00047:719,00047:752,00047:765,01148:null,01149:1840]"
Q14676,"[00047:4,00047:699,00047:719,00047:752,00047:765,01149:1840]"
Q14676,[01149:1840]
Q14693,[00046:106]
Q14694,[01148:null]
Q14703,[00696:null]
Q14765,[00048:693]
Q14765,[00696:null]
Q14766,[00696:null]
Q14956,[00048:525]
Q14964,"[00113:215,00113:217]"
Q14980,[00047:2055]
Q14982,[00092:322]
Q14993,[00037:null]
Q14993,"[00037:null,00038:null,00039:null]"
Q14993,"[00037:null,00039:null]"
Q14993,"[00038:null,00039:null]"
Q14993,"[00038:null,00039:null,00162:null]"
Q14993,"[00038:null,00039:null,01914:null]"
Q14993,[00039:null]
Q14993,"[00039:null,00162:null]"
Q14993,"[00039:null,01914:null]"
Q14993,[00162:null]
Q14993,[01914:null]
Q15003,[00046:570]
Q15003,[00047:null]
Q15004,"[01148:15,01148:24]"
Q15021,[00046:null]
Q15021,"[00047:1339,00047:1384,00047:1389]"
Q15022,[01149:75]
Q15078,[00068:2]
Q15080,"[00046:315,00047:154]"
Q15084,[00696:null]
Q15116,"[00048:223,00048:248]"
Q15173,[00046:368]
Q15286,"[00113:200,00113:201]"
Q15293,[00696:null]
Q15303-1,"[00048:1056,00048:1188,00048:1242]"
Q15303-2,"[00048:1046,00048:1178,00048:1232]"
Q15303-3,"[00048:1172,00048:1226]"
Q15349,"[00046:218,00046:360,00046:377,00046:730,00047:356,00047:570]"
Q15349,"[00046:218,00046:360,00046:377,00047:570]"
Q15349,"[00046:360,00046:377,00047:570]"
Q15375,"[00048:608,00048:614]"
Q15388,[01148:null]
Q15418,"[00046:221,00046:363,00046:380,00046:732,00047:359,00047:573]"
Q15418,"[00046:221,00046:363,00046:380,00047:573]"
Q15418,"[00046:363,00046:380,00047:573]"
Q15424,"[01149:231,01149:294]"
Q15436,"[00046:742,00047:747]"
Q15464,[00046:null]
Q15465,"[00069:24,00314:197]"
Q15465,[00160:278]
Q15465,"[00160:278,00798:198]"
Q15465,"[00160:278,01148:null]"
Q15465,[00314:197]
Q15465,[00798:198]
Q15465,[01148:null]
Q15596,"[01149:239,01149:731,01149:788]"
Q15653,"[00046:19,00046:23]"
Q15653,"[00046:19,00046:23,01148:null]"
Q15717,"[00046:158,00046:221]"
Q15717,"[00046:221,00046:318]"
Q15746,"[00046:1208,00046:1759]"
Q15759,"[00047:180,00048:182]"
Q15768,"[00048:318,00048:323,00048:337]"
Q15771,"[00113:199,00113:200]"
Q15788,"[01149:732,01149:774]"
Q15796,"[00046:465,00046:467]"
Q15796,"[00046:465,00046:467,00047:220]"
Q15796,[01148:null]
Q15797,"[00046:463,00046:465]"
Q15797,[01148:null]
Q15835,[00111:560]
Q15843,"[00058:1,00211:76]"
Q15843,[00134:76]
Q15843,[00211:76]
Q15843,[01150:567]
Q15843,[01150:76]
Q15907,"[00113:214,00113:215]"
Q16270,[00696:null]
Q16288,"[00048:516,00048:705,00048:709,00048:710,00048:834]"
Q16512,[00047:774]
Q16513,[00047:816]
Q16518,[00069:112]
Q16526,[00046:null]
Q16526,"[00046:null,01148:null]"
Q16539,"[00047:180,00048:182]"
Q16553,[00105:101]
Q16555,"[00046:518,00046:522,00047:509,00047:514]"
Q16555,[00046:522]
Q16555,[00048:null]
Q16566,"[00046:12,00046:13]"
Q16620,"[00046:479,00048:516,00048:702,00048:706,00048:707,00048:817]"
Q16620,"[00048:490,00048:670,00048:674,00048:675,00048:785]"
Q16620,"[00048:516,00048:702,00048:706,00048:707,00048:817]"
Q16620,"[00048:706,00048:707]"
Q16630,"[00048:766,00048:null]"
Q16644,"[00046:null,00047:null]"
Q16659,[00046:189]
Q16659,"[00046:684,00046:688,00046:705,00047:698]"
Q16659,[00913:1]
Q16665,"[00046:797,00048:565]"
Q16665,"[01024:402,01024:564]"
Q16665,[01688:803]
Q16695,[00083:5]
Q16695,[00084:5]
Q16719,[00128:276]
Q16763,[00211:95]
Q16773,[00128:247]
Q16777,[00064:6]
Q16777,[00064:null]
Q16777,[00076:4]
Q16777,[00077:12]
Q16777,[00077:30]
Q16777,[00077:4]
Q16777,[00078:12]
Q16777,[00078:30]
Q16777,[00078:4]
Q16777,[01148:120]
Q16778,[00064:13]
Q16778,[00064:19]
Q16778,[00064:21]
Q16778,[00064:6]
Q16778,[00064:null]
Q16778,[01148:120]
Q16778,[01148:121]
Q17RW2,[00037:null]
Q17RW2,"[00037:null,00038:null,00039:null]"
Q17RW2,"[00037:null,00039:null]"
Q17RW2,"[00038:null,00039:null]"
Q17RW2,"[00038:null,00039:null,00162:null]"
Q17RW2,"[00038:null,00039:null,01914:null]"
Q17RW2,[00039:null]
Q17RW2,"[00039:null,00162:null]"
Q17RW2,"[00039:null,01914:null]"
Q17RW2,[00162:null]
Q17RW2,[01914:null]
Q17RY6,[00097:138]
Q24JP5,[00696:null]
Q2PPJ7,"[00046:486,00046:696,00047:715]"
Q2UY09,[00037:null]
Q2UY09,"[00037:null,00038:null,00039:null]"
Q2UY09,"[00037:null,00039:null]"
Q2UY09,"[00038:null,00039:null]"
Q2UY09,"[00038:null,00039:null,00162:null]"
Q2UY09,"[00038:null,00039:null,01914:null]"
Q2UY09,[00039:null]
Q2UY09,"[00039:null,00162:null]"
Q2UY09,"[00039:null,01914:null]"
Q2UY09,[00162:null]
Q2UY09,[01914:null]
Q32MZ4,"[00048:766,00048:null]"
Q3SY69,[00159:375]
Q3ZCM7,[00206:null]
Q3ZCM7,[00207:null]
Q496H8,[00090:139]
Q49AN0,[00046:null]
Q49AN0,"[00046:null,01148:null]"
Q49B96,"[00798:30,00798:40]"
Q52LA3,[00046:28]
Q53H12,"[00046:445,00046:602,00046:729,00047:599]"
Q53H12,"[00046:445,00046:729]"
Q53HL2,[01149:null]
Q53T94,[00064:null]
Q5BIV9,[00097:126]
Q5FYA8,[00835:55]
Q5FYB0,[00835:122]
Q5FYB1,[00835:93]
Q5JRA6,[00696:null]
Q5JT25,[00113:222]
Q5JTJ3,"[00798:58,00798:68]"
Q5JZY3,[00048:null]
Q5QNW6,[00064:13]
Q5QNW6,[00064:16]
Q5QNW6,[00064:21]
Q5QNW6,[00064:6]
Q5QNW6,[00064:null]
Q5QNW6,[01148:120]
Q5SSG8,[00163:null]
Q5TAT6,[00037:null]
Q5TAT6,"[00037:null,00038:null,00039:null]"
Q5TAT6,"[00037:null,00039:null]"
Q5TAT6,"[00038:null,00039:null]"
Q5TAT6,"[00038:null,00039:null,00162:null]"
Q5TAT6,"[00038:null,00039:null,01914:null]"
Q5TAT6,[00039:null]
Q5TAT6,"[00039:null,00162:null]"
Q5TAT6,"[00039:null,01914:null]"
Q5TAT6,[00162:null]
Q5TAT6,[01914:null]
Q5VWK5,[00048:null]
Q5VWX1,[00048:null]
Q5VY80,[00097:218]
Q5XG87,"[00046:338,00046:494,00046:621,00047:491,00048:341]"
Q5XG87,[00046:621]
Q5XPI4,[01148:null]
Q684P5,[00046:7]
Q685J3,[00163:null]
Q68DV7,[01148:null]
Q6FI13,[00064:6]
Q6FI13,[00064:null]
Q6FI13,[00076:4]
Q6FI13,[00077:12]
Q6FI13,[00077:30]
Q6FI13,[00077:4]
Q6FI13,[00078:12]
Q6FI13,[00078:30]
Q6FI13,[00078:4]
Q6FI13,[01148:120]
Q6H3X3,[00097:218]
Q6IBW4,[00046:null]
Q6IQ22,"[00113:243,00113:244]"
Q6NXG1,"[00046:338,00046:494,00046:621,00047:491,00048:341]"
Q6NXG1,[00046:621]
Q6NZY7,[00696:null]
Q6P3S1,[00046:null]
Q6P5Z2,[00047:718]
Q6P988,[00696:null]
Q6PCB0,[00696:null]
Q6PEY2,[00064:40]
Q6PEY2,[00206:null]
Q6PEY2,[00207:null]
Q6PGQ7,[00046:252]
Q6PGQ7,"[00046:252,00046:497,00047:501]"
Q6PIZ9,"[00048:63,00048:79,00048:110]"
Q6Q788,[00696:null]
Q6RW13,"[00046:445,00046:602,00046:729,00047:599]"
Q6RW13,"[00046:445,00046:729]"
Q6UQ28,[00105:187]
Q6UVK1,[00814:null]
Q6UWB1,[00048:611]
Q6UWN0,[00090:225]
Q6UWN5,[00090:225]
Q6UWY0,[00835:90]
Q6UWZ7,[00046:406]
Q6UX39,[00696:null]
Q6UX82,[00092:215]
Q6UXB3,[00097:103]
Q6UY14,[00812:null]
Q6W4X9,[00163:null]
Q6WCQ1,"[00046:338,00046:494,00046:621,00047:491,00048:341]"
Q6WCQ1,[00046:621]
Q6YHK3,[00090:1420]
Q6YP21,[00128:280]
Q6ZMM2,[00812:null]
Q6ZMP0,[00812:null]
Q6ZMT4,"[00046:445,00046:602,00046:729,00047:599]"
Q6ZMT4,"[00046:445,00046:729]"
Q6ZUJ8,"[00048:263,00048:419,00048:444,00048:459]"
Q712K3,[00211:93]
Q717R9,[00068:2]
Q71DI3,"[00046:11,00047:12,00064:10,00064:15,00064:19]"
Q71DI3,"[00046:11,00047:12,00064:10,00064:15,00064:19,00064:80]"
Q71DI3,"[00046:11,00047:12,00064:15,00064:19]"
Q71DI3,"[00046:11,00047:12,00064:15,00064:19,00064:80]"
Q71DI3,"[00046:11,00064:10,00064:15]"
Q71DI3,"[00046:11,00064:15,00064:19]"
Q71DI3,"[00046:11,00064:15,00064:19,00064:80]"
Q71DI3,[00047:12]
Q71DI3,"[00047:12,00064:15,00064:19]"
Q71DI3,"[00047:12,00064:15,00064:19,00064:80]"
Q71DI3,"[00047:12,00083:10]"
Q71DI3,"[00047:12,00084:10]"
Q71DI3,"[00047:12,00085:10]"
Q71DI3,"[00064:10,00064:15]"
Q71DI3,[00064:13]
Q71DI3,[00064:15]
Q71DI3,[00064:19]
Q71DI3,[00064:24]
Q71DI3,[00064:5]
Q71DI3,[00076:3]
Q71DI3,[00076:9]
Q71DI3,[00077:18]
Q71DI3,[00077:27]
Q71DI3,[00077:3]
Q71DI3,"[00077:3,00084:5]"
Q71DI3,[00078:18]
Q71DI3,[00078:27]
Q71DI3,[00078:3]
Q71DI3,[00078:9]
Q71DI3,[00083:10]
Q71DI3,[00083:28]
Q71DI3,[00083:37]
Q71DI3,[00083:5]
Q71DI3,[00083:80]
Q71DI3,[00084:10]
Q71DI3,[00084:28]
Q71DI3,[00084:37]
Q71DI3,[00084:5]
Q71DI3,[00084:80]
Q71DI3,[00085:10]
Q71DI3,[00085:28]
Q71DI3,[00085:37]
Q71DI3,[00085:5]
Q71DI3,[00085:80]
Q71DI3,[00219:18]
Q71DI3,[00219:27]
Q71DI3,[00219:9]
Q71U36,[00064:40]
Q71U36,[00206:null]
Q71U36,[00207:null]
Q76LX8,[00812:null]
Q7KZF4,"[00046:445,00046:602,00046:729,00047:599]"
Q7KZF4,"[00046:445,00046:729]"
Q7L523,"[01148:142,01148:220,01148:230,01148:244]"
Q7L7L0,[00064:6]
Q7L7L0,[00064:null]
Q7L7L0,[00077:12]
Q7L7L0,[00077:30]
Q7L7L0,[00077:4]
Q7L7L0,[00078:12]
Q7L7L0,[00078:30]
Q7L7L0,[00078:4]
Q7L7L0,[01148:120]
Q7L9L4,"[00047:12,00047:35]"
Q7RTW8,[00090:1130]
Q7RTY9,[00105:299]
Q7Z2W4,"[00046:445,00046:602,00046:729,00047:599]"
Q7Z2W4,"[00046:445,00046:729]"
Q7Z3B1,[00097:324]
Q7Z3Z4,[00076:null]
Q7Z434,"[01148:371,01148:420]"
Q7Z494,[00068:2]
Q7Z553,[00093:931]
Q7Z569,[01148:null]
Q7Z5P9,[00163:null]
Q7Z6A9,"[00048:226,00048:257,00048:282]"
Q7Z6M1,[00046:null]
Q7Z6P3,"[00113:722,00113:723]"
Q7Z7A1-3,"[00048:766,00048:null]"
Q86TH1,[00812:null]
Q86TI0,[00046:237]
Q86UN2,[00105:420]
Q86UN3,[00094:390]
Q86UP2,[00696:null]
Q86WV6,[01148:150]
Q86XD5,"[00046:445,00046:602,00046:729,00047:599]"
Q86XD5,"[00046:445,00046:729]"
Q86XI2,[00046:null]
Q86XR7,"[00046:16,00068:2]"
Q86Y22,[00037:null]
Q86Y22,"[00037:null,00038:null,00039:null]"
Q86Y22,"[00037:null,00039:null]"
Q86Y22,"[00038:null,00039:null]"
Q86Y22,"[00038:null,00039:null,00162:null]"
Q86Y22,"[00038:null,00039:null,01914:null]"
Q86Y22,[00039:null]
Q86Y22,"[00039:null,00162:null]"
Q86Y22,"[00039:null,01914:null]"
Q86Y22,[00162:null]
Q86Y22,[01914:null]
Q86YS6,"[00113:210,00113:212]"
Q86YS7,[00046:197]
Q8IU57,"[00048:343,00048:517]"
Q8IUE6,[00064:6]
Q8IUE6,[00064:null]
Q8IUE6,[00077:12]
Q8IUE6,[00077:30]
Q8IUE6,[00077:4]
Q8IUE6,[00078:12]
Q8IUE6,[00078:30]
Q8IUE6,[00078:4]
Q8IUE6,[01148:120]
Q8IV16,[00097:151]
Q8IV61,[00047:133]
Q8IVN8,[00812:null]
Q8IVP5,[00046:13]
Q8IVP5,"[00046:13,00048:18]"
Q8IVP5,[00046:17]
Q8IVT5,[00046:311]
Q8IVT5,"[00046:311,00046:406]"
Q8IVT5,"[00046:311,00048:552]"
Q8IW41,[00046:115]
Q8IW41,[00047:182]
Q8IWA4,[01148:null]
Q8IWE4,[00068:2]
Q8IWT3,[01150:1881]
Q8IWV2,[00105:1000]
Q8IXI2,[01148:null]
Q8IYD8,[00046:1045]
Q8IYW5,[01149:null]
Q8IZC6,[00037:null]
Q8IZC6,"[00037:null,00038:null,00039:null]"
Q8IZC6,"[00037:null,00039:null]"
Q8IZC6,"[00038:null,00039:null]"
Q8IZC6,"[00038:null,00039:null,00162:null]"
Q8IZC6,"[00038:null,00039:null,01914:null]"
Q8IZC6,[00039:null]
Q8IZC6,"[00039:null,00162:null]"
Q8IZC6,"[00039:null,01914:null]"
Q8IZC6,[00162:null]
Q8IZC6,[01914:null]
Q8IZP0,"[00046:183,00046:216,00046:225,00046:392,00046:410]"
Q8N0Z6,[00046:203]
Q8N0Z6,"[00046:203,00046:221]"
Q8N114,[00696:null]
Q8N122,"[00046:722,00046:792]"
Q8N158,[00814:null]
Q8N163,[00047:454]
Q8N257,[00064:13]
Q8N257,[00064:16]
Q8N257,[00064:21]
Q8N257,[00064:6]
Q8N257,[00064:null]
Q8N257,[01148:120]
Q8N257,[01148:121]
Q8N2G4,[00105:117]
Q8N2H9,[00696:null]
Q8N2K1,[00211:null]
Q8N2W9,[01149:35]
Q8N302,"[00046:338,00046:494,00046:621,00047:491,00048:341]"
Q8N302,[00046:621]
Q8N307,[00163:null]
Q8N387,[00163:null]
Q8N3U4,[00696:null]
Q8N3U4,[01149:null]
Q8N4F0,[00696:null]
Q8N4Z0,"[00113:103,00113:105]"
Q8N5S9,[00696:null]
Q8N5V2,[00048:179]
Q8N5Z0,[00128:263]
Q8N6G6,[00812:null]
Q8N6P7,"[00048:251,00048:301]"
Q8N9B5,[01148:null]
Q8NB16,"[00046:358,00047:357]"
Q8NBJ4,[00696:null]
Q8NBP7,[00696:null]
Q8NER5,"[00046:177,00046:179,00046:181,00047:175,00047:194]"
Q8NFP4,[00105:932]
Q8NFW1,[00037:null]
Q8NFW1,"[00037:null,00038:null,00039:null]"
Q8NFW1,"[00037:null,00039:null]"
Q8NFW1,"[00038:null,00039:null]"
Q8NFW1,"[00038:null,00039:null,00162:null]"
Q8NFW1,"[00038:null,00039:null,01914:null]"
Q8NFW1,[00039:null]
Q8NFW1,"[00039:null,00162:null]"
Q8NFW1,"[00039:null,01914:null]"
Q8NFW1,[00162:null]
Q8NFW1,[01914:null]
Q8NHU3,"[00115:343,00115:348]"
Q8NHY2,[00046:387]
Q8NI32,[00105:164]
Q8TAQ5,[00046:68]
Q8TAX7,[00163:null]
Q8TBC4,[00211:237]
Q8TC59,"[00076:47,00076:76,00076:102,00076:165,00076:551,00078:97]"
Q8TD19,"[00046:29,00046:750,00046:869,00047:210,00047:333]"
Q8TD19,"[00046:29,00046:750,00046:869,00047:333]"
Q8TD19,[00047:333]
Q8TD30-1,[00128:341]
Q8TDM5,[00092:97]
Q8TDX7,[00046:195]
Q8TDY2,[00696:null]
Q8TE56,[00812:null]
Q8TE57,[00812:null]
Q8TE58,[00812:null]
Q8TE59,[00812:null]
Q8TE60,[00812:null]
Q8TEB7,[01148:null]
Q8TEH3,"[00046:536,00046:538]"
Q8WU20,"[00047:132,00047:135,00047:138,00047:376,00047:452,00047:455,00047:458,00047:463]"
Q8WU20,"[00048:196,00048:306,00048:349,00048:392,00048:436,00048:471]"
Q8WU20,[00048:null]
Q8WUD1,"[00113:215,00113:216]"
Q8WV24,[00046:95]
Q8WV28,"[00048:72,00048:84,00048:96,00048:178,00048:189]"
Q8WVN8,[00211:304]
Q8WWA0,"[00798:31,00798:48]"
Q8WXD2,[00696:null]
Q8WXE9,[01150:null]
Q8WXH6,[00113:274]
Q8WXI7,[00163:null]
Q8WXS8,[00812:null]
Q8WYQ3,"[00798:102,00798:112]"
Q92466,[00300:null]
Q92466,[01148:null]
Q92481,[01149:21]
Q92529,[00048:null]
Q92539,[00046:106]
Q92558,"[00046:null,00047:null,00048:151]"
Q92558,[00048:151]
Q92569,[01148:null]
Q92614,"[00048:766,00048:null]"
Q92630,"[00046:442,00047:106]"
Q92630,[01148:null]
Q92754,[01149:10]
Q92769,[01149:462]
Q92793,"[01149:998,01149:1033,01149:1056]"
Q92794,[00047:369]
Q92841,[01149:129]
Q92844,[01148:null]
Q92900,"[00046:1084,00046:1089,00046:1107,00046:1127]"
Q92930,[00113:204]
Q92934,[00046:128]
Q92934,[00046:99]
Q92945,[00046:193]
Q92945,[00047:692]
Q92985,"[00046:477,00046:479]"
Q92985,[01148:null]
Q92997,[00696:null]
Q92997,[01148:null]
Q93034,[01150:724]
Q93070,[00090:285]
Q93077,[00064:6]
Q93077,[00064:null]
Q93077,[00076:4]
Q93077,[00077:12]
Q93077,[00077:30]
Q93077,[00077:4]
Q93077,[00078:12]
Q93077,[00078:30]
Q93077,[00078:4]
Q93077,[01148:120]
Q93079,[00064:13]
Q93079,[00064:16]
Q93079,[00064:21]
Q93079,[00064:6]
Q93079,[00064:null]
Q93079,[01148:120]
Q93079,[01148:121]
Q93097,[00160:null]
Q93097,"[00160:null,01381:243]"
Q93098,[00160:null]
Q93098,"[00160:null,01381:186]"
Q969M7,[00058:1]
Q969M7,"[00058:1,00211:116]"
Q969Q5,"[00113:200,00113:201]"
Q969R5,"[01149:675,01149:700]"
Q969T4,[00211:145]
Q969V5,[01148:null]
Q969V6,"[01149:499,01149:576,01149:624]"
Q96A00,[00047:38]
Q96A08,[00064:14]
Q96A08,[00064:17]
Q96A08,[00064:22]
Q96A08,[00064:7]
Q96A08,[00064:null]
Q96A08,[01148:120]
Q96A08,[01148:122]
Q96A32,[00046:16]
Q96A83,[00037:null]
Q96A83,"[00037:null,00038:null,00039:null]"
Q96A83,"[00037:null,00039:null]"
Q96A83,"[00038:null,00039:null]"
Q96A83,"[00038:null,00039:null,00162:null]"
Q96A83,"[00038:null,00039:null,01914:null]"
Q96A83,[00039:null]
Q96A83,"[00039:null,00162:null]"
Q96A83,"[00039:null,01914:null]"
Q96A83,[00162:null]
Q96A83,[01914:null]
Q96AD5,[00696:null]
Q96AH8,"[00113:198,00113:199]"
Q96AX2,"[00113:219,00113:220]"
Q96B02,[00211:91]
Q96B36,"[00046:183,00047:246]"
Q96B36,[00047:246]
Q96B97,[01148:null]
Q96CV9,[00046:177]
Q96CW1,[00047:156]
Q96CW9,[00097:507]
Q96DA2,"[00113:211,00113:213]"
Q96DR8,[00163:null]
Q96E17,"[00113:225,00113:227]"
Q96E29,[01148:null]
Q96EG1,[00835:84]
Q96EQ8,[00211:null]
Q96FA3,[00696:null]
Q96FF9,"[00046:21,00046:75,00047:159]"
Q96GD4,[01149:202]
Q96GW7,[00814:null]
Q96GX5,"[00047:194,00047:207,00047:741]"
Q96HY7,"[00127:183,00127:188,00127:800,00127:818]"
Q96IF1,[00046:null]
Q96J94,"[00076:14,00078:49,00078:53,00078:370]"
Q96JA1,[01148:null]
Q96JH7,[00046:131]
Q96KK5,[00064:6]
Q96KK5,[00064:null]
Q96KK5,[00076:4]
Q96KK5,[00077:12]
Q96KK5,[00077:30]
Q96KK5,[00077:4]
Q96KK5,[00078:12]
Q96KK5,[00078:30]
Q96KK5,[00078:4]
Q96KK5,[01148:120]
Q96LC9,[00696:null]
Q96MS0-1,[00046:1330]
Q96MS0-1,[00048:1019]
Q96MS0-1,[01148:null]
Q96MT3,[01148:null]
Q96P20,[01148:null]
Q96P44,[00037:null]
Q96P44,"[00037:null,00038:null,00039:null]"
Q96P44,"[00037:null,00039:null]"
Q96P44,"[00038:null,00039:null]"
Q96P44,"[00038:null,00039:null,00162:null]"
Q96P44,"[00038:null,00039:null,01914:null]"
Q96P44,[00039:null]
Q96P44,"[00039:null,00162:null]"
Q96P44,"[00039:null,01914:null]"
Q96P44,[00162:null]
Q96P44,[01914:null]
Q96P48,[00048:231]
Q96PL2,[00097:305]
Q96PU8,"[00046:445,00046:602,00046:729,00047:599]"
Q96PU8,"[00046:445,00046:729]"
Q96QV6,[00064:6]
Q96QV6,[00064:null]
Q96QV6,[00076:4]
Q96QV6,[00077:12]
Q96QV6,[00077:30]
Q96QV6,[00077:4]
Q96QV6,[00078:12]
Q96QV6,[00078:30]
Q96QV6,[00078:4]
Q96QV6,[01148:120]
Q96RI1-2,[01149:289]
Q96RQ3,[00126:681]
Q96S21,[00113:278]
Q96SD1,"[00046:516,00046:645]"
Q96SD1,[00046:645]
Q96ST3,[01149:null]
Q96T51,"[00048:281,00048:292]"
Q99102,[00163:null]
Q99217,[00696:null]
Q99466,"[00046:1495,00046:1847,00046:1865,00046:1917]"
Q99466,[00696:null]
Q99466,"[00696:null,01148:null]"
Q99466,"[00804:398,00804:481,00804:519,00804:557,00804:595,00804:697,00804:735,00804:773,00804:936,00804:974,00804:1052,00812:79,00812:210,00812:451,00812:603,00812:743,00812:1145,00813:40,00813:248,00813:290,00813:331,00813:369,00813:489,00813:705,00813:781,00813:820,00813:944,00813:982,00813:1060]"
Q99466,"[00804:481,00804:519,00804:557,00804:595,00804:697,00804:735,00804:974,00804:1052,00812:79,00812:210,00812:451,00812:603,00812:743,00812:1145,00813:40,00813:248,00813:290,00813:331,00813:369,00813:489,00813:705,00813:781,00813:820,00813:944,00813:982,00813:1060]"
Q99466,"[00804:481,00804:519,00804:557,00804:595,00804:697,00804:735,00804:974,00804:1052,00812:79,00812:210,00812:451,00812:603,00812:743,00812:1145,00813:40,00813:248,00813:290,00813:331,00813:369,00813:489,00813:705,00813:781,00813:820,00813:944,00813:982,00813:1060,00813:null]"
Q99466,"[00812:79,00812:210,00812:451,00812:603,00812:743,00812:1145,00813:40,00813:248,00813:290,00813:331,00813:369,00813:489,00813:705,00813:781,00813:820,00813:944,00813:982,00813:1060]"
Q99497,[01149:130]
Q99502,[00696:null]
Q99504,[00046:null]
Q99558,[00047:559]
Q99558,[00696:null]
Q99558,[01148:null]
Q99640,[00696:null]
Q99653,[00696:null]
Q99665,[00048:800]
Q99704,[00048:362]
Q99708,"[00046:327,00047:847]"
Q99708,"[00046:327,00047:847,00047:859]"
Q99708,"[00064:432,00064:526,00064:604]"
Q99715,[00037:null]
Q99715,"[00037:null,00038:null,00039:null]"
Q99715,"[00037:null,00039:null]"
Q99715,"[00038:null,00039:null]"
Q99715,"[00038:null,00039:null,00162:null]"
Q99715,"[00038:null,00039:null,01914:null]"
Q99715,[00039:null]
Q99715,"[00039:null,00162:null]"
Q99715,"[00039:null,01914:null]"
Q99715,[00162:null]
Q99715,[01914:null]
Q99717,"[00046:463,00046:465]"
Q99728,"[00047:714,00047:734]"
Q99741,[00696:null]
Q99743,[00046:null]
Q99757,[00798:90]
Q99814,"[01024:405,01024:531]"
Q99814,[01688:847]
Q99835,"[00046:588,00046:590,00046:595,00046:611,00046:615,00046:616,00047:593]"
Q99835,"[00046:588,00046:590,00046:595,00047:593]"
Q99877,[00064:13]
Q99877,[00064:16]
Q99877,[00064:21]
Q99877,[00064:6]
Q99877,[00064:null]
Q99877,[01148:120]
Q99877,[01148:121]
Q99878,[00064:6]
Q99878,[00064:null]
Q99878,[00076:4]
Q99878,[00077:12]
Q99878,[00077:30]
Q99878,[00077:4]
Q99878,[00078:12]
Q99878,[00078:30]
Q99878,[00078:4]
Q99878,[01148:120]
Q99879,[00064:13]
Q99879,[00064:16]
Q99879,[00064:21]
Q99879,[00064:6]
Q99879,[00064:null]
Q99879,[01148:120]
Q99879,[01148:121]
Q99880,[00064:13]
Q99880,[00064:16]
Q99880,[00064:21]
Q99880,[00064:6]
Q99880,[00064:null]
Q99880,[01148:120]
Q99880,[01148:121]
Q99983,[00831:null]
Q99996,"[00046:445,00046:602,00046:729,00047:599]"
Q99996,"[00046:445,00046:729]"
Q9BPU6,[00046:534]
Q9BPU6,[00048:null]
Q9BPX3,[00046:null]
Q9BPX3,"[00047:308,00047:332]"
Q9BQA1,[00047:5]
Q9BQE3,[00064:40]
Q9BQE3,[00206:null]
Q9BQE3,[00207:null]
Q9BQK8,[00046:106]
Q9BQQ3,"[00046:189,00046:274,00046:373,00047:216]"
Q9BQQ3,"[00046:274,00046:373,00047:216]"
Q9BRK3,[00696:null]
Q9BSY4,[00798:58]
Q9BTM9,[01623:101]
Q9BTY2,[00696:null]
Q9BU40,[00696:null]
Q9BUA6,"[00046:null,00047:null]"
Q9BUB5,"[00046:437,00047:250,00047:255,00047:385]"
Q9BUD6,[00812:null]
Q9BUF5,[00206:null]
Q9BUF5,[00207:null]
Q9BUK0,"[00798:16,00798:26]"
Q9BVA1,[00206:null]
Q9BVA1,[00207:null]
Q9BVI0,[00046:291]
Q9BX63,"[00046:990,00064:1249]"
Q9BXL7,[00046:552]
Q9BXL7,"[00046:552,00046:645]"
Q9BXL7,"[00046:559,00046:644,00046:652]"
Q9BXN2,[00048:15]
Q9BXS0,[00037:null]
Q9BXS0,"[00037:null,00038:null,00039:null]"
Q9BXS0,"[00037:null,00039:null]"
Q9BXS0,"[00038:null,00039:null]"
Q9BXS0,"[00038:null,00039:null,00162:null]"
Q9BXS0,"[00038:null,00039:null,01914:null]"
Q9BXS0,[00039:null]
Q9BXS0,"[00039:null,00162:null]"
Q9BXS0,"[00039:null,01914:null]"
Q9BXS0,[00162:null]
Q9BXS0,[01914:null]
Q9BXW9,"[00046:717,00047:691]"
Q9BXW9,"[00046:717,00047:691,01148:561]"
Q9BY14,[00092:222]
Q9BYV1,[00128:350]
Q9BYX4,[01148:null]
Q9BZG1,"[00113:257,00113:258]"
Q9BZM5,[00105:216]
Q9C0C7,[00696:null]
Q9C0I4,[00812:null]
Q9GZT5,[00160:null]
Q9GZT5,"[00160:null,01381:268]"
Q9GZV4,[00125:50]
Q9GZV4,[01880:50]
Q9GZV5,[00046:89]
Q9GZV9,[00164:178]
Q9GZV9,[00696:null]
Q9GZY6,"[00048:40,00048:58,00048:84,00048:95,00048:110,00048:118,00048:119,00048:136,00048:193,00048:233]"
Q9H063,"[00046:60,00046:68,00046:75]"
Q9H082,"[00113:227,00113:229]"
Q9H0T7,"[00113:209,00113:210]"
Q9H0U4,[00047:191]
Q9H0U4,"[00113:200,00113:201]"
Q9H0Y0,[00134:166]
Q9H160,[01149:195]
Q9H195,[00163:null]
Q9H1J5,[00160:null]
Q9H1J5,"[00160:null,01381:186]"
Q9H1J7,[00160:null]
Q9H1J7,"[00160:null,01381:223]"
Q9H1Y0,[00134:130]
Q9H257,[00047:231]
Q9H2X6,[00696:null]
Q9H2X6,[01149:32]
Q9H324,[00812:null]
Q9H3R2,[00163:null]
Q9H461,[01148:null]
Q9H4B6,[00696:null]
Q9H4B7,[00206:null]
Q9H4B7,[00207:null]
Q9H7L9,[01148:null]
Q9H832,[00211:188]
Q9H853,[00064:40]
Q9H853,[00206:null]
Q9H853,[00207:null]
Q9H8M9,[00696:null]
Q9H8S9,"[00047:12,00047:35]"
Q9H8Y8,"[00047:222,00047:225]"
Q9HAT8,[00696:null]
Q9HAW4,"[00046:945,00047:916]"
Q9HAW4,[01148:null]
Q9HB75,[00047:788]
Q9HC77,"[00046:589,00046:595]"
Q9HC84,[00163:null]
Q9HC98,[00046:206]
Q9HCB6,[00812:null]
Q9HCE9,[00696:null]
Q9HCM2,[00048:null]
Q9HCM3,"[00046:445,00046:602,00046:729,00047:599]"
Q9HCM3,"[00046:445,00046:729]"
Q9MY60,[01148:null]
Q9NP70,[00696:null]
Q9NP71,"[00046:196,00047:666]"
Q9NP71,[00046:568]
Q9NP71,[00047:666]
Q9NP72,[00113:203]
Q9NP90,"[00113:200,00113:201]"
Q9NPB6,[00046:345]
Q9NPD7,[00097:116]
Q9NPD8,[00211:86]
Q9NPD8,"[01148:91,01148:182]"
Q9NQ76,[00696:null]
Q9NQB0,"[00047:201,00047:212]"
Q9NQC7,[00046:418]
Q9NR19,[00064:418]
Q9NR61,[01148:null]
Q9NRM1,[00696:null]
Q9NRM7,"[00046:871,00047:1041]"
Q9NRP2,"[00798:14,00798:24]"
Q9NRW1,"[00113:206,00113:208]"
Q9NRY4,[00048:1105]
Q9NRY5,"[00046:445,00046:602,00046:729,00047:599]"
Q9NRY5,"[00046:445,00046:729]"
Q9NS56,[01149:560]
Q9NS62,[00812:null]
Q9NT62,[01777:263]
Q9NTJ3,[00046:null]
Q9NUV7,[00128:371]
Q9NVI1,"[00046:556,00046:559,00046:565,00046:617]"
Q9NVI1,"[00046:556,00046:559,00046:565,00046:617,01148:523]"
Q9NVK5,"[00048:766,00048:null]"
Q9NWQ8,[00048:317]
Q9NWZ3,"[00046:346,00047:342,00047:345]"
Q9NX57,"[00113:232,00113:233]"
Q9NX63,"[00798:183,00798:193]"
Q9NY65,[00064:null]
Q9NY65,[00206:null]
Q9NY65,[00207:null]
Q9NY84,[00105:470]
Q9NYA1,[00046:225]
Q9NYB9,"[00046:183,00046:216,00046:225,00046:410]"
Q9NYJ1,"[00798:34,00798:44]"
Q9NYZ3,[00046:435]
Q9NYZ3,"[00047:513,00047:526]"
Q9NZ53,"[00181:97,00181:118]"
Q9NZL9,[01148:null]
Q9P121,[00092:321]
Q9P126,[00048:7]
Q9P218,[00037:null]
Q9P218,"[00037:null,00038:null,00039:null]"
Q9P218,"[00037:null,00039:null]"
Q9P218,"[00038:null,00039:null]"
Q9P218,"[00038:null,00039:null,00162:null]"
Q9P218,"[00038:null,00039:null,01914:null]"
Q9P218,[00039:null]
Q9P218,"[00039:null,00162:null]"
Q9P218,"[00039:null,01914:null]"
Q9P218,[00162:null]
Q9P218,[01914:null]
Q9P232,[00105:1002]
Q9P283,[00812:null]
Q9P2N4,[00812:null]
Q9UBC3,[01149:null]
Q9UBE8,[00047:298]
Q9UBK2,"[00046:266,00047:263,00047:299]"
Q9UBK2,"[00046:539,00047:178]"
Q9UBK2,[01149:184]
Q9UBR2,[00160:null]
Q9UBS0,"[00046:15,00046:356]"
Q9UBT2,[00211:173]
Q9UBU3-1,[00295:26]
Q9UBU3-1,[00390:26]
Q9UBV4,[00160:null]
Q9UBV4,"[00160:null,01381:227]"
Q9UBW7,"[00048:766,00048:null]"
Q9UD71,[00046:102]
Q9UD71,"[00046:102,00046:137]"
Q9UD71,"[00046:102,00046:137,00047:34]"
Q9UD71,"[00046:102,00046:137,00047:34,00047:75]"
Q9UD71,"[00046:102,00046:137,00047:75]"
Q9UD71,"[00046:102,00047:34]"
Q9UD71,"[00046:102,00047:34,00047:75]"
Q9UD71,"[00046:102,00047:75]"
Q9UD71,[00046:137]
Q9UD71,"[00046:137,00047:34]"
Q9UD71,"[00046:137,00047:34,00047:75]"
Q9UD71,"[00046:137,00047:75]"
Q9UD71,[00047:34]
Q9UD71,"[00047:34,00047:75]"
Q9UD71,[00047:75]
Q9UER7,"[01149:630,01149:631]"
Q9UEW3,"[00798:447,00798:460,00798:488,00798:498,00798:508,00798:518]"
Q9UF33,"[00048:605,00048:611]"
Q9UGK3,[00048:250]
Q9UGN5,[00300:null]
Q9UHC7,[00046:109]
Q9UHD2,[00046:172]
Q9UHD2,"[00046:172,01148:670]"
Q9UHD2,[00048:649]
Q9UHI8,[00812:null]
Q9UIS9,"[01149:499,01149:538]"
Q9UIW2,[00048:null]
Q9UJT9,[01148:109]
Q9UJU2,"[00046:166,00047:155]"
Q9UJV9,[01148:115]
Q9UJV9,[01148:9]
Q9UK32,"[00046:232,00046:372,00046:389,00047:581]"
Q9UK32,"[00046:372,00046:389,00047:581]"
Q9UK55,[00696:null]
Q9UKI2,[00696:null]
Q9UKL3,[01149:1813]
Q9UKN1,[00163:null]
Q9UKP4,[00812:null]
Q9UKP5,[00812:null]
Q9UKT4,"[00046:145,00046:149]"
Q9UKT4,[00046:182]
Q9UKT4,[00696:null]
Q9UKW4,[00048:173]
Q9UKY0,[00097:152]
Q9UL25,"[00113:221,00113:222]"
Q9UL26,"[00113:193,00113:194]"
Q9ULC3,[00113:234]
Q9ULH0,[00048:1096]
Q9ULK5,"[00046:5,00046:82,00046:84]"
Q9ULT6,[01148:null]
Q9ULV1,[01148:null]
Q9ULW5,"[00113:253,00113:254]"
Q9UM11,[00696:null]
Q9UM21,[00696:null]
Q9UM47,[00048:null]
Q9UM47,"[00804:84,00804:125,00804:357,00804:437,00804:475,00804:513,00804:588,00804:626,00804:663,00804:740,00804:893,00804:968,00804:1128,00804:1252,00812:671,00812:863,00812:1136,00812:1349,00813:173,00813:211,00813:250,00813:290,00813:328,00813:445,00813:748,00813:938,00813:1098,00813:1181]"
Q9UM47,"[00804:84,00804:125,00804:357,00804:437,00804:475,00804:513,00804:588,00804:626,00804:663,00804:740,00804:893,00804:968,00804:1128,00804:1252,00812:671,00812:863,00812:1136,00812:1349,00813:173,00813:211,00813:250,00813:290,00813:328,00813:445,00813:748,00813:938,00813:1098,00813:1181,00813:null]"
Q9UM47,"[00812:671,00812:863,00812:1136,00812:1349,00813:173,00813:211,00813:250,00813:290,00813:328,00813:445,00813:748,00813:938,00813:1098,00813:1181]"
Q9UM47,[01148:null]
Q9UMD9,[00037:null]
Q9UMD9,"[00037:null,00038:null,00039:null]"
Q9UMD9,"[00037:null,00039:null]"
Q9UMD9,"[00038:null,00039:null]"
Q9UMD9,"[00038:null,00039:null,00162:null]"
Q9UMD9,"[00038:null,00039:null,01914:null]"
Q9UMD9,[00039:null]
Q9UMD9,"[00039:null,00162:null]"
Q9UMD9,"[00039:null,01914:null]"
Q9UMD9,[00162:null]
Q9UMD9,[01914:null]
Q9UN19,[00048:139]
Q9UNA0,[00812:null]
Q9UNQ0,[00798:603]
Q9UP79,[00812:null]
Q9UPP1-1,"[00046:69,00046:120]"
Q9UPP1-2,"[00046:33,00046:84]"
Q9UPP1-3,"[00046:69,00046:120]"
Q9UPV9,"[00046:338,00046:494,00046:621,00047:491,00048:341]"
Q9UPV9,[00046:621]
Q9UPW6,"[01149:233,01149:350]"
Q9UPY6,"[00046:null,00047:null,00048:151]"
Q9UPY6,[00048:151]
Q9UPZ6,[00812:null]
Q9UQC2,"[00048:452,00048:476,00048:584]"
Q9UQC2,"[00048:452,00048:476,00048:584,00048:614,00048:643]"
Q9UQC2,[00048:null]
Q9UQE7,"[00064:105,00064:106]"
Q9UQK1,[01148:null]
Q9UQM7,[00047:286]
Q9UQM7,"[00047:286,00047:305,00047:306]"
Q9Y219,[01148:null]
Q9Y243,[00046:472]
Q9Y243,"[00046:472,00047:305]"
Q9Y243,[00047:305]
Q9Y253,"[01148:682,01148:686,01148:694,01148:709]"
Q9Y256,[01148:null]
Q9Y266,"[00046:274,00046:326]"
Q9Y277,[01148:null]
Q9Y2I2,[00105:510]
Q9Y2I6,[00696:null]
Q9Y2N7,[01024:492]
Q9Y2T1,[00752:null]
Q9Y2T1,"[00752:null,01148:null]"
Q9Y2T1,[01148:505]
Q9Y2X3,"[01149:467,01149:497]"
Q9Y2X7,[00048:383]
Q9Y365,[00046:284]
Q9Y3E5,[01148:null]
Q9Y3M2,[00046:20]
Q9Y4H2,[00048:null]
Q9Y4I1,[00046:1652]
Q9Y4K3,[01148:124]
Q9Y4K3,[01148:null]
Q9Y572,"[00046:199,00046:227]"
Q9Y5J6,"[00798:28,00798:32,00798:48,00798:54]"
Q9Y5J7,"[00798:28,00798:32,00798:48,00798:52]"
Q9Y5J9,"[00798:36,00798:40,00798:55,00798:59]"
Q9Y5L4,"[00798:46,00798:50,00798:65,00798:69]"
Q9Y5P4-2,[00046:132]
Q9Y5P4-2,"[00046:132,00046:null,00047:null]"
Q9Y5Y0,"[00046:56,00046:534,00050:2]"
Q9Y618,[01149:672]
Q9Y625,[00814:null]
Q9Y6F6,"[00046:657,00046:670]"
Q9Y6F9,[00160:null]
Q9Y6F9,"[00160:null,01381:228]"
Q9Y6H1,"[00798:134,00798:144]"
Q9Y6H5,[01148:null]
Q9Y6K1,[01149:null]
Q9Y6K9,[01148:285]
Q9Y6K9,"[01148:321,01148:325,01148:326,01148:null]"
Q9Y6K9,"[01149:277,01149:309]"
Q9Y6M0,[00105:288]
Q9Y6N5,[00274:201]
Q9Y6N5,"[00798:201,00798:379]"
Q9Y6N7,[00048:1073]
Q9Y6N7,[01148:null]
Q9Y6Q2,[01150:null]
Q9Y6Q9,[00046:857]
Q9Y6W5,"[00046:343,00047:346,00048:150]"
Q9Y6W5,[00048:150]
Q9Y6W8-1,[00048:180]
Q9Y6Y9,"[00160:26,00160:114]"