A0A075B6P5;
A0A075B6S6;
A0A0A6YYK7;
A0A0C4DH25;
A0A0C4DH73;
A0A183;
A0AVF1;
A0AVI4;
A0AVK6;
A0AVT1;
A0FGR8;
A0FGR9;
A0JLT2;
A0M8Q6;
A0MZ66;
A0PJK1;
A1A4S6;
A1A580;
A1A5B4;
A1E959;
A1IGU5;
A1L190;
A1L3X0;
A1L4H1;
A2KUC3;
A2NJV5;
A2NXD2;
A2RRD8;
A2RRP1;
A2RU49;
A2RUC4;
A2RUS2;
A2VDF0;
A2VEC9;
A3KFT3;
A4D1E1;
A4D1S5;
A4D2G3;
A4GXA9;
A5D6W6;
A5D8V6;
A5LHX3;
A5PL33;
A5PLK6;
A5PLN9;
A5X5Y0;
A5YKK6;
A5YM69;
A5YM72;
A6H8Y1;
A6NCV1;
A6NCW0;
A6NCW7;
A6ND48;
A6NDG6;
A6NDH6;
A6NDL8;
A6NDX5;
A6NET4;
A6NF89;
A6NFC9;
A6NFH5;
A6NGB9;
A6NGU5;
A6NGY5;
A6NH00;
A6NH21;
A6NHA9;
A6NHC0;
A6NHG9;
A6NHJ4;
A6NHL2;
A6NI28;
A6NI73;
A6NIH7;
A6NIJ9;
A6NIX2;
A6NJZ3;
A6NK53;
A6NK58;
A6NK59;
A6NKK0;
A6NL08;
A6NL26;
A6NLF2;
A6NM03;
A6NM76;
A6NMB1;
A6NMS3;
A6NMU1;
A6NMZ5;
A6NMZ7;
A6NN14;
A6NND4;
A6NNF4;
A6NNM8;
A6NNZ2;
A6NP11;
A6PVC2;
A7E2V4;
A7KAX9;
A7MBM2;
A8CG34;
A8K0R7;
A8K4G0;
A8K7I4;
A8K855;
A8K8P3;
A8K8V0;
A8MPY1;
A8MQ27;
A8MT69;
A8MTJ3;
A8MTY0;
A8MTY7;
A8MTZ0;
A8MUK1;
A8MUV8;
A8MUX0;
A8MUZ8;
A8MVA2;
A8MVS1;
A8MVX0;
A8MWA4;
A8MX34;
A8MX76;
A8MXU0;
A8MXV4;
A8MXY4;
A8MXZ3;
A8MYU2;
A8TX70;
A9QM74;
A9YTQ3;
B0YJ81;
B2RTY4;
B4DX44;
B4DXR9;
B6A8C7;
B7ZC32;
C9J2P7;
C9JJH3;
C9JLJ4;
C9JPN9;
C9JR72;
C9JRZ8;
C9JVI0;
D6R901;
D6R9N7;
D6RA61;
D6RBQ6;
D6RCP7;
D6RJB6;
O00115;
O00116;
O00139;
O00141;
O00142;
O00144;
O00148;
O00154;
O00155;
O00159;
O00159-3;
O00161;
O00167;
O00168;
O00170;
O00180;
O00182;
O00186;
O00187-1;
O00189;
O00194;
O00203;
O00204-1;
O00204-2;
O00206;
O00212;
O00213;
O00217;
O00219;
O00220;
O00221;
O00222;
O00230;
O00231;
O00232;
O00233;
O00237;
O00238;
O00241;
O00244;
O00254;
O00255;
O00257;
O00264;
O00268;
O00270;
O00273;
O00291;
O00292;
O00300;
O00303;
O00305;
O00308;
O00311;
O00327;
O00329;
O00330;
O00337;
O00338;
O00341;
O00391;
O00398;
O00399;
O00400;
O00401;
O00408;
O00410;
O00411;
O00418;
O00421;
O00422;
O00425;
O00429;
O00443;
O00444;
O00445;
O00451;
O00459;
O00461;
O00462;
O00468;
O00469;
O00470;
O00471;
O00472;
O00476;
O00478;
O00481;
O00482;
O00482-1;
O00482-2;
O00482-3;
O00483;
O00487;
O00499;
O00501;
O00505;
O00512;
O00519;
O00533;
O00541;
O00548;
O00555;
O00559;
O00560;
O00562;
O00566;
O00567;
O00571;
O00574;
O00584;
O00585;
O00587;
O00602;
O00622;
O00623;
O00625;
O00626;
O00628;
O00629;
O00631;
O00634;
O00635;
O00712;
O00716;
O00743;
O00744;
O00746;
O00748;
O00750;
O00754;
O00755;
O00757;
O00762;
O00763;
O00764;
O00767;
O14490;
O14492;
O14493;
O14494;
O14495;
O14497;
O14498;
O14503;
O14508;
O14511;
O14520;
O14521;
O14526;
O14531;
O14543;
O14544;
O14548;
O14556;
O14559;
O14561;
O14576;
O14578;
O14578-3;
O14579;
O14581;
O14594;
O14595;
O14607;
O14610;
O14613;
O14625;
O14628;
O14633;
O14638;
O14639;
O14640;
O14641;
O14646;
O14649;
O14653;
O14654;
O14656;
O14657;
O14662;
O14672;
O14678;
O14684;
O14686;
O14709;
O14717;
O14718;
O14727;
O14730;
O14732;
O14733;
O14734;
O14735;
O14744;
O14746;
O14756;
O14757;
O14763;
O14771;
O14772;
O14773;
O14775;
O14775-1;
O14777;
O14782;
O14786;
O14788;
O14791;
O14792;
O14795;
O14796;
O14798;
O14802;
O14804;
O14810;
O14815;
O14818;
O14827;
O14829;
O14832;
O14836;
O14841;
O14842;
O14843;
O14862;
O14874;
O14879;
O14880;
O14893;
O14896;
O14904;
O14905;
O14907;
O14910;
O14920;
O14921;
O14924;
O14925;
O14929;
O14931;
O14933;
O14936;
O14939;
O14944;
O14949;
O14950;
O14957;
O14958;
O14964;
O14965;
O14966;
O14974;
O14975;
O14976;
O14977;
O14978;
O14979;
O14980;
O14983;
O14986;
O14994;
O15013;
O15020;
O15027;
O15033;
O15041;
O15042;
O15047;
O15054;
O15055;
O15056;
O15066;
O15067;
O15068;
O15072;
O15078;
O15084;
O15085;
O15091;
O15105;
O15111;
O15116;
O15117;
O15118;
O15120;
O15121;
O15123;
O15126;
O15130;
O15131;
O15143;
O15144;
O15145;
O15146;
O15151;
O15155;
O15160;
O15164;
O15169;
O15181;
O15197;
O15198;
O15205;
O15212;
O15213;
O15217;
O15228;
O15229;
O15230;
O15232;
O15234;
O15235;
O15239;
O15240;
O15244;
O15245;
O15247;
O15254;
O15259;
O15260;
O15263;
O15264;
O15265;
O15269;
O15273;
O15287;
O15294;
O15296;
O15297;
O15303;
O15305;
O15315;
O15318;
O15320;
O15327;
O15342;
O15344;
O15350;
O15354;
O15357;
O15360;
O15371;
O15372;
O15379;
O15389;
O15392;
O15397;
O15399;
O15427;
O15431;
O15438;
O15439;
O15440;
O15444;
O15446;
O15455;
O15457;
O15460;
O15466;
O15467;
O15484;
O15488;
O15492;
O15496;
O15503;
O15504;
O15511;
O15514;
O15516;
O15519;
O15519-1;
O15519-2;
O15520;
O15524;
O15525;
O15527;
O15528;
O15530;
O15533;
O15534;
O15539;
O15540;
O15547;
O15550;
O15551;
O15552;
O15553;
O15554;
O43143;
O43148;
O43151;
O43155;
O43157;
O43159;
O43164;
O43166;
O43169;
O43172;
O43173;
O43174;
O43175;
O43181;
O43182;
O43184;
O43187;
O43189;
O43193;
O43194;
O43196;
O43237;
O43242;
O43251;
O43252;
O43255;
O43264;
O43272;
O43278;
O43286;
O43290;
O43291;
O43292;
O43293;
O43295;
O43296;
O43300;
O43301;
O43303;
O43306;
O43307;
O43314;
O43315;
O43316;
O43318;
O43320;
O43323;
O43324;
O43345;
O43347;
O43353;
O43361;
O43364;
O43365;
O43374;
O43390;
O43395;
O43426;
O43432;
O43447;
O43448;
O43451;
O43462;
O43463;
O43474;
O43482;
O43488;
O43491;
O43493;
O43497;
O43502;
O43504;
O43505;
O43506;
O43508;
O43511;
O43513;
O43516;
O43520;
O43521;
O43524;
O43525;
O43526;
O43529;
O43541;
O43542;
O43543;
O43548;
O43555;
O43557;
O43559;
O43561;
O43561-2;
O43566;
O43570;
O43572;
O43581;
O43586;
O43592;
O43597;
O43598;
O43602;
O43603;
O43609;
O43612;
O43613;
O43614;
O43615;
O43617;
O43623;
O43633;
O43639;
O43660;
O43663;
O43665;
O43674;
O43676;
O43677;
O43678;
O43681;
O43683;
O43684;
O43688;
O43699;
O43704;
O43707;
O43708;
O43709;
O43715;
O43731;
O43739;
O43741;
O43747;
O43749;
O43752;
O43759;
O43766;
O43768;
O43772;
O43776;
O43790;
O43791;
O43805;
O43808;
O43809;
O43818;
O43819;
O43820;
O43826;
O43837;
O43852;
O43861;
O43865;
O43868;
O43869;
O43889;
O43896;
O43897;
O43903;
O43909;
O43913;
O43914;
O43915;
O43916;
O43920;
O43921;
O43924;
O43927;
O43929;
O43933;
O60216;
O60218;
O60220;
O60229;
O60231;
O60234;
O60237;
O60237-4;
O60238;
O60240;
O60243;
O60244;
O60245;
O60258-1;
O60259;
O60260;
O60262;
O60264;
O60266;
O60271;
O60282;
O60285;
O60291;
O60294;
O60304;
O60306;
O60312;
O60313;
O60331;
O60333;
O60337;
O60341;
O60343;
O60346;
O60353;
O60359;
O60361;
O60403;
O60404;
O60412;
O60422;
O60423;
O60427;
O60431;
O60437;
O60462;
O60469;
O60476;
O60481;
O60486;
O60488;
O60493;
O60494;
O60496;
O60499;
O60500;
O60500-1;
O60503;
O60504;
O60507;
O60508;
O60512;
O60513;
O60522;
O60542;
O60543;
O60547;
O60551;
O60563;
O60566;
O60568;
O60573;
O60583;
O60602;
O60603;
O60609;
O60610;
O60641;
O60645;
O60656;
O60658;
O60662;
O60664;
O60669;
O60671;
O60673;
O60674;
O60675;
O60678;
O60683;
O60701;
O60704;
O60706;
O60716;
O60721;
O60725;
O60729;
O60733;
O60741;
O60749;
O60755;
O60760;
O60762;
O60763;
O60765;
O60779;
O60783;
O60784;
O60814;
O60825;
O60826;
O60828;
O60830;
O60832;
O60840;
O60841;
O60858;
O60870;
O60879-2;
O60879-3;
O60880;
O60882;
O60883;
O60884;
O60890;
O60894;
O60895;
O60896;
O60906;
O60907;
O60909;
O60911;
O60921;
O60925;
O60931;
O60934;
O60939;
O60942;
O75015;
O75019;
O75022;
O75023;
O75027;
O75030;
O75037;
O75038;
O75044;
O75051;
O75056;
O75061;
O75064;
O75077;
O75078;
O75083;
O75084;
O75093;
O75094;
O75096;
O75106;
O75110;
O75116;
O75122;
O75131;
O75143;
O75144;
O75145;
O75146;
O75147;
O75150;
O75151;
O75152;
O75154;
O75159;
O75161;
O75164;
O75165;
O75167;
O75173;
O75175;
O75182;
O75182-1;
O75185;
O75190;
O75191;
O75192;
O75197;
O75208;
O75223;
O75251;
O75306;
O75310;
O75311;
O75317;
O75326;
O75330;
O75334;
O75335;
O75342;
O75343;
O75344;
O75346;
O75347;
O75348;
O75351;
O75352;
O75354;
O75355;
O75356;
O75362;
O75369;
O75373;
O75376;
O75379;
O75380;
O75381;
O75382;
O75385;
O75386;
O75387;
O75388;
O75390;
O75394;
O75396;
O75400;
O75417;
O75419;
O75431;
O75436;
O75437;
O75438;
O75439;
O75444;
O75446;
O75448;
O75452;
O75460;
O75461;
O75462;
O75467;
O75469-1;
O75469-2;
O75469-3;
O75469-4;
O75469-5;
O75469-6;
O75469-7;
O75473;
O75474;
O75475;
O75477;
O75478;
O75486;
O75487;
O75489;
O75494;
O75496;
O75506;
O75508;
O75509;
O75521-2;
O75525;
O75528;
O75529;
O75530;
O75531;
O75533;
O75553;
O75554;
O75563;
O75569;
O75575;
O75578;
O75581;
O75582;
O75586;
O75593;
O75594;
O75600;
O75604;
O75608;
O75610;
O75616;
O75626;
O75629;
O75636;
O75643;
O75648;
O75665;
O75676;
O75688;
O75690;
O75691;
O75694;
O75695;
O75712;
O75715;
O75718;
O75746;
O75747;
O75751;
O75752;
O75762;
O75771;
O75787;
O75791;
O75795;
O75807;
O75808;
O75817;
O75818;
O75820;
O75821;
O75822;
O75828;
O75832;
O75843;
O75845;
O75865;
O75874;
O75880;
O75881;
O75886;
O75888;
O75897;
O75899;
O75907;
O75908;
O75909;
O75911;
O75912;
O75914;
O75915;
O75916;
O75916-3;
O75923;
O75925;
O75928;
O75928-1;
O75928-2;
O75934;
O75935;
O75936;
O75937;
O75940;
O75943;
O75947;
O75955;
O75962;
O75964;
O75971;
O75976;
O76000;
O76001;
O76002;
O76003;
O76009;
O76011;
O76013;
O76014;
O76015;
O76024;
O76036;
O76050;
O76061;
O76062;
O76064;
O76071;
O76074;
O76075;
O76081;
O76082;
O76083;
O76090;
O76093;
O76094;
O76099;
O76100;
O94759;
O94760;
O94766;
O94776;
O94777;
O94778;
O94782;
O94788;
O94804;
O94805;
O94806;
O94808;
O94810;
O94813;
O94817;
O94822;
O94823;
O94826;
O94827;
O94830;
O94844;
O94855;
O94856;
O94864;
O94874;
O94886;
O94887;
O94888;
O94892;
O94901;
O94905;
O94906;
O94907;
O94911;
O94913;
O94919;
O94923;
O94925;
O94927;
O94929;
O94933;
O94941;
O94952;
O94953;
O94955;
O94956;
O94966;
O94972;
O94973;
O94973-3;
O94979;
O94986;
O94988;
O94989;
O94991;
O95006;
O95007;
O95013;
O95045;
O95047;
O95050;
O95059;
O95067;
O95069;
O95070;
O95072;
O95084;
O95096;
O95125;
O95136;
O95139;
O95140;
O95149;
O95150;
O95153;
O95154;
O95163;
O95166;
O95167;
O95168;
O95169;
O95178;
O95180;
O95182;
O95185;
O95190;
O95196;
O95197;
O95198;
O95201;
O95202;
O95208;
O95210;
O95221;
O95222;
O95229;
O95235;
O95237;
O95239;
O95243;
O95248;
O95249;
O95251;
O95255;
O95256;
O95258;
O95259;
O95263;
O95264;
O95267;
O95271;
O95278;
O95279;
O95292;
O95294;
O95295;
O95298;
O95299;
O95302;
O95336;
O95340;
O95342;
O95347;
O95352;
O95363;
O95371;
O95372;
O95376;
O95377;
O95379;
O95391;
O95393;
O95394;
O95395;
O95396;
O95398;
O95399;
O95400;
O95402;
O95405-1;
O95406;
O95407;
O95415;
O95427;
O95429;
O95436;
O95445;
O95450;
O95452;
O95453;
O95460;
O95461;
O95466;
O95471;
O95476;
O95477;
O95484;
O95486;
O95487;
O95497;
O95498;
O95500;
O95503;
O95528;
O95544;
O95551;
O95563;
O95571;
O95573;
O95602;
O95613;
O95619;
O95622;
O95628;
O95630;
O95631;
O95633;
O95639;
O95665;
O95670;
O95674;
O95677;
O95678;
O95684;
O95696;
O95707;
O95711;
O95714;
O95716;
O95718;
O95721;
O95727;
O95741;
O95749;
O95750;
O95755;
O95757;
O95760;
O95772;
O95777;
O95780;
O95782;
O95786;
O95803;
O95813;
O95816;
O95817;
O95819;
O95822-2;
O95832;
O95835;
O95837;
O95838;
O95843;
O95847;
O95848;
O95861;
O95863;
O95864;
O95865;
O95866;
O95886;
O95907;
O95918;
O95922;
O95926;
O95944;
O95954;
O95965;
O95967;
O95970;
O95971;
O95972;
O95977;
O95983;
O95989;
O95992;
O95995;
O95997;
O95998;
O95999;
O96000;
O96006;
O96007;
O96008;
O96009;
O96013;
O96014;
O96015;
O96017;
O96018;
O96019;
O96020;
O96028;
O96033;
P00156;
P00167;
P00325;
P00326;
P00338;
P00352;
P00367;
P00374;
P00387;
P00390-1;
P00390-2;
P00395;
P00403;
P00414;
P00439;
P00441;
P00450;
P00451;
P00480;
P00488;
P00491;
P00492;
P00519;
P00533;
P00558;
P00568;
P00709;
P00734;
P00736;
P00738;
P00739;
P00740;
P00742;
P00746;
P00747;
P00748;
P00749;
P00750;
P00751;
P00797;
P00813;
P00846;
P00915;
P00918;
P00966;
P00973;
P01008;
P01009;
P01011;
P01019;
P01023;
P01024;
P01031;
P01033;
P01034;
P01040;
P01042;
P01100;
P01106;
P01111;
P01112;
P01116;
P01127;
P01130;
P01133;
P01135;
P01137;
P01138;
P01148;
P01160;
P01178;
P01185;
P01189;
P01210;
P01213;
P01222;
P01225;
P01236;
P01241;
P01242;
P01258;
P01270;
P01275;
P01282;
P01286;
P01298;
P01303;
P01308;
P01344;
P01350;
P01374;
P01375;
P01562;
P01563;
P01566;
P01567;
P01568;
P01569;
P01570;
P01571;
P01574;
P01579;
P01583;
P01584;
P01588;
P01589;
P01591;
P01593;
P01594;
P01597;
P01599;
P01601;
P01602;
P01611;
P01614;
P01615;
P01619;
P01624;
P01699;
P01700;
P01701;
P01703;
P01704;
P01705;
P01706;
P01709;
P01714;
P01715;
P01717;
P01718;
P01721;
P01730;
P01732;
P01733;
P01737;
P01742;
P01743;
P01762;
P01763;
P01764;
P01766;
P01767;
P01768;
P01772;
P01780;
P01782;
P01814;
P01817;
P01824;
P01825;
P01833;
P01834;
P01848;
P01850;
P01854;
P01857;
P01859;
P01860;
P01861;
P01871;
P01876;
P01877;
P01880;
P01889;
P01891;
P01892;
P01893;
P01903;
P01906;
P01909;
P01911;
P01912;
P01920;
P02042;
P02100;
P02144;
P02452;
P02458;
P02461;
P02462;
P02511;
P02533;
P02538;
P02545;
P02545-1;
P02545-2;
P02549;
P02585;
P02647;
P02649;
P02652;
P02654;
P02655;
P02656;
P02671;
P02675;
P02679;
P02708;
P02724;
P02730;
P02741;
P02743;
P02745;
P02746;
P02747;
P02748;
P02749;
P02750;
P02751;
P02753;
P02760;
P02763;
P02765;
P02766;
P02768;
P02771;
P02774;
P02775;
P02776;
P02778;
P02786;
P02787;
P02788;
P02790;
P02792;
P02794;
P02795;
P02818;
P03372;
P03372-3;
P03372-4;
P03886;
P03891;
P03897;
P03905;
P03915;
P03923;
P03928;
P03950;
P03951;
P03952;
P03956;
P03971;
P03973;
P03989;
P03999;
P04000;
P04001;
P04003;
P04004;
P04035-1;
P04035-2;
P04040;
P04049;
P04054;
P04062;
P04066;
P04070;
P04075;
P04080;
P04083;
P04085;
P04085-1;
P04085-2;
P04090;
P04114;
P04118;
P04141;
P04150;
P04150-1;
P04150-2;
P04150-3;
P04150-4;
P04150-5;
P04150-6;
P04150-7;
P04150-8;
P04150-9;
P04155;
P04156;
P04179;
P04180;
P04183;
P04196;
P04211;
P04217;
P04222;
P04229;
P04233;
P04234;
P04259;
P04264;
P04271;
P04275;
P04279;
P04350;
P04406;
P04424;
P04430;
P04432;
P04433;
P04435;
P04437;
P04439;
P04440;
P04626;
P04628;
P04629;
P04632;
P04637;
P04731;
P04732;
P04733;
P04745;
P04746;
P04792;
P04798;
P04818;
P04839;
P04843;
P04844;
P04899;
P04908;
P04920;
P04921;
P05013;
P05014;
P05015;
P05019;
P05023;
P05026;
P05060;
P05062;
P05067;
P05089;
P05090;
P05091;
P05093;
P05106;
P05107;
P05108;
P05109;
P05111;
P05112;
P05113;
P05114;
P05120;
P05121;
P05129;
P05141;
P05154;
P05155;
P05156;
P05160;
P05161;
P05164;
P05165;
P05166;
P05177;
P05181;
P05187;
P05198;
P05230;
P05231;
P05305;
P05362;
P05386;
P05387;
P05388;
P05412;
P05413;
P05423;
P05452;
P05455;
P05496;
P05534;
P05538;
P05546;
P05549;
P05549-1;
P05556;
P05771;
P05783;
P05787;
P05814;
P05937;
P05976;
P05981;
P05997;
P06028;
P06126;
P06132;
P06133;
P06213;
P06239;
P06241;
P06276;
P06280;
P06307;
P06310;
P06312;
P06315;
P06331;
P06340;
P06396;
P06400;
P06401;
P06401-2;
P06493;
P06576;
P06681;
P06702;
P06727;
P06729;
P06730;
P06732;
P06733;
P06734;
P06744;
P06746;
P06748;
P06753;
P06756;
P06850;
P06858;
P06865;
P06870;
P06881;
P06899;
P07093;
P07098;
P07099;
P07101;
P07108;
P07148;
P07195;
P07196;
P07202;
P07204;
P07205;
P07225;
P07237;
P07288;
P07305;
P07327;
P07332;
P07333;
P07339;
P07355;
P07357;
P07358;
P07359;
P07360;
P07384;
P07437;
P07438;
P07451;
P07476;
P07477;
P07478;
P07492;
P07510;
P07550;
P07585;
P07602;
P07686;
P07711;
P07737;
P07738;
P07741;
P07766;
P07814;
P07858;
P07864;
P07900;
P07902;
P07910;
P07919;
P07942;
P07947;
P07948;
P07949;
P07951;
P07954;
P07988;
P07992;
P07996;
P08034;
P08047;
P08069;
P08100;
P08123;
P08133;
P08134;
P08138;
P08151;
P08172;
P08173;
P08174;
P08183;
P08195;
P08217;
P08235;
P08235-1;
P08235-2;
P08235-3;
P08235-4;
P08236;
P08237;
P08238;
P08240;
P08243;
P08246;
P08253;
P08254;
P08263;
P08294;
P08311;
P08319;
P08397;
P08473;
P08476;
P08514;
P08519;
P08559;
P08567;
P08571;
P08572;
P08574;
P08575;
P08579;
P08581;
P08582;
P08588;
P08590;
P08603;
P08620;
P08621;
P08631;
P08637;
P08648;
P08651;
P08670;
P08684;
P08686;
P08697;
P08700;
P08708;
P08709;
P08727;
P08729;
P08754;
P08758;
P08779;
P08833;
P08842;
P08865;
P08887;
P08887-2;
P08908;
P08912;
P08913;
P08949;
P08962;
P09001;
P09012;
P09016;
P09017;
P09038;
P09086;
P09104;
P09110;
P09132;
P09172;
P09210;
P09211;
P09234;
P09237;
P09238;
P09326;
P09341;
P09382;
P09417;
P09429;
P09455;
P09467;
P09471;
P09486;
P09488;
P09493;
P09496;
P09496-1;
P09497;
P09529;
P09544;
P09601;
P09603;
P09619;
P09622;
P09651;
P09661;
P09668;
P09669;
P09681;
P09683;
P09693;
P09769;
P09848;
P09871;
P09874;
P09884;
P09912;
P09913;
P09914;
P09917;
P09919;
P09923;
P09936;
P09958;
P09960;
P09972;
P0C024;
P0C0L4;
P0C0L5;
P0C0P6;
P0C0S5;
P0C0S8;
P0C1Z6;
P0C5Y4;
P0C5Y9;
P0C604;
P0C617;
P0C623;
P0C626;
P0C628;
P0C629;
P0C645;
P0C646;
P0C7H8;
P0C7I0;
P0C7M3;
P0C7M7;
P0C7N1;
P0C7N5;
P0C7N8;
P0C7T2;
P0C7T3;
P0C7X2;
P0C869;
P0CB33;
P0CF74;
P0CG04;
P0CG05;
P0CG06;
P0CG29;
P0CG30;
P0CG47;
P0CG48;
P0CH99;
P0DI81;
P0DJD7;
P0DJD8;
P0DJD9;
P0DJI8;
P0DML2;
P0DMM9;
P0DMN0;
P0DMS8;
P0DMV8;
P0DMV9;
P0DN86;
P0DP23;
P0DP73;
P0DP74;
P0DPD6;
P10070;
P10071;
P10072;
P10082;
P10092;
P10109;
P10124;
P10144;
P10145;
P10147;
P10153;
P10176;
P10242;
P10243;
P10244;
P10253;
P10275;
P10276;
P10301;
P10314;
P10316;
P10319;
P10321;
P10323;
P10412;
P10415;
P10451;
P10515;
P10523;
P10586;
P10588;
P10589;
P10599;
P10600;
P10606;
P10619;
P10620;
P10632;
P10635;
P10636;
P10643;
P10644;
P10645;
P10646;
P10720;
P10721;
P10745;
P10746;
P10747;
P10767;
P10768;
P10809;
P10826;
P10827;
P10827-2;
P10828;
P10909;
P10911;
P10912;
P10914;
P10915;
P10916;
P10966;
P10997;
P11021;
P11047;
P11055;
P11086;
P11142;
P11150;
P11161;
P11166;
P11168;
P11169;
P11171;
P11172;
P11177;
P11182;
P11215;
P11226;
P11229;
P11233;
P11234;
P11245;
P11274;
P11277;
P11279;
P11309;
P11310;
P11362;
P11362-1;
P11362-19;
P11387;
P11388;
P11413;
P11464;
P11465;
P11473;
P11474;
P11487;
P11488;
P11498;
P11509;
P11511;
P11532;
P11586;
P11597;
P11678;
P11686;
P11712;
P11717;
P11766;
P11802;
P11831;
P11908;
P11912;
P11940;
P12004;
P12018;
P12034-1;
P12035;
P12074;
P12081;
P12104;
P12107;
P12109;
P12110;
P12111;
P12235;
P12236;
P12259;
P12268;
P12270;
P12271;
P12272;
P12273;
P12277;
P12314;
P12318;
P12319;
P12532;
P12643;
P12644;
P12694;
P12724;
P12755;
P12757;
P12814;
P12821;
P12829;
P12830;
P12838;
P12872;
P12931-1;
P12931-2;
P12956;
P13010;
P13051-1;
P13056;
P13073;
P13164;
P13196;
P13224;
P13232;
P13236;
P13284;
P13349;
P13473;
P13497;
P13497-3;
P13498;
P13500;
P13501;
P13521;
P13533;
P13535;
P13569;
P13584;
P13591;
P13598;
P13611;
P13612;
P13631;
P13637;
P13639;
P13640;
P13645;
P13646;
P13647;
P13671;
P13674;
P13686;
P13688;
P13716;
P13725;
P13726;
P13727;
P13746;
P13747;
P13760;
P13761;
P13762;
P13765;
P13796;
P13798;
P13804;
P13805;
P13807;
P13861;
P13866;
P13929;
P13942;
P13945;
P13984;
P13987;
P13995;
P14060;
P14061;
P14091;
P14136;
P14138;
P14151;
P14174;
P14207;
P14209;
P14210;
P14314;
P14316;
P14324;
P14373;
P14410;
P14415;
P14416;
P14543;
P14550;
P14555;
P14598;
P14618;
P14618-1;
P14618-2;
P14625;
P14635;
P14649;
P14651;
P14652;
P14653;
P14672;
P14678;
P14679;
P14735;
P14770;
P14778;
P14780;
P14784;
P14854;
P14859;
P14866;
P14867;
P14868;
P14902;
P14920;
P14921;
P14923;
P14927;
P15018;
P15036;
P15056;
P15086;
P15088;
P15090;
P15104;
P15121;
P15144;
P15151;
P15153;
P15169;
P15170;
P15172;
P15173;
P15248;
P15259;
P15260;
P15289;
P15291;
P15309;
P15311;
P15313;
P15336;
P15374;
P15382;
P15391;
P15428;
P15498;
P15502;
P15509;
P15514;
P15515;
P15516;
P15529;
P15531;
P15538;
P15559;
P15586;
P15622;
P15692;
P15692-4;
P15735;
P15813;
P15814;
P15848;
P15880;
P15882;
P15884;
P15907;
P15918;
P15923;
P15924;
P15927;
P15941;
P15954;
P15976;
P16035;
P16050;
P16066;
P16070;
P16083;
P16104;
P16109;
P16118;
P16144;
P16150;
P16152;
P16157;
P16188;
P16189;
P16190;
P16219;
P16220;
P16233;
P16234;
P16260;
P16278;
P16284;
P16298;
P16333;
P16383;
P16389;
P16401;
P16402;
P16403;
P16410;
P16422;
P16435;
P16444;
P16455;
P16471;
P16473;
P16499;
P16519;
P16520;
P16581;
P16591;
P16615;
P16619;
P16662;
P16671;
P16870;
P16871;
P16885;
P16930;
P17014;
P17017;
P17019;
P17021;
P17022;
P17023;
P17024;
P17027;
P17029;
P17030;
P17031;
P17032;
P17035;
P17036;
P17038;
P17039;
P17066;
P17081;
P17096;
P17152;
P17174;
P17181;
P17213;
P17252;
P17275;
P17301;
P17302;
P17405;
P17480;
P17483;
P17516;
P17535;
P17538;
P17540;
P17542;
P17568;
P17600;
P17612;
P17643;
P17655;
P17658;
P17661;
P17676;
P17677;
P17693;
P17706;
P17706-2;
P17707;
P17752;
P17787;
P17812;
P17844;
P17858;
P17861-2;
P17900;
P17927;
P17931;
P17936;
P17947;
P17948;
P17980;
P17987;
P18031;
P18054;
P18065;
P18074;
P18075;
P18077;
P18084;
P18089;
P18124;
P18146;
P18206;
P18283;
P18405;
P18428;
P18433;
P18440;
P18462;
P18463;
P18464;
P18465;
P18505;
P18507;
P18509;
P18510;
P18545;
P18564;
P18615;
P18621;
P18627;
P18669;
P18754;
P18825;
P18827;
P18846;
P18847;
P18848;
P18850;
P18858;
P18859;
P18887;
P19012;
P19013;
P19022;
P19086;
P19087;
P19099;
P19105;
P19113;
P19174;
P19224;
P19237;
P19256;
P19320;
P19338;
P19367;
P19387;
P19388;
P19397;
P19404;
P19419;
P19429;
P19438;
P19440;
P19447;
P19474;
P19525;
P19623;
P19634;
P19652;
P19784;
P19793;
P19801;
P19823;
P19835;
P19838;
P19875;
P19876;
P19878;
P19883;
P19957;
P19961;
P19971;
P20020;
P20023;
P20036;
P20039;
P20042;
P20061;
P20062;
P20132;
P20138;
P20151;
P20160;
P20226;
P20248;
P20273;
P20292;
P20309;
P20333;
P20336;
P20337;
P20338;
P20339;
P20340;
P20366;
P20382;
P20393;
P20396;
P20585;
P20591;
P20592;
P20594;
P20618;
P20645;
P20648;
P20671;
P20674;
P20700;
P20701;
P20702;
P20718;
P20783;
P20800;
P20807;
P20809;
P20810;
P20813;
P20815;
P20823;
P20827;
P20839;
P20849;
P20851;
P20853;
P20908;
P20916;
P20929;
P20930;
P20933;
P20936;
P20963-1;
P21108;
P21127;
P21217;
P21266;
P21281;
P21283;
P21291;
P21333;
P21359;
P21397;
P21399;
P21439;
P21452;
P21453;
P21462;
P21506;
P21549;
P21554;
P21579;
P21580;
P21583-1;
P21589;
P21673;
P21675;
P21695;
P21709;
P21728;
P21730;
P21731;
P21741;
P21754;
P21781;
P21796;
P21802;
P21802-1;
P21802-17;
P21802-18;
P21802-3;
P21802-5;
P21810;
P21815;
P21817;
P21854;
P21860-1;
P21912;
P21917;
P21918;
P21926;
P21941;
P21953;
P21964;
P22001;
P22033;
P22059;
P22061;
P22087;
P22090;
P22102;
P22105;
P22223;
P22234;
P22301;
P22303;
P22304;
P22307;
P22307-1;
P22309;
P22310;
P22314;
P22362;
P22392;
P22413;
P22415;
P22455;
P22459;
P22460;
P22466;
P22528;
P22531;
P22532;
P22570;
P22607;
P22607-1;
P22607-2;
P22612;
P22626;
P22680;
P22681;
P22692;
P22694;
P22695;
P22732;
P22735;
P22736;
P22749;
P22760;
P22792;
P22830;
P22888;
P22891;
P22894;
P22897;
P23025;
P23083;
P23109;
P23141;
P23142;
P23193;
P23219;
P23229;
P23246;
P23258;
P23276;
P23280;
P23284;
P23297;
P23327;
P23352;
P23368;
P23378;
P23381;
P23396;
P23409;
P23415;
P23416;
P23434;
P23443;
P23458;
P23467;
P23468;
P23471;
P23490;
P23497;
P23510;
P23511;
P23515;
P23526;
P23527;
P23528;
P23560;
P23582;
P23588;
P23634;
P23677;
P23743;
P23760;
P23763;
P23769;
P23771;
P23786;
P23919;
P23921;
P23945;
P23946;
P23975;
P24001;
P24043;
P24046;
P24071;
P24158;
P24311;
P24347;
P24385;
P24386;
P24387;
P24390;
P24394;
P24462;
P24468;
P24522;
P24530;
P24534;
P24539;
P24557;
P24588;
P24592;
P24593;
P24723;
P24752;
P24821;
P24844;
P24863;
P24864;
P24903;
P24928;
P24941;
P25021;
P25024;
P25025;
P25054;
P25054-1;
P25063;
P25067;
P25089;
P25090;
P25092;
P25098;
P25100;
P25101;
P25103;
P25105;
P25106;
P25116;
P25205;
P25208;
P25311;
P25325;
P25391;
P25398;
P25440;
P25445;
P25490;
P25685;
P25705;
P25713;
P25774;
P25786;
P25787;
P25788;
P25789;
P25791;
P25800;
P25815;
P25874;
P25929;
P25940;
P25942-1;
P25963;
P26006;
P26010;
P26012;
P26022;
P26038;
P26045;
P26196;
P26232;
P26358;
P26367;
P26368;
P26371;
P26373;
P26374;
P26439;
P26440;
P26441;
P26572;
P26583;
P26599;
P26639;
P26640;
P26641;
P26651;
P26678;
P26715;
P26717;
P26718;
P26842;
P26927;
P26951;
P26992;
P27037;
P27105;
P27144;
P27169;
P27338;
P27348;
P27352;
P27361;
P27448;
P27449;
P27469;
P27487;
P27539;
P27540;
P27544;
P27635;
P27658;
P27694;
P27695;
P27707;
P27708;
P27797;
P27815;
P27824;
P27918;
P27930;
P27986;
P27987;
P28062;
P28065;
P28066;
P28067;
P28068;
P28070;
P28072;
P28074;
P28161;
P28221;
P28222;
P28223;
P28288;
P28289;
P28300;
P28328;
P28329;
P28330;
P28331;
P28332;
P28335;
P28336;
P28340;
P28347;
P28472;
P28476;
P28482;
P28562;
P28566;
P28676;
P28702;
P28715;
P28749;
P28799;
P28845;
P28906-1;
P28907;
P28908;
P29016;
P29017;
P29033;
P29074;
P29083;
P29084;
P29120;
P29122;
P29144;
P29218;
P29274;
P29275;
P29279;
P29317;
P29320;
P29322;
P29323;
P29350;
P29353;
P29353-1;
P29353-2;
P29353-3;
P29371;
P29372;
P29374;
P29375;
P29400;
P29401;
P29459;
P29460;
P29466;
P29474;
P29475;
P29508;
P29536;
P29590;
P29597;
P29622;
P29692;
P29728;
P29803;
P29965;
P29966;
P29972;
P29973;
P29992;
P30038;
P30041;
P30043;
P30044-1;
P30044-2;
P30047;
P30048;
P30049;
P30050;
P30084;
P30085;
P30086;
P30101;
P30153;
P30154;
P30260;
P30273;
P30279;
P30281;
P30291;
P30301;
P30304;
P30305;
P30307;
P30411;
P30419;
P30443;
P30447;
P30450;
P30453;
P30455;
P30456;
P30457;
P30459;
P30460;
P30461;
P30462;
P30464;
P30466;
P30475;
P30479;
P30480;
P30481;
P30483;
P30484;
P30485;
P30486;
P30487;
P30488;
P30490;
P30491;
P30492;
P30493;
P30495;
P30498;
P30499;
P30501;
P30504;
P30505;
P30508;
P30510;
P30511;
P30512;
P30518;
P30519;
P30520;
P30530;
P30531;
P30532;
P30536;
P30542;
P30550;
P30556;
P30559;
P30566;
P30613-1;
P30613-2;
P30622;
P30626;
P30679;
P30685;
P30711;
P30740;
P30793;
P30825;
P30837;
P30838;
P30872;
P30874;
P30876;
P30926;
P30939;
P30953;
P30954;
P30968;
P30988;
P30989;
P30990;
P31025;
P31040;
P31150;
P31151;
P31152;
P31153;
P31213;
P31249;
P31321;
P31323;
P31327;
P31350;
P31371;
P31391;
P31415;
P31431;
P31483;
P31513;
P31639;
P31641;
P31644;
P31645;
P31689;
P31749;
P31751;
P31785;
P31930;
P31937;
P31939;
P31941;
P31943;
P31944;
P31946;
P31947;
P31948;
P31949;
P31994;
P31997;
P32004;
P32019;
P32119;
P32121;
P32189;
P32238;
P32239;
P32241;
P32245;
P32246;
P32247;
P32248;
P32249;
P32297;
P32298-1;
P32302;
P32320;
P32321;
P32322;
P32418;
P32455;
P32456;
P32519;
P32745;
P32754;
P32780;
P32881;
P32926;
P32927;
P32929;
P32942;
P32969;
P32970;
P32971;
P33032;
P33076;
P33121;
P33151;
P33176;
P33240;
P33260;
P33261;
P33316-2;
P33402;
P33527;
P33681;
P33778;
P33897;
P33908;
P33947;
P33991;
P33992;
P33993;
P34059;
P34130;
P34741;
P34810;
P34897;
P34903;
P34913;
P34925;
P34931;
P34932;
P34947;
P34949;
P34969;
P34972;
P34981;
P34982;
P34995;
P34998;
P35030;
P35052;
P35070;
P35080;
P35212;
P35218;
P35221;
P35222;
P35225;
P35226;
P35227;
P35228;
P35232;
P35236;
P35237;
P35240;
P35241;
P35243;
P35244;
P35247;
P35249;
P35250;
P35251;
P35268;
P35269;
P35270;
P35318;
P35321;
P35325;
P35326;
P35346;
P35348;
P35354;
P35367;
P35368;
P35372;
P35398;
P35408;
P35414;
P35442;
P35443;
P35462;
P35475;
P35498;
P35499;
P35503;
P35504;
P35523;
P35527;
P35548;
P35555;
P35556;
P35557;
P35558;
P35568;
P35573;
P35575;
P35579;
P35580;
P35606;
P35609;
P35610;
P35611;
P35612;
P35613;
P35625;
P35626;
P35637;
P35638;
P35658;
P35659;
P35670;
P35680;
P35712;
P35749;
P35754;
P35790;
P35813;
P35858;
P35869;
P35900;
P35908;
P35913;
P35914;
P35916;
P35968;
P35998;
P36021;
P36222;
P36269;
P36382;
P36383;
P36402;
P36404;
P36405;
P36507;
P36537;
P36542;
P36543;
P36544;
P36551;
P36578;
P36639-1;
P36639-2;
P36639-3;
P36639-4;
P36871;
P36873;
P36888;
P36894;
P36896;
P36897;
P36941;
P36954;
P36956;
P36956-1;
P36956-3;
P36957;
P36959;
P36969;
P36969-2;
P36980;
P37023;
P37058;
P37059;
P37088;
P37108;
P37173;
P37198;
P37231;
P37268;
P37275;
P37287;
P37288;
P37802;
P37837;
P37840;
P38117;
P38159;
P38398;
P38405;
P38435;
P38484;
P38567;
P38570;
P38571;
P38606;
P38646;
P38919;
P38936;
P39019;
P39023;
P39059;
P39060;
P39086;
P39210;
P39656;
P39687;
P39748;
P39877;
P39880;
P39900;
P39905;
P40123;
P40126;
P40145;
P40189;
P40189-2;
P40197;
P40198;
P40199;
P40200;
P40222;
P40225;
P40227;
P40238;
P40259;
P40261;
P40305;
P40306;
P40337;
P40394;
P40424;
P40429;
P40692;
P40763;
P40818;
P40879;
P40925;
P40926;
P40933;
P40937;
P40938;
P40939;
P41002;
P41091;
P41134;
P41143;
P41145;
P41146;
P41159;
P41180;
P41181;
P41182;
P41208;
P41217;
P41218;
P41220;
P41221;
P41222;
P41223;
P41225;
P41226;
P41229;
P41231;
P41235;
P41235-5;
P41235-6;
P41235-7;
P41238;
P41240;
P41247;
P41250;
P41252;
P41273;
P41279;
P41439;
P41440;
P41586;
P41587;
P41594;
P41595;
P41597;
P41732;
P41743;
P41968;
P42025;
P42081;
P42126;
P42167-1;
P42224;
P42224-1;
P42224-2;
P42226;
P42229;
P42261;
P42262;
P42263;
P42285;
P42330;
P42331;
P42336;
P42338;
P42345;
P42356;
P42357;
P42566;
P42568;
P42574;
P42575;
P42677;
P42679;
P42680;
P42681;
P42684;
P42685;
P42695;
P42701;
P42702;
P42704;
P42765;
P42766;
P42768;
P42771;
P42772;
P42773;
P42785;
P42830;
P42892;
P42898;
P43003;
P43004;
P43005;
P43007;
P43026;
P43034;
P43080;
P43088;
P43115;
P43116;
P43119;
P43146;
P43155;
P43166;
P43220;
P43234;
P43235;
P43246;
P43250;
P43251;
P43268;
P43304;
P43307;
P43308;
P43351;
P43353;
P43354;
P43378;
P43403;
P43405;
P43487;
P43489;
P43490;
P43626;
P43627;
P43628;
P43629;
P43630;
P43631;
P43632;
P43657;
P43681;
P43686;
P43694;
P43897;
P45378;
P45379;
P45381;
P45452;
P45844;
P45880;
P45954;
P45973;
P45974;
P45983;
P45984;
P45985;
P46019;
P46020;
P46059;
P46060;
P46087;
P46092;
P46093;
P46094;
P46098;
P46108;
P46109;
P46199;
P46439;
P46459;
P46527;
P46531;
P46597;
P46663;
P46695;
P46721;
P46734;
P46734-3;
P46736;
P46776;
P46777;
P46778;
P46779;
P46781;
P46782;
P46783;
P46926;
P46934;
P46937;
P46940;
P46952;
P46976;
P46977;
P47211;
P47712;
P47736;
P47755;
P47756;
P47804;
P47813;
P47869;
P47870;
P47871;
P47872;
P47881;
P47883;
P47884;
P47887;
P47888;
P47890;
P47893;
P47895;
P47897;
P47898;
P47900;
P47901;
P47914;
P47944;
P47985;
P47989;
P47992;
P48023;
P48029;
P48039;
P48047;
P48048;
P48050;
P48051;
P48058;
P48059;
P48060;
P48061;
P48065;
P48066;
P48067;
P48145;
P48146;
P48163;
P48165;
P48167;
P48169;
P48200;
P48201;
P48357-1;
P48426;
P48431;
P48436;
P48443;
P48444;
P48449;
P48454;
P48506;
P48507;
P48509;
P48544;
P48546;
P48547;
P48549;
P48551-2;
P48552;
P48553;
P48556;
P48595;
P48637;
P48643;
P48645;
P48651;
P48664;
P48668;
P48723;
P48728;
P48729;
P48730;
P48735;
P48736;
P48739;
P48740;
P48741;
P48751;
P48764;
P48775;
P48788;
P48960;
P48995;
P49005;
P49019;
P49023;
P49116;
P49137;
P49146;
P49184;
P49189;
P49190;
P49207;
P49238;
P49247;
P49257;
P49279;
P49281;
P49286;
P49327;
P49336;
P49354;
P49356;
P49366;
P49368;
P49406;
P49407;
P49411;
P49418;
P49419;
P49427;
P49441;
P49448;
P49450;
P49454;
P49458;
P49459;
P49585;
P49588;
P49589;
P49590;
P49591;
P49619;
P49638;
P49639;
P49641;
P49642;
P49643;
P49662;
P49674;
P49675;
P49682;
P49683;
P49685;
P49711;
P49715;
P49716;
P49720;
P49721;
P49736;
P49746;
P49747;
P49748;
P49753;
P49755;
P49757;
P49758;
P49763;
P49765;
P49767;
P49768;
P49770;
P49771;
P49790;
P49792;
P49795;
P49796;
P49798;
P49802;
P49810;
P49815;
P49821;
P49840;
P49841;
P49848;
P49862;
P49888;
P49895;
P49902;
P49908;
P49913;
P49914;
P49915;
P49916;
P49917;
P49918;
P49959;
P49961;
P50052;
P50053;
P50120;
P50135;
P50148;
P50150;
P50151;
P50213;
P50225;
P50226;
P50281;
P50336;
P50391;
P50395;
P50402;
P50406;
P50416;
P50440;
P50443;
P50452;
P50454;
P50458;
P50502;
P50542-1;
P50542-2;
P50548;
P50552;
P50570;
P50579;
P50583;
P50591;
P50613;
P50747;
P50748;
P50750;
P50876;
P50897;
P50914;
P50990;
P50991;
P50993;
P51003;
P51124;
P51148;
P51149;
P51151;
P51153;
P51159;
P51161;
P51164;
P51168;
P51170;
P51172;
P51178;
P51398;
P51449;
P51449-2;
P51451;
P51452;
P51460;
P51511;
P51512;
P51530;
P51531;
P51532;
P51553;
P51570;
P51571;
P51572;
P51575;
P51580;
P51582;
P51587;
P51589;
P51606;
P51610;
P51617;
P51648-1;
P51648-2;
P51649;
P51654;
P51659;
P51665;
P51668;
P51671;
P51677;
P51679;
P51681;
P51684;
P51685;
P51686;
P51687;
P51688;
P51689;
P51690;
P51692;
P51784;
P51786;
P51787;
P51788;
P51790;
P51793;
P51795;
P51797;
P51798;
P51800;
P51801;
P51805;
P51809;
P51810;
P51811;
P51812;
P51813;
P51814;
P51815;
P51828;
P51841;
P51843-1;
P51843-2;
P51857;
P51858;
P51864;
P51884;
P51946;
P51948;
P51955;
P51959;
P51965;
P51970;
P51991;
P52209;
P52272;
P52292;
P52294;
P52298;
P52333;
P52429;
P52434;
P52435;
P52564;
P52564-1;
P52565;
P52566;
P52569-1;
P52569-2;
P52594;
P52597;
P52630;
P52655;
P52657;
P52701;
P52732;
P52735;
P52736;
P52737;
P52738;
P52739;
P52742;
P52744;
P52747;
P52756;
P52757;
P52758;
P52788;
P52789;
P52790;
P52797;
P52798;
P52799;
P52803;
P52815;
P52824;
P52848;
P52849;
P52888;
P52895;
P52907;
P52926;
P52945;
P52948-3;
P52948-4;
P52948-5;
P52952;
P52961;
P53004;
P53007;
P53041;
P53350;
P53355;
P53365;
P53384;
P53396;
P53420;
P53539;
P53582;
P53597;
P53602;
P53611;
P53618;
P53621;
P53634;
P53667;
P53671;
P53675;
P53680;
P53680-1;
P53708;
P53778;
P53779;
P53794;
P53803;
P53816;
P53985;
P53990;
P53992;
P54105;
P54108;
P54132;
P54136;
P54198;
P54219;
P54252;
P54259;
P54274;
P54278;
P54284;
P54289;
P54315;
P54317;
P54368;
P54577;
P54578;
P54619;
P54646;
P54652;
P54707;
P54709;
P54710;
P54725;
P54727;
P54750;
P54753;
P54756;
P54760;
P54762;
P54764;
P54793;
P54802;
P54803;
P54819;
P54826;
P54829;
P54840;
P54855;
P54868;
P54886-1;
P54886-2;
P54920;
P55001;
P55010;
P55011;
P55017;
P55036;
P55055;
P55056;
P55058-1;
P55058-2;
P55064;
P55072;
P55073;
P55075-1;
P55081;
P55082;
P55083;
P55084;
P55085;
P55087;
P55089;
P55103;
P55145;
P55157;
P55160;
P55196-2;
P55199;
P55201;
P55210;
P55211;
P55212;
P55263;
P55265;
P55268;
P55273;
P55283;
P55285;
P55286;
P55287;
P55289;
P55290;
P55291;
P55317;
P55318;
P55327;
P55347;
P55735;
P55769;
P55773-2;
P55786;
P55789;
P55795;
P55809;
P55851;
P55854;
P55884;
P55895;
P55916;
P55957;
P56134;
P56159;
P56178;
P56179;
P56180;
P56181;
P56182;
P56192;
P56199;
P56202;
P56211;
P56277;
P56282;
P56373;
P56377;
P56381;
P56385;
P56524;
P56539;
P56545;
P56556;
P56589;
P56696;
P56703;
P56704;
P56705;
P56706;
P56746;
P56747;
P56748;
P56749;
P56750;
P56817;
P56856;
P56880;
P56937;
P56945;
P56962;
P56975;
P57053;
P57054;
P57057;
P57059;
P57081;
P57087;
P57103;
P57678;
P57679;
P57723;
P57729;
P57735;
P57739;
P57740;
P57764;
P57771;
P57772;
P57773;
P57775;
P57789;
P58004;
P58005;
P58012;
P58166;
P58170;
P58173;
P58180;
P58181;
P58182;
P58215;
P58294;
P58335-1;
P58335-4;
P58397;
P58400;
P58401;
P58549;
P58753;
P58876;
P59025;
P59095;
P59190;
P59510;
P59533;
P59534;
P59535;
P59536;
P59537;
P59538;
P59539;
P59540;
P59541;
P59542;
P59543;
P59544;
P59551;
P59646;
P59665;
P59666;
P59768;
P59796;
P59827;
P59861;
P59901;
P59922;
P59923;
P59990;
P59991;
P59998;
P60006;
P60014;
P60022;
P60033;
P60059;
P60174;
P60228;
P60328;
P60329;
P60331;
P60368;
P60369;
P60370;
P60371;
P60372;
P60409;
P60410;
P60411;
P60412;
P60413;
P60468;
P60484;
P60510;
P60520;
P60568;
P60604;
P60660;
P60709;
P60763;
P60842;
P60852;
P60866;
P60880;
P60891;
P60896;
P60900;
P60903;
P60953;
P61006;
P61009;
P61011;
P61018;
P61019;
P61020;
P61024;
P61026;
P61073;
P61077;
P61081;
P61086;
P61088;
P61106;
P61158;
P61160;
P61163;
P61201;
P61204;
P61218;
P61221;
P61224;
P61225;
P61244;
P61247;
P61254;
P61266;
P61278;
P61289;
P61296;
P61313;
P61326;
P61328;
P61353;
P61371;
P61421;
P61457;
P61513;
P61586;
P61601;
P61619;
P61626;
P61647;
P61758;
P61764;
P61764-1;
P61769;
P61803;
P61812;
P61916;
P61923;
P61927;
P61952;
P61956;
P61962;
P61964;
P61966;
P61978;
P61981;
P62081;
P62136;
P62140;
P62191;
P62195;
P62241;
P62244;
P62249;
P62253;
P62256;
P62258;
P62263;
P62266;
P62269;
P62273;
P62277;
P62280;
P62304;
P62306;
P62308;
P62310;
P62312;
P62314;
P62316;
P62318;
P62328;
P62330;
P62333;
P62424;
P62487;
P62491;
P62495;
P62508;
P62699;
P62701;
P62714;
P62736;
P62745;
P62750;
P62753;
P62805;
P62807;
P62820;
P62826;
P62829;
P62834;
P62837;
P62841;
P62847;
P62851;
P62854;
P62857;
P62861;
P62873;
P62875;
P62877;
P62879;
P62888;
P62891;
P62899;
P62906;
P62910;
P62913;
P62917;
P62937;
P62942;
P62945;
P62955;
P62979;
P62987;
P62993;
P62993-1;
P62995;
P63000;
P63010;
P63010-1;
P63027;
P63092;
P63096;
P63098;
P63104;
P63146;
P63151;
P63165;
P63167;
P63172;
P63173;
P63208;
P63211;
P63215;
P63218;
P63220;
P63241;
P63244;
P63252;
P63261;
P63267;
P63272;
P63279;
P63316;
P67775;
P67809;
P67812;
P67870;
P67936;
P68032;
P68036;
P68104;
P68106;
P68133;
P68363;
P68366;
P68371;
P68400;
P68402;
P68431;
P68871;
P69891;
P69892;
P69905;
P78310;
P78316;
P78317;
P78324;
P78325;
P78329;
P78330;
P78333;
P78344;
P78345;
P78346;
P78348;
P78352;
P78356;
P78357;
P78363;
P78364;
P78367;
P78368;
P78369;
P78371;
P78380;
P78381;
P78382;
P78385;
P78386;
P78396;
P78406;
P78410;
P78417;
P78423;
P78426;
P78504;
P78508;
P78509;
P78524;
P78527;
P78536;
P78537;
P78540;
P78543;
P78545;
P78549;
P78552;
P78556;
P78560;
P78563;
P79483;
P80108;
P80162;
P80188;
P80217;
P80294;
P80297;
P80365;
P80370;
P80404;
P80511;
P80748;
P81274;
P81277;
P81534;
P81605;
P82094;
P82251;
P82650;
P82663;
P82664;
P82673;
P82675;
P82909;
P82912;
P82914;
P82921;
P82930;
P82932;
P82933;
P82979;
P82987;
P83369;
P83436;
P83731;
P83859;
P83876;
P83881;
P84022;
P84077;
P84085;
P84095;
P84098;
P84103;
P84243;
P85037;
P85298;
P85299;
P86397;
P86790;
P86791;
P98066;
P98077;
P98082;
P98088;
P98095;
P98155;
P98160;
P98161;
P98164;
P98170;
P98171;
P98172;
P98174;
P98177;
P98177-1;
P98177-2;
P98182;
P98187;
P98194;
P98196;
P98198;
P99999;
Q00056;
Q00059;
Q00169;
Q00266;
Q00341;
Q00403;
Q00534;
Q00535;
Q00597;
Q00610;
Q00610-1;
Q00613;
Q00653;
Q00722;
Q00765;
Q00796;
Q00839;
Q00872;
Q00887;
Q00888;
Q00889;
Q00973;
Q00975;
Q00978;
Q00987;
Q00994;
Q01064;
Q01081;
Q01082;
Q01085;
Q01094;
Q01101;
Q01105;
Q01113;
Q01118;
Q01130;
Q01167;
Q01196;
Q01201;
Q01344;
Q01362;
Q01432;
Q01433;
Q01449;
Q01469;
Q01484;
Q01518;
Q01523;
Q01524;
Q01546;
Q01581;
Q01628;
Q01629;
Q01638;
Q01638-2;
Q01650;
Q01658;
Q01668;
Q01718;
Q01726;
Q01740;
Q01780;
Q01813;
Q01814;
Q01826;
Q01831;
Q01851;
Q01860;
Q01955;
Q01959;
Q01968;
Q01970;
Q01973;
Q01974;
Q02045;
Q02078;
Q02080;
Q02083;
Q02094;
Q02108;
Q02127;
Q02153;
Q02156;
Q02218;
Q02223;
Q02224;
Q02241;
Q02246;
Q02252;
Q02297;
Q02297-10;
Q02318;
Q02338;
Q02386;
Q02388;
Q02410;
Q02413;
Q02447;
Q02487;
Q02505;
Q02539;
Q02543;
Q02548;
Q02556;
Q02641;
Q02643;
Q02742;
Q02747;
Q02750;
Q02763;
Q02790;
Q02809;
Q02817;
Q02818;
Q02846;
Q02878;
Q02880;
Q02928;
Q02978;
Q02985;
Q03001;
Q03001-3;
Q03013;
Q03060-6;
Q03111;
Q03112;
Q03113;
Q03135;
Q03154;
Q03164;
Q03181;
Q03188;
Q03393;
Q03405;
Q03426;
Q03431;
Q03468;
Q03518;
Q03519;
Q03591;
Q03692;
Q03721;
Q03936;
Q04206;
Q04323;
Q04446;
Q04609;
Q04637;
Q04656;
Q04671;
Q04695;
Q04721;
Q04724;
Q04725;
Q04726;
Q04726-3;
Q04727;
Q04756;
Q04759;
Q04760;
Q04826;
Q04828;
Q04837;
Q04844;
Q04864;
Q04912;
Q04917;
Q05048;
Q05066;
Q05086;
Q05193;
Q05209;
Q05329;
Q05397;
Q05469;
Q05513;
Q05516;
Q05519;
Q05586;
Q05639;
Q05655;
Q05682;
Q05707;
Q05823;
Q05901;
Q05923;
Q05932-1;
Q05932-2;
Q05940;
Q05996;
Q06033;
Q06055;
Q06124;
Q06136;
Q06141;
Q06187;
Q06203;
Q06210;
Q06265;
Q06278;
Q06323;
Q06330;
Q06413;
Q06432;
Q06481;
Q06495;
Q06520;
Q06546;
Q06547-1;
Q06547-2;
Q06547-3;
Q06547-4;
Q06587;
Q06609;
Q06643;
Q06730;
Q06732;
Q06830;
Q06945;
Q07000;
Q07001;
Q07011;
Q07020;
Q07021;
Q07065;
Q07075;
Q07092;
Q07157;
Q07283;
Q07325;
Q07326;
Q07343;
Q07352;
Q07627;
Q07654;
Q07666;
Q07699;
Q07812;
Q07817;
Q07820;
Q07837;
Q07864;
Q07866;
Q07869;
Q07889;
Q07890;
Q07954;
Q07955;
Q07960;
Q07973;
Q08043;
Q08050;
Q08116;
Q08117;
Q08170;
Q08209;
Q08211;
Q08289;
Q08334;
Q08345;
Q08357;
Q08379;
Q08380;
Q08397;
Q08426;
Q08431;
Q08462;
Q08477;
Q08493;
Q08495;
Q08499;
Q08554;
Q08623;
Q08708;
Q08722;
Q08752;
Q08828;
Q08881;
Q08945;
Q08999;
Q08AG7;
Q08AH1;
Q08AH3;
Q08AM6;
Q08AN1;
Q08ER8;
Q08ET2;
Q08J23;
Q09013;
Q09028;
Q09160;
Q09161;
Q09327;
Q09328;
Q09428;
Q09470;
Q09472;
Q09FC8;
Q0D2K0;
Q0IIM8;
Q0JRZ9;
Q0PNE2;
Q0VD83;
Q0VDF9;
Q0VG06;
Q0VGL1;
Q0WX57;
Q0Z7S8;
Q10469;
Q10471;
Q10472;
Q10567;
Q10570;
Q10586;
Q10588;
Q10589;
Q10713;
Q11201;
Q11203;
Q11206;
Q12756;
Q12769;
Q12770;
Q12772;
Q12774;
Q12778;
Q12788;
Q12789;
Q12791;
Q12794;
Q12797;
Q12802;
Q12805;
Q12809;
Q12824;
Q12829;
Q12834;
Q12836;
Q12837;
Q12840;
Q12841;
Q12846;
Q12849;
Q12857;
Q12860;
Q12864;
Q12866;
Q12873;
Q12874;
Q12879;
Q12882;
Q12887;
Q12888;
Q12889;
Q12891;
Q12893;
Q12899;
Q12901;
Q12904;
Q12905;
Q12907;
Q12908;
Q12912;
Q12913;
Q12918;
Q12923;
Q12926;
Q12931;
Q12933;
Q12955;
Q12959;
Q12962;
Q12967;
Q12979;
Q12981;
Q12982;
Q12996;
Q13002;
Q13003;
Q13007;
Q13009;
Q13011;
Q13017;
Q13018;
Q13042;
Q13043;
Q13046;
Q13049;
Q13057;
Q13061;
Q13077;
Q13084;
Q13085;
Q13093;
Q13094;
Q13098;
Q13099;
Q13103;
Q13105;
Q13106;
Q13107;
Q13114;
Q13115;
Q13126;
Q13127;
Q13131;
Q13133;
Q13133-1;
Q13133-2;
Q13136;
Q13144;
Q13145;
Q13151;
Q13153;
Q13155;
Q13156;
Q13158;
Q13162;
Q13163;
Q13164;
Q13177;
Q13183;
Q13185;
Q13188;
Q13190;
Q13191;
Q13200;
Q13201;
Q13202;
Q13216;
Q13217;
Q13219;
Q13224;
Q13227;
Q13231;
Q13232;
Q13233;
Q13237;
Q13241;
Q13242;
Q13243;
Q13247;
Q13253;
Q13255;
Q13257;
Q13258;
Q13261;
Q13263;
Q13277;
Q13285;
Q13303;
Q13304;
Q13309;
Q13315;
Q13316;
Q13322;
Q13324;
Q13324-1;
Q13324-2;
Q13330;
Q13332;
Q13336;
Q13347;
Q13349;
Q13352;
Q13356;
Q13361;
Q13362;
Q13363;
Q13370;
Q13371;
Q13393;
Q13398;
Q13402;
Q13404;
Q13405;
Q13409;
Q13410;
Q13415;
Q13416;
Q13418;
Q13421;
Q13422-1;
Q13423;
Q13426;
Q13433;
Q13435;
Q13438;
Q13439;
Q13442;
Q13443;
Q13444;
Q13451;
Q13454;
Q13459;
Q13464;
Q13467;
Q13469;
Q13472;
Q13477-1;
Q13478;
Q13480;
Q13485;
Q13487;
Q13488;
Q13489;
Q13490;
Q13492;
Q13495;
Q13496;
Q13501;
Q13503;
Q13505;
Q13507;
Q13509;
Q13510;
Q13519;
Q13520;
Q13526;
Q13530;
Q13535;
Q13541;
Q13546;
Q13547;
Q13561;
Q13562;
Q13563;
Q13564;
Q13568;
Q13569;
Q13572;
Q13573;
Q13574;
Q13576;
Q13586;
Q13588;
Q13591;
Q13601;
Q13606;
Q13607;
Q13608;
Q13613;
Q13614;
Q13615;
Q13616;
Q13617;
Q13618;
Q13619;
Q13620;
Q13621;
Q13625;
Q13627;
Q13630;
Q13634;
Q13635;
Q13636;
Q13637;
Q13639;
Q13651;
Q13671;
Q13683;
Q13698;
Q13705;
Q13724;
Q13733;
Q13740;
Q13748;
Q13751;
Q13753;
Q13761;
Q13769;
Q13790;
Q13794;
Q13795;
Q13797;
Q13813;
Q13822;
Q13825;
Q13835;
Q13838;
Q13867;
Q13868;
Q13873;
Q13882;
Q13885;
Q13887;
Q13888;
Q13889;
Q13895;
Q13901;
Q13905;
Q13907;
Q13936;
Q13946;
Q13948;
Q13950-1;
Q13950-2;
Q13951;
Q13952;
Q13972;
Q13976;
Q13976-1;
Q14003;
Q14004;
Q14005;
Q14008;
Q14019;
Q14028;
Q14031;
Q14032;
Q14050;
Q14055;
Q14061;
Q14088;
Q14103;
Q14103-4;
Q14108;
Q14112;
Q14114;
Q14116;
Q14116-2;
Q14117;
Q14118;
Q14123;
Q14126;
Q14134;
Q14137;
Q14139;
Q14142;
Q14145;
Q14152;
Q14155;
Q14159;
Q14160;
Q14162;
Q14164;
Q14165;
Q14166;
Q14181;
Q14185;
Q14186;
Q14188;
Q14191;
Q14192;
Q14194;
Q14195;
Q14197;
Q14203;
Q14203-2;
Q14204;
Q14209;
Q14213;
Q14232;
Q14240;
Q14241;
Q14242;
Q14246;
Q14247;
Q14254;
Q14258;
Q14289;
Q14314;
Q14315;
Q14318;
Q14324;
Q14330;
Q14332;
Q14344;
Q14353;
Q14376;
Q14393;
Q14397;
Q14409;
Q14410;
Q14416;
Q14432;
Q14435;
Q14439;
Q14442;
Q14449;
Q14451;
Q14457;
Q14469;
Q14493;
Q14500;
Q14512;
Q14515;
Q14524;
Q14525;
Q14526;
Q14527;
Q14532;
Q14533;
Q14534;
Q14541;
Q14542;
Q14554;
Q14563;
Q14565;
Q14566;
Q14571;
Q14573;
Q14574;
Q14584;
Q14586;
Q14587;
Q14588;
Q14590;
Q14592;
Q14593;
Q14623;
Q14624;
Q14626;
Q14627;
Q14642;
Q14643;
Q14644;
Q14653;
Q14654;
Q14657;
Q14669;
Q14671;
Q14674;
Q14676;
Q14677;
Q14678;
Q14679;
Q14683;
Q14686;
Q14690;
Q14691;
Q14692;
Q14693;
Q14694;
Q14697;
Q14703;
Q14721;
Q14722;
Q14738;
Q14739;
Q14746;
Q14749;
Q14764;
Q14765;
Q14766;
Q14767;
Q14773;
Q14781;
Q14789;
Q14790;
Q147X3;
Q14802;
Q14807;
Q14814;
Q14831;
Q14832;
Q14833;
Q14839;
Q14849;
Q14865;
Q14872;
Q14894;
Q14896;
Q14914;
Q14916;
Q14919;
Q14929;
Q14938;
Q14940;
Q14943;
Q14953;
Q14954;
Q14956;
Q14957;
Q14964;
Q14966;
Q14973;
Q14974;
Q14980;
Q14993;
Q14994-1;
Q14994-2;
Q14995;
Q14997;
Q14999;
Q149N8;
Q14C86;
Q14CB8;
Q14CN2;
Q14CN4;
Q14CW9;
Q14D33;
Q15003;
Q15004;
Q15005;
Q15007;
Q15008;
Q15011;
Q15014;
Q15018;
Q15019;
Q15021;
Q15022;
Q15024;
Q15025;
Q15029;
Q15031;
Q15034;
Q15040;
Q15042;
Q15043;
Q15046;
Q15047;
Q15051;
Q15052;
Q15054;
Q15056;
Q15058;
Q15061;
Q15067;
Q15067-1;
Q15067-2;
Q15070;
Q15075;
Q15077;
Q15078;
Q15080;
Q15084;
Q15102;
Q15109;
Q15113;
Q15116;
Q15118;
Q15119;
Q15120;
Q15121;
Q15125;
Q15126;
Q15139;
Q15147;
Q15149;
Q15154;
Q15165;
Q15166;
Q15172;
Q15173;
Q15181;
Q15185;
Q15223;
Q15238;
Q15262;
Q15269;
Q15274;
Q15276;
Q15283;
Q15286;
Q15287;
Q15291;
Q15293;
Q15303-1;
Q15303-2;
Q15303-3;
Q15306;
Q15311;
Q15323;
Q15327;
Q15329;
Q15345;
Q15349;
Q15361;
Q15363;
Q15365;
Q15366;
Q15369;
Q15370;
Q15375;
Q15382;
Q15386;
Q15388;
Q15389;
Q15391;
Q15392;
Q15393;
Q15398;
Q15399;
Q15404;
Q15406-1;
Q15406-2;
Q15406-3;
Q15406-4;
Q15406-5;
Q15413;
Q15418;
Q15424;
Q15427;
Q15428;
Q15431;
Q15436;
Q15438;
Q15459;
Q15464;
Q15465;
Q15466;
Q15477;
Q15485;
Q15517;
Q15526;
Q15528;
Q15542;
Q15543;
Q15544;
Q15545;
Q15554;
Q15561;
Q15562;
Q15569;
Q15572;
Q15573;
Q15582;
Q15583;
Q15596;
Q15612;
Q15615;
Q15617;
Q15619;
Q15620;
Q15622;
Q15628;
Q15629;
Q15631;
Q15633;
Q15637;
Q15642;
Q15643;
Q15646;
Q15648;
Q15652;
Q15653;
Q15661;
Q15669;
Q15672;
Q15678;
Q15691;
Q15696;
Q15700;
Q15717;
Q15722;
Q15723;
Q15726;
Q15735;
Q15738;
Q15743;
Q15746;
Q15750;
Q15751;
Q15758;
Q15759;
Q15761;
Q15762;
Q15768;
Q15771;
Q15776;
Q15788;
Q15796;
Q15797;
Q15800;
Q15811;
Q15813;
Q15814;
Q15819;
Q15822;
Q15825;
Q15831;
Q15833;
Q15836;
Q15842;
Q15843;
Q15847;
Q15848;
Q15849;
Q15853;
Q15858;
Q15878;
Q15904;
Q15906;
Q15907;
Q15910;
Q15911;
Q15928;
Q15935;
Q15937;
Q15940;
Q15973;
Q16099;
Q16134;
Q16143;
Q16181;
Q16186;
Q16222;
Q16254;
Q16270;
Q16280;
Q16288;
Q16322;
Q16348;
Q16363;
Q16394;
Q16401;
Q16445;
Q16478;
Q16512;
Q16513;
Q16514;
Q16515;
Q16520;
Q16526;
Q16531;
Q16533;
Q16537;
Q16539;
Q16540;
Q16543;
Q16552;
Q16555;
Q16557;
Q16558;
Q16560;
Q16566;
Q16570;
Q16572;
Q16576;
Q16581;
Q16584;
Q16587;
Q16594;
Q16595;
Q16602;
Q16610;
Q16611;
Q16613;
Q16619;
Q16620;
Q16621;
Q16623;
Q16625;
Q16629;
Q16630;
Q16635;
Q16637;
Q16644;
Q16647;
Q16649;
Q16651;
Q16654;
Q16656;
Q16658;
Q16659;
Q16661;
Q16665;
Q16666;
Q16671;
Q16678;
Q16690;
Q16695;
Q16696;
Q16698;
Q16706;
Q16718;
Q16720;
Q16739;
Q16760;
Q16762;
Q16763;
Q16769;
Q16772;
Q16774;
Q16775-2;
Q16777;
Q16778;
Q16787;
Q16790;
Q16795;
Q16798;
Q16816;
Q16822;
Q16827;
Q16828;
Q16829;
Q16831;
Q16832;
Q16836;
Q16842;
Q16850;
Q16851;
Q16853;
Q16854;
Q16864;
Q16873;
Q16875;
Q16877;
Q16878;
Q16880;
Q16881;
Q16890;
Q16891;
Q17R88;
Q17R89;
Q17RB8;
Q17RR3;
Q17RS7;
Q17RW2;
Q1EHB4;
Q1ZYL8;
Q24JP5;
Q29718;
Q29836;
Q29865;
Q29940;
Q29960;
Q29963;
Q29974;
Q29980;
Q29983;
Q29RF7;
Q2I0M5;
Q2KJY2;
Q2M1P5;
Q2M1Z3;
Q2M2I5;
Q2M2I8;
Q2M3G0;
Q2M3M2;
Q2M5E4;
Q2MJR0;
Q2MKA7;
Q2MV58;
Q2NKX8;
Q2NL67;
Q2NL82;
Q2PPJ7;
Q2Q1W2;
Q2QD12;
Q2T9J0;
Q2TAA5;
Q2TAC6;
Q2UY09;
Q2VIQ3;
Q2VPK5;
Q2Y0W8;
Q2YD98;
Q30134;
Q30154;
Q30167;
Q30201;
Q30KP8;
Q30KP9;
Q30KQ1;
Q30KQ3;
Q30KQ4;
Q30KQ5;
Q30KQ6;
Q30KQ7;
Q30KQ8;
Q30KQ9;
Q30KR1;
Q31610;
Q31612;
Q32M45;
Q32M78;
Q32MQ0;
Q32MZ4;
Q32NB8;
Q32P28;
Q32P41;
Q32ZL2;
Q330K2;
Q3B726;
Q3I5F7;
Q3KNW5;
Q3KP31;
Q3KQV3;
Q3KRB8;
Q3L8U1;
Q3LFD5;
Q3LHN0;
Q3LHN1;
Q3LHN2;
Q3LI54;
Q3LI58;
Q3LI59;
Q3LI61;
Q3LI63;
Q3LI64;
Q3LI66;
Q3LI67;
Q3LI70;
Q3LI72;
Q3LI73;
Q3LI76;
Q3LI77;
Q3LI81;
Q3LI83;
Q3LIE5;
Q3LXA3;
Q3MII6;
Q3MIS6;
Q3MIV0;
Q3MJ16;
Q3MUY2;
Q3SXY8;
Q3SXZ3;
Q3SXZ7;
Q3SY46;
Q3SY52;
Q3SY77;
Q3SY84;
Q3SY89;
Q3SYC2;
Q3SYF9;
Q3SYG4;
Q3ZCM7;
Q3ZCQ8;
Q3ZCX4;
Q460N5;
Q495M3;
Q496F6;
Q496J9;
Q49A17;
Q49AA0;
Q49AN0;
Q49B96;
Q4AC94;
Q4ADV7;
Q4FZB7;
Q4G0N4;
Q4G0N8;
Q4G176;
Q4JDL3;
Q4KMG0;
Q4KMP7;
Q4KMQ2;
Q4KWH8;
Q4LE39;
Q4QY38;
Q4U2R6;
Q4U2R8;
Q4V348;
Q4VCS5-1;
Q4VNC0;
Q4VNC1;
Q4ZG55;
Q4ZJI4;
Q504Q3;
Q52LA3;
Q52LG2;
Q52LJ0;
Q52LW3;
Q52M93;
Q53EL6;
Q53ET0;
Q53EU6;
Q53FA7;
Q53FT3;
Q53FV1;
Q53FZ2;
Q53G59;
Q53GD3;
Q53GI3;
Q53GL7;
Q53GQ0;
Q53GS7;
Q53GS9;
Q53GT1;
Q53H12;
Q53H54;
Q53H76;
Q53H96;
Q53HL2;
Q53HV7;
Q53QZ3;
Q53T94;
Q53TN4;
Q53TQ3;
Q53ZZ1;
Q562F6;
Q56NI9;
Q587J7;
Q58A45;
Q58EX2;
Q58HT5;
Q58WW2;
Q5BJF6;
Q5BKT4;
Q5D862;
Q5DT21;
Q5EBL8;
Q5EE01;
Q5FBB7;
Q5FVE4;
Q5FWF5;
Q5FYA8;
Q5FYB0;
Q5FYB1;
Q5GJ75;
Q5GLZ8;
Q5H8A3;
Q5H8A4;
Q5H9L4;
Q5H9R7;
Q5H9S7;
Q5HYA8;
Q5HYJ1;
Q5HYK3;
Q5HYK7;
Q5HYK9;
Q5I7T1;
Q5J5C9;
Q5JNZ3;
Q5JPH6;
Q5JPI9;
Q5JQS5;
Q5JRA6;
Q5JRS4;
Q5JRX3;
Q5JS37;
Q5JSL3;
Q5JSP0;
Q5JT25;
Q5JTC6;
Q5JTJ3;
Q5JTW2;
Q5JTZ9;
Q5JUW0;
Q5JV73;
Q5JVG2;
Q5JVG8;
Q5JVS0;
Q5JWF2;
Q5JXX5;
Q5JZY3;
Q5K4L6;
Q5KSL6;
Q5KU26;
Q5MCW4;
Q5MNZ6;
Q5MNZ9;
Q5MY95;
Q5NUL3;
Q5NV61;
Q5NV62;
Q5NV64;
Q5NV65;
Q5NV66;
Q5NV67;
Q5NV68;
Q5NV69;
Q5NV75;
Q5NV79;
Q5NV80;
Q5NV81;
Q5NV82;
Q5NV83;
Q5NV84;
Q5NV85;
Q5NV86;
Q5NV87;
Q5NV89;
Q5NV90;
Q5NV91;
Q5NV92;
Q5QGT7;
Q5QGZ9;
Q5QJU3;
Q5QNW6;
Q5QP82;
Q5RI15;
Q5RKV6;
Q5S007;
Q5SGD2;
Q5SQ64;
Q5SQI0;
Q5SRE5;
Q5SRI9;
Q5SSG8;
Q5ST30;
Q5SV97;
Q5SW96;
Q5SXM1;
Q5SXM2;
Q5SY16;
Q5SYC1;
Q5SZD4;
Q5T084;
Q5T0N5;
Q5T160;
Q5T1C6;
Q5T1R4;
Q5T2D2;
Q5T2D3;
Q5T2R2;
Q5T3U5;
Q5T442;
Q5T447;
Q5T4J0;
Q5T4S7;
Q5T4W7;
Q5T5A8;
Q5T5B0;
Q5T5D7;
Q5T5U3;
Q5T653;
Q5T6S3;
Q5T6X5;
Q5T751;
Q5T752;
Q5T753;
Q5T754;
Q5T7B8;
Q5T7P2;
Q5T7P3;
Q5T871;
Q5T8D3;
Q5T8I9;
Q5T9A4;
Q5T9L3;
Q5TA45;
Q5TA50;
Q5TA76;
Q5TA77;
Q5TA78;
Q5TA79;
Q5TA81;
Q5TA82;
Q5TA89;
Q5TAH2;
Q5TAP6;
Q5TAQ9;
Q5TAT6;
Q5TAX3;
Q5TB80;
Q5TCH4;
Q5TCM9;
Q5TCS8;
Q5TCZ1;
Q5TEC3;
Q5TEU4;
Q5TF39;
Q5TG30;
Q5TGZ0;
Q5TKA1;
Q5TYW1;
Q5TZ20;
Q5U5Q3;
Q5U5R9;
Q5U5Z8;
Q5UE93;
Q5UIP0;
Q5VIR6;
Q5VIY5;
Q5VST9;
Q5VT52;
Q5VT66;
Q5VT97;
Q5VTB9;
Q5VTE0;
Q5VTR2;
Q5VTY9;
Q5VU57;
Q5VV41;
Q5VV42;
Q5VV43;
Q5VV52;
Q5VV67;
Q5VVJ2;
Q5VVQ6;
Q5VVX9;
Q5VWC8;
Q5VWG9;
Q5VWK5;
Q5VWQ8;
Q5VWX1;
Q5VXI9;
Q5VXJ0;
Q5VYS8;
Q5VYX0;
Q5VYY2;
Q5VZ72;
Q5VZ89;
Q5VZE5;
Q5VZK9;
Q5VZM2;
Q5VZY2;
Q5W064;
Q5XKE5;
Q5XKP0;
Q5XPI4;
Q5XUX0;
Q5XUX1;
Q5XX13;
Q5XXA6;
Q5Y7A7;
Q60I27;
Q63HM1;
Q63HN8;
Q643R3;
Q658P3;
Q659A1;
Q66GS9;
Q66K46;
Q66LE6;
Q674R7;
Q674X7;
Q676U5;
Q67FW5;
Q684P5;
Q685J3;
Q68CJ9;
Q68CK6;
Q68CL5;
Q68CP4;
Q68CP9;
Q68CQ4;
Q68CZ1;
Q68CZ2;
Q68CZ6;
Q68D51;
Q68D85;
Q68DD2;
Q68DI1;
Q68DK7;
Q68DV7;
Q68DY1;
Q68DY9;
Q68E01;
Q68EM7;
Q695T7;
Q6A162;
Q6A163;
Q6AI14;
Q6AW86;
Q6AZW8;
Q6AZZ1;
Q6B0I6;
Q6BCY4;
Q6DHV7;
Q6E213;
Q6EBC2;
Q6ECI4;
Q6EIG7;
Q6EMB2;
Q6FI13;
Q6FI81;
Q6FIF0;
Q6GMR7;
Q6GPH4;
Q6GPI1;
Q6GQQ9;
Q6GTX8;
Q6H8Q1;
Q6I9Y2;
Q6IA17;
Q6IA69;
Q6IA86;
Q6IAA8;
Q6IB77;
Q6IBW4;
Q6IE81;
Q6IED9;
Q6IEG0;
Q6IEU7;
Q6IEV9;
Q6IEY1;
Q6IEZ7;
Q6IF00;
Q6IF36;
Q6IF42;
Q6IF63;
Q6IF82;
Q6IF99;
Q6IFG1;
Q6IFH4;
Q6IFN5;
Q6IMI4;
Q6IN84;
Q6IPM2;
Q6IPR3;
Q6IPT4;
Q6IPU0;
Q6IQ16;
Q6IQ20;
Q6IQ21;
Q6IQ22;
Q6IQ26;
Q6IQ55;
Q6IS24;
Q6ISS4;
Q6ISU1;
Q6IV72;
Q6IWH7;
Q6J4K2;
Q6JQN1;
Q6JVE5;
Q6KB66;
Q6KC79;
Q6L8G4;
Q6L8G5;
Q6L8G8;
Q6L8G9;
Q6L8H1;
Q6L8H2;
Q6L8H4;
Q6MZP7;
Q6MZZ7;
Q6N021;
Q6NS38;
Q6NSJ5;
Q6NSZ9;
Q6NT55;
Q6NTF7;
Q6NUI2;
Q6NUK4;
Q6NUM9;
Q6NUN0;
Q6NUN9;
Q6NUQ1;
Q6NUS6;
Q6NUS8;
Q6NVV3;
Q6NVY1;
Q6NW40;
Q6NX45;
Q6NX49;
Q6NXG1;
Q6NXT4;
Q6NYC1;
Q6NZ36;
Q6NZ67;
Q6NZI2;
Q6NZY7;
Q6P050;
Q6P0N0;
Q6P161;
Q6P179;
Q6P1A2;
Q6P1J6;
Q6P1J9;
Q6P1K2;
Q6P1L6;
Q6P1L8;
Q6P1M0;
Q6P1X5;
Q6P280;
Q6P2C8;
Q6P2D0;
Q6P2E9;
Q6P2Q9;
Q6P3S1;
Q6P3V2;
Q6P3W2;
Q6P461;
Q6P499;
Q6P4A8;
Q6P4F2;
Q6P4F7;
Q6P4R8;
Q6P531;
Q6P582;
Q6P587;
Q6P589;
Q6P597;
Q6P5R6;
Q6P5W5;
Q6P5Z2;
Q6P6C2;
Q6P988;
Q6P9A1;
Q6P9A2;
Q6P9A3;
Q6P9B9;
Q6P9F7;
Q6PCB0;
Q6PCB7;
Q6PCB8;
Q6PCE3;
Q6PCT2;
Q6PD62;
Q6PEX3;
Q6PEY0;
Q6PEY2;
Q6PF04;
Q6PFW1;
Q6PG37;
Q6PGP7;
Q6PGQ7;
Q6PH85;
Q6PHR2;
Q6PHW0;
Q6PI25;
Q6PI48;
Q6PI73;
Q6PI98;
Q6PIF2;
Q6PIL0;
Q6PIL6;
Q6PIU1;
Q6PIU2;
Q6PJ21;
Q6PJG9;
Q6PJP8;
Q6PK81;
Q6PKD1;
Q6PKX4;
Q6PL18;
Q6PXP3;
Q6Q0C0;
Q6Q788;
Q6QHC5;
Q6QHF9;
Q6QNY0;
Q6R327;
Q6R6M4;
Q6STE5;
Q6SZW1-1;
Q6T4P5;
Q6TCH7;
Q6TGC4;
Q6U736;
Q6U841;
Q6UB35;
Q6UN15;
Q6UUV7;
Q6UUV9;
Q6UVK1;
Q6UW15;
Q6UWB1;
Q6UWE0;
Q6UWL6;
Q6UWM9;
Q6UWN8;
Q6UWP7;
Q6UWR7;
Q6UWU2;
Q6UWV6;
Q6UWW0;
Q6UWW8;
Q6UWY0;
Q6UX04;
Q6UX06;
Q6UX39;
Q6UX41;
Q6UX72;
Q6UXB4;
Q6UXG3;
Q6UXG8;
Q6UXH0;
Q6UXL0;
Q6UXN2;
Q6UXV1;
Q6UXV4;
Q6UXX9;
Q6UXZ3;
Q6UXZ4;
Q6UY14;
Q6V0L0;
Q6V9R5;
Q6VAB6;
Q6VMQ6;
Q6VN20;
Q6VUC0;
Q6VVB1;
Q6VVX0;
Q6VY07;
Q6W4X9;
Q6W5P4;
Q6WBX8;
Q6X9E4;
Q6XPR3;
Q6XPS3;
Q6XQN6;
Q6XR72;
Q6XYQ8;
Q6XZB0;
Q6Y1H2;
Q6Y288;
Q6YBV0;
Q6YHK3;
Q6YHU6;
Q6ZMB0;
Q6ZMC9;
Q6ZMG9;
Q6ZMH5;
Q6ZMJ2;
Q6ZMJ4;
Q6ZMM2;
Q6ZMP0;
Q6ZMR3;
Q6ZMT4;
Q6ZMU5;
Q6ZMV8;
Q6ZMV9;
Q6ZMW2;
Q6ZMY9;
Q6ZMZ0;
Q6ZN11;
Q6ZN18;
Q6ZN44;
Q6ZN57;
Q6ZN66;
Q6ZN79;
Q6ZNA4;
Q6ZNB7;
Q6ZNC4;
Q6ZNC8;
Q6ZNE5;
Q6ZNG0;
Q6ZNG1;
Q6ZNI0;
Q6ZNJ1;
Q6ZP29;
Q6ZPD8;
Q6ZQN7;
Q6ZQW0;
Q6ZQY3;
Q6ZR52;
Q6ZRH7;
Q6ZRI8;
Q6ZS11;
Q6ZS27;
Q6ZS82;
Q6ZSI9;
Q6ZSS3;
Q6ZSZ5;
Q6ZT98;
Q6ZTW0;
Q6ZUJ8;
Q6ZUM4;
Q6ZUT9;
Q6ZUV0;
Q6ZUX7;
Q6ZV29;
Q6ZVD8;
Q6ZVK8-1;
Q6ZVN8;
Q6ZVT0;
Q6ZVZ8;
Q6ZW31;
Q6ZW49;
Q6ZW61;
Q6ZWL3;
Q6ZWT7;
Q6ZYL4;
Q701N2;
Q701N4;
Q709F0;
Q70CQ1;
Q70CQ2;
Q70CQ3;
Q70EL2;
Q70EL4;
Q70HW3;
Q70J99;
Q70JA7;
Q70SY1;
Q70Z35;
Q70Z44;
Q712K3;
Q719H9;
Q71DI3;
Q71F23;
Q71F56;
Q71RS6;
Q71SY5;
Q71U36;
Q71UI9;
Q71UM5;
Q75MW2;
Q75N03;
Q75N90;
Q75QN2;
Q75T13;
Q75V66;
Q765I0;
Q76EJ3;
Q76L83;
Q76LX8;
Q76N89;
Q7KYR7;
Q7KZ85;
Q7KZN9;
Q7L014;
Q7L0J3;
Q7L0Q8;
Q7L0Y3;
Q7L190;
Q7L1I2;
Q7L1S5-2;
Q7L1T6;
Q7L1V2;
Q7L1W4;
Q7L266;
Q7L2H7;
Q7L2Z9;
Q7L3B6;
Q7L3S4;
Q7L3T8;
Q7L4E1;
Q7L523;
Q7L576;
Q7L590;
Q7L591;
Q7L592;
Q7L5A8;
Q7L5L3;
Q7L5N1;
Q7L5N7;
Q7L5Y6;
Q7L7L0;
Q7L7X3;
Q7L804;
Q7L8W6;
Q7L945;
Q7L9L4;
Q7LBC6;
Q7LBE3;
Q7LDG7;
Q7LFL8;
Q7LFX5;
Q7LG56;
Q7LGA3;
Q7LGC8;
Q7RTN6;
Q7RTP0;
Q7RTR2;
Q7RTR8;
Q7RTS3;
Q7RTS7;
Q7RTT9;
Q7RTV0;
Q7RTV2;
Q7RTX0;
Q7RTX1;
Q7RTX7;
Q7RTZ2;
Q7Z2D5;
Q7Z2F6;
Q7Z2H8;
Q7Z2W7;
Q7Z2W9;
Q7Z340;
Q7Z392;
Q7Z398;
Q7Z3B3;
Q7Z3B4;
Q7Z3C6;
Q7Z3J2;
Q7Z3S7;
Q7Z3T1;
Q7Z3T8;
Q7Z3V4;
Q7Z3V5;
Q7Z3Y7;
Q7Z3Y8;
Q7Z3Y9;
Q7Z3Z0;
Q7Z401;
Q7Z403;
Q7Z406;
Q7Z412;
Q7Z418;
Q7Z419;
Q7Z434;
Q7Z449;
Q7Z460;
Q7Z4F1;
Q7Z4G1;
Q7Z4G4;
Q7Z4H4;
Q7Z4H7;
Q7Z4I7;
Q7Z4K8;
Q7Z4L5;
Q7Z4N2;
Q7Z4N8;
Q7Z4R8;
Q7Z4S6;
Q7Z4T8;
Q7Z4W1;
Q7Z4W3;
Q7Z569;
Q7Z5G4;
Q7Z5H3;
Q7Z5J4;
Q7Z5K2;
Q7Z5N4;
Q7Z5P4;
Q7Z5P9;
Q7Z5Q5;
Q7Z5R6;
Q7Z5W3;
Q7Z624;
Q7Z628;
Q7Z698;
Q7Z699;
Q7Z6A9;
Q7Z6B7;
Q7Z6E9;
Q7Z6I6;
Q7Z6J0;
Q7Z6J4;
Q7Z6J8;
Q7Z6J9;
Q7Z6M1;
Q7Z6M4;
Q7Z6P3;
Q7Z6R9;
Q7Z6V5;
Q7Z6Z6;
Q7Z6Z7;
Q7Z794;
Q7Z7A1;
Q7Z7A1-3;
Q7Z7A3;
Q7Z7B1;
Q7Z7B7;
Q7Z7B8;
Q7Z7C8;
Q7Z7E8;
Q7Z7F7;
Q7Z7H8;
Q7Z7K2;
Q7Z7M8;
Q7Z7M9;
Q7Z7N9;
Q86SE9;
Q86SF2;
Q86SG5;
Q86SJ6;
Q86SK9;
Q86SQ7;
Q86SQ9;
Q86SR1;
Q86SS6;
Q86SX6;
Q86SZ2;
Q86T03;
Q86T29;
Q86T82;
Q86TB9;
Q86TH1;
Q86TI0;
Q86TJ2;
Q86TJ5;
Q86TL0;
Q86TM6;
Q86TS9;
Q86TU7;
Q86TX2;
Q86U10;
Q86U28;
Q86U42;
Q86U44;
Q86U70;
Q86U86;
Q86UD5;
Q86UE3;
Q86UE6;
Q86UK0;
Q86UK5;
Q86UL3;
Q86UL8;
Q86UP0;
Q86UP2;
Q86UQ0;
Q86UQ4;
Q86UR1;
Q86UR5;
Q86US8;
Q86UT5;
Q86UT6;
Q86UU0;
Q86UV5;
Q86UW9;
Q86UX7;
Q86V21;
Q86V24;
Q86V71;
Q86V81;
Q86V97;
Q86VB7;
Q86VD9;
Q86VE9;
Q86VF5;
Q86VH2;
Q86VH4;
Q86VH5;
Q86VI3;
Q86VL8;
Q86VN1;
Q86VP1;
Q86VP6;
Q86VW1;
Q86VW2;
Q86VX2;
Q86VX9;
Q86VZ5;
Q86W42;
Q86W47;
Q86W56;
Q86W92;
Q86WA6;
Q86WA8;
Q86WA9;
Q86WC4;
Q86WG5;
Q86WI3;
Q86WJ1;
Q86WQ0;
Q86WT1;
Q86WT6;
Q86WU2;
Q86WV6;
Q86WX3;
Q86WZ6;
Q86X10;
Q86X29;
Q86X52;
Q86X55;
Q86X67;
Q86X83;
Q86XE3;
Q86XE5;
Q86XF0;
Q86XI2;
Q86XK2;
Q86XL3;
Q86XM0;
Q86XN6;
Q86XP0;
Q86XP1;
Q86XP3;
Q86XQ3;
Q86XR8;
Q86XS8;
Q86XT2;
Q86XT4;
Q86XT9;
Q86XU0;
Q86Y01;
Q86Y07-2;
Q86Y13;
Q86Y22;
Q86Y25;
Q86Y34;
Q86Y38;
Q86Y39;
Q86Y46;
Q86Y91;
Q86Y97;
Q86YB8;
Q86YC2;
Q86YE8;
Q86YF9;
Q86YH6;
Q86YL7;
Q86YM7;
Q86YN1;
Q86YN6;
Q86YP4;
Q86YR5;
Q86YS6;
Q86YS7;
Q86YT5;
Q86YT6;
Q86YT9;
Q86YV0;
Q86YW0;
Q86YW5;
Q86YW7;
Q86YZ3;
Q86Z02;
Q86Z14;
Q8HWS3;
Q8IU54;
Q8IU57;
Q8IU60;
Q8IU80;
Q8IU89;
Q8IUA7;
Q8IUB9;
Q8IUC0;
Q8IUC1;
Q8IUC2;
Q8IUC4;
Q8IUC6;
Q8IUC8;
Q8IUD6;
Q8IUE6;
Q8IUF8;
Q8IUG1;
Q8IUN9;
Q8IUQ0;
Q8IUQ4;
Q8IUR0;
Q8IUR6;
Q8IUR7;
Q8IUX1;
Q8IUZ0;
Q8IUZ5;
Q8IV01;
Q8IV04;
Q8IV08;
Q8IV16;
Q8IV42;
Q8IV48;
Q8IV53;
Q8IV61;
Q8IV63;
Q8IV77;
Q8IVA1;
Q8IVB4;
Q8IVC4;
Q8IVF5;
Q8IVF7;
Q8IVG9;
Q8IVH4;
Q8IVI9;
Q8IVJ1;
Q8IVK1;
Q8IVL5;
Q8IVL6;
Q8IVN8;
Q8IVP5;
Q8IVP9;
Q8IVQ6;
Q8IVS2;
Q8IVS8;
Q8IVT5;
Q8IVU3;
Q8IW35;
Q8IW41;
Q8IW45;
Q8IW52;
Q8IW93;
Q8IWA0;
Q8IWA4;
Q8IWA5;
Q8IWE4;
Q8IWF6;
Q8IWI9;
Q8IWJ2;
Q8IWL1;
Q8IWL2;
Q8IWL3;
Q8IWT0;
Q8IWT1;
Q8IWT3;
Q8IWT6;
Q8IWU4;
Q8IWU9;
Q8IWV7;
Q8IWV8;
Q8IWW6;
Q8IWW8;
Q8IWX5;
Q8IWX8;
Q8IWY4;
Q8IWZ4;
Q8IWZ6;
Q8IWZ8;
Q8IX03;
Q8IX07;
Q8IX12;
Q8IX19;
Q8IX30;
Q8IXE1;
Q8IXF9;
Q8IXH7;
Q8IXI1;
Q8IXI2;
Q8IXJ9;
Q8IXK0;
Q8IXK2;
Q8IXL6;
Q8IXL7;
Q8IXM3;
Q8IXN7;
Q8IXQ6;
Q8IXQ9;
Q8IXW5;
Q8IXY8;
Q8IY17;
Q8IY18;
Q8IY26;
Q8IY31;
Q8IY34;
Q8IY37;
Q8IY57;
Q8IY63;
Q8IY81;
Q8IY92;
Q8IYB3;
Q8IYB9;
Q8IYD1;
Q8IYD8;
Q8IYF1;
Q8IYH5;
Q8IYI6;
Q8IYI8;
Q8IYJ0;
Q8IYJ3;
Q8IYK4;
Q8IYL2;
Q8IYL9;
Q8IYM9;
Q8IYN0;
Q8IYS5;
Q8IYU2;
Q8IYU8;
Q8IYV9;
Q8IYW5;
Q8IYX0;
Q8IZ26;
Q8IZ52;
Q8IZC6;
Q8IZC7;
Q8IZD2;
Q8IZD4;
Q8IZD6;
Q8IZD9;
Q8IZF0;
Q8IZF2;
Q8IZH2;
Q8IZI9;
Q8IZJ0;
Q8IZJ1;
Q8IZJ6;
Q8IZK6;
Q8IZL2;
Q8IZL8;
Q8IZM6;
Q8IZN7;
Q8IZP0;
Q8IZP1;
Q8IZP7;
Q8IZS6;
Q8IZS8;
Q8IZT8;
Q8IZU3;
Q8IZU8;
Q8IZU9;
Q8IZV5;
Q8IZW8;
Q8IZX4;
Q8IZY2;
Q8N0S2;
Q8N0S6;
Q8N0U8;
Q8N0V4;
Q8N0W3;
Q8N0W4;
Q8N0Y3;
Q8N0Y5;
Q8N0Z6;
Q8N103;
Q8N104;
Q8N114;
Q8N122;
Q8N126;
Q8N127;
Q8N130;
Q8N135;
Q8N138;
Q8N139;
Q8N140;
Q8N142;
Q8N144;
Q8N145;
Q8N146;
Q8N148;
Q8N149;
Q8N157;
Q8N158;
Q8N159;
Q8N162;
Q8N163;
Q8N183;
Q8N184;
Q8N1B4;
Q8N1E6;
Q8N1F7;
Q8N1F8;
Q8N1I0;
Q8N1M1;
Q8N1N4;
Q8N1Q1;
Q8N1Q8;
Q8N1W1;
Q8N1W2;
Q8N201;
Q8N257;
Q8N264;
Q8N2A8;
Q8N2C7;
Q8N2G8;
Q8N2H4;
Q8N2H9;
Q8N2I2;
Q8N2K0;
Q8N2K1;
Q8N2Q7;
Q8N2S1;
Q8N2W9;
Q8N2Z9;
Q8N307;
Q8N335;
Q8N339;
Q8N349;
Q8N370;
Q8N371;
Q8N387;
Q8N392;
Q8N393;
Q8N3A8;
Q8N3C0;
Q8N3E9;
Q8N3I7;
Q8N3J5;
Q8N3J6;
Q8N3J9;
Q8N3R9;
Q8N3T1;
Q8N3U4;
Q8N3Y1;
Q8N3Y3;
Q8N3Y7;
Q8N423;
Q8N428;
Q8N441;
Q8N461;
Q8N465;
Q8N474;
Q8N488;
Q8N4A0;
Q8N4C8;
Q8N4E7;
Q8N4F0;
Q8N4H5;
Q8N4J0;
Q8N4M1;
Q8N4N8;
Q8N4P2;
Q8N4Q1;
Q8N4T4;
Q8N4T8;
Q8N4V1;
Q8N4Z0;
Q8N587;
Q8N5B7;
Q8N5C8;
Q8N5D0;
Q8N5N7;
Q8N5P1;
Q8N5S9;
Q8N5V2;
Q8N5X7;
Q8N5Y2;
Q8N5Y8;
Q8N628;
Q8N661;
Q8N668;
Q8N684;
Q8N687;
Q8N688;
Q8N690;
Q8N695;
Q8N697;
Q8N6C8;
Q8N6D2;
Q8N6F1;
Q8N6G5;
Q8N6G6;
Q8N6H7;
Q8N6M3;
Q8N6M6;
Q8N6N7;
Q8N6P7;
Q8N6Q3;
Q8N6T3;
Q8N6T7;
Q8N6U8;
Q8N720;
Q8N726;
Q8N729;
Q8N7E2;
Q8N7H5;
Q8N7K0;
Q8N7M0;
Q8N7P3;
Q8N7Q3;
Q8N823;
Q8N841;
Q8N859;
Q8N883;
Q8N884;
Q8N8D1;
Q8N8J6;
Q8N8N0;
Q8N8N7;
Q8N8Q8;
Q8N8Q9;
Q8N8R3;
Q8N8S7;
Q8N8V2;
Q8N8Y2;
Q8N8Z8;
Q8N907;
Q8N972;
Q8N983;
Q8N988;
Q8N9A8;
Q8N9B5;
Q8N9B8;
Q8N9F0;
Q8N9F7;
Q8N9F8;
Q8N9I0;
Q8N9K5;
Q8N9L9;
Q8N9N2;
Q8N9N5;
Q8N9R8;
Q8N9Z0;
Q8NA29;
Q8NA42;
Q8NAC3;
Q8NAN2;
Q8NAT1;
Q8NAV1;
Q8NB16;
Q8NB49;
Q8NB78;
Q8NB91;
Q8NBF2;
Q8NBJ4;
Q8NBJ5;
Q8NBJ7;
Q8NBK3;
Q8NBL1;
Q8NBM8;
Q8NBN7;
Q8NBP7;
Q8NBQ5;
Q8NBQ7;
Q8NBS9;
Q8NBT2;
Q8NBV8;
Q8NBW4;
Q8NBX0;
Q8NBZ0;
Q8NC06;
Q8NC26;
Q8NC56;
Q8NC69;
Q8NC96;
Q8NCC3;
Q8NCD3;
Q8NCE0;
Q8NCE2;
Q8NCG5;
Q8NCG7;
Q8NCH0;
Q8NCK3;
Q8NCL4;
Q8NCM2;
Q8NCM8;
Q8NCN5;
Q8NCQ5;
Q8NCR0;
Q8NCS7;
Q8NCW0;
Q8NCW5;
Q8NCW6;
Q8ND04;
Q8ND25;
Q8ND30;
Q8NDG6;
Q8NDL9;
Q8NDP4;
Q8NDQ6;
Q8NDV1;
Q8NDV3;
Q8NDV7;
Q8NDW4;
Q8NDX2;
Q8NDX5;
Q8NDX6;
Q8NE09;
Q8NE22;
Q8NE62;
Q8NE65;
Q8NE71;
Q8NE86;
Q8NEB5;
Q8NEB9;
Q8NEC5;
Q8NEE6;
Q8NEG7;
Q8NEK5;
Q8NEL9;
Q8NEM0;
Q8NEM1;
Q8NEM7;
Q8NEM8;
Q8NEP9;
Q8NER1;
Q8NER5;
Q8NES3;
Q8NES8;
Q8NET1;
Q8NET5;
Q8NET6;
Q8NET8;
Q8NEV9;
Q8NEW0;
Q8NEX9;
Q8NEY4;
Q8NEZ2;
Q8NEZ3;
Q8NEZ4;
Q8NEZ5;
Q8NF37;
Q8NF50;
Q8NF91;
Q8NFA2;
Q8NFD5;
Q8NFF2;
Q8NFF5;
Q8NFH3;
Q8NFH4;
Q8NFH5;
Q8NFH8;
Q8NFI3;
Q8NFJ6;
Q8NFJ9;
Q8NFL0;
Q8NFM4;
Q8NFM7;
Q8NFP7;
Q8NFQ5;
Q8NFR3;
Q8NFR9;
Q8NFT2;
Q8NFT8;
Q8NFU0;
Q8NFU1;
Q8NFU3;
Q8NFU5;
Q8NFU7;
Q8NFW1;
Q8NFW8;
Q8NFW9;
Q8NFY4;
Q8NFY9;
Q8NFZ3;
Q8NFZ4;
Q8NFZ5;
Q8NG11;
Q8NG27;
Q8NG31;
Q8NG35;
Q8NG41;
Q8NG57;
Q8NG68;
Q8NG75;
Q8NG76;
Q8NG77;
Q8NG78;
Q8NG80;
Q8NG81;
Q8NG83;
Q8NG84;
Q8NG85;
Q8NG92;
Q8NG94;
Q8NG95;
Q8NG97;
Q8NG98;
Q8NG99;
Q8NGA0;
Q8NGA1;
Q8NGA2;
Q8NGA5;
Q8NGA6;
Q8NGA8;
Q8NGB2;
Q8NGB4;
Q8NGB6;
Q8NGB8;
Q8NGB9;
Q8NGC0;
Q8NGC1;
Q8NGC2;
Q8NGC3;
Q8NGC4;
Q8NGC5;
Q8NGC6;
Q8NGC7;
Q8NGC8;
Q8NGC9;
Q8NGD0;
Q8NGD1;
Q8NGD2;
Q8NGD3;
Q8NGD4;
Q8NGD5;
Q8NGE0;
Q8NGE1;
Q8NGE2;
Q8NGE3;
Q8NGE5;
Q8NGE7;
Q8NGE8;
Q8NGE9;
Q8NGF0;
Q8NGF1;
Q8NGF3;
Q8NGF4;
Q8NGF6;
Q8NGF7;
Q8NGF8;
Q8NGF9;
Q8NGG0;
Q8NGG1;
Q8NGG2;
Q8NGG3;
Q8NGG4;
Q8NGG5;
Q8NGG6;
Q8NGG7;
Q8NGG8;
Q8NGH3;
Q8NGH5;
Q8NGH6;
Q8NGH7;
Q8NGH8;
Q8NGH9;
Q8NGI0;
Q8NGI1;
Q8NGI2;
Q8NGI3;
Q8NGI4;
Q8NGI6;
Q8NGI7;
Q8NGI8;
Q8NGI9;
Q8NGJ0;
Q8NGJ1;
Q8NGJ2;
Q8NGJ3;
Q8NGJ4;
Q8NGJ5;
Q8NGJ6;
Q8NGJ7;
Q8NGJ8;
Q8NGJ9;
Q8NGK0;
Q8NGK1;
Q8NGK3;
Q8NGK4;
Q8NGK5;
Q8NGK6;
Q8NGK9;
Q8NGL0;
Q8NGL1;
Q8NGL2;
Q8NGL3;
Q8NGL4;
Q8NGL6;
Q8NGL7;
Q8NGL9;
Q8NGM1;
Q8NGM8;
Q8NGM9;
Q8NGN0;
Q8NGN1;
Q8NGN2;
Q8NGN3;
Q8NGN4;
Q8NGN5;
Q8NGN6;
Q8NGN7;
Q8NGN8;
Q8NGP0;
Q8NGP2;
Q8NGP3;
Q8NGP4;
Q8NGP6;
Q8NGP8;
Q8NGP9;
Q8NGQ1;
Q8NGQ2;
Q8NGQ3;
Q8NGQ4;
Q8NGQ5;
Q8NGQ6;
Q8NGR1;
Q8NGR2;
Q8NGR3;
Q8NGR4;
Q8NGR5;
Q8NGR6;
Q8NGR8;
Q8NGR9;
Q8NGS0;
Q8NGS1;
Q8NGS2;
Q8NGS3;
Q8NGS4;
Q8NGS5;
Q8NGS6;
Q8NGS7;
Q8NGS8;
Q8NGS9;
Q8NGT0;
Q8NGT1;
Q8NGT2;
Q8NGT5;
Q8NGT7;
Q8NGT9;
Q8NGU1;
Q8NGU2;
Q8NGU4;
Q8NGU9;
Q8NGV0;
Q8NGV5;
Q8NGV6;
Q8NGV7;
Q8NGW1;
Q8NGW6;
Q8NGX0;
Q8NGX1;
Q8NGX2;
Q8NGX3;
Q8NGX5;
Q8NGX6;
Q8NGX8;
Q8NGX9;
Q8NGY0;
Q8NGY1;
Q8NGY2;
Q8NGY3;
Q8NGY5;
Q8NGY6;
Q8NGY7;
Q8NGY9;
Q8NGZ0;
Q8NGZ2;
Q8NGZ3;
Q8NGZ4;
Q8NGZ5;
Q8NGZ6;
Q8NGZ9;
Q8NH00;
Q8NH01;
Q8NH02;
Q8NH03;
Q8NH04;
Q8NH05;
Q8NH06;
Q8NH07;
Q8NH08;
Q8NH09;
Q8NH10;
Q8NH16;
Q8NH18;
Q8NH19;
Q8NH21;
Q8NH37;
Q8NH40;
Q8NH41;
Q8NH42;
Q8NH43;
Q8NH48;
Q8NH49;
Q8NH50;
Q8NH51;
Q8NH53;
Q8NH54;
Q8NH55;
Q8NH56;
Q8NH57;
Q8NH59;
Q8NH60;
Q8NH61;
Q8NH63;
Q8NH64;
Q8NH67;
Q8NH69;
Q8NH70;
Q8NH72;
Q8NH73;
Q8NH74;
Q8NH76;
Q8NH79;
Q8NH80;
Q8NH81;
Q8NH83;
Q8NH85;
Q8NH87;
Q8NH89;
Q8NH90;
Q8NH92;
Q8NH93;
Q8NH94;
Q8NHA4;
Q8NHA6;
Q8NHA8;
Q8NHB1;
Q8NHB7;
Q8NHB8;
Q8NHC4;
Q8NHC5;
Q8NHC6;
Q8NHC7;
Q8NHC8;
Q8NHE4;
Q8NHG7;
Q8NHG8;
Q8NHH1;
Q8NHJ6;
Q8NHL6;
Q8NHM5;
Q8NHP1;
Q8NHP6;
Q8NHQ1;
Q8NHV4;
Q8NHW3;
Q8NHW4;
Q8NHX9;
Q8NHY0;
Q8NHY2;
Q8NHY6;
Q8NHZ8;
Q8NI17;
Q8NI22;
Q8NI27;
Q8NI29;
Q8NI35;
Q8NI36;
Q8NI77;
Q8TA94;
Q8TAA3;
Q8TAA5;
Q8TAC2;
Q8TAD4;
Q8TAE7;
Q8TAE8;
Q8TAF3;
Q8TAF7;
Q8TAG9;
Q8TAM1;
Q8TAM2;
Q8TAP6;
Q8TAQ2;
Q8TAQ5;
Q8TAT2;
Q8TAT6;
Q8TAU3;
Q8TAV3;
Q8TAV4;
Q8TAW3;
Q8TAX7;
Q8TB24;
Q8TB37;
Q8TB40;
Q8TB52;
Q8TB61;
Q8TB69;
Q8TB72;
Q8TB92;
Q8TBA6;
Q8TBB1;
Q8TBC4;
Q8TBE1;
Q8TBE9;
Q8TBF2;
Q8TBF4;
Q8TBF5;
Q8TBG4;
Q8TBJ4;
Q8TBK2;
Q8TBN0;
Q8TBP0;
Q8TBX8;
Q8TBZ3;
Q8TBZ6;
Q8TBZ8;
Q8TC07;
Q8TC12;
Q8TC21;
Q8TC41;
Q8TCB6;
Q8TCC3;
Q8TCC7;
Q8TCD5;
Q8TCG2;
Q8TCT0;
Q8TCT1;
Q8TCT7;
Q8TCT8;
Q8TCU4;
Q8TCU6;
Q8TCW9;
Q8TCX1;
Q8TCX5;
Q8TCZ2;
Q8TD07;
Q8TD16;
Q8TD17;
Q8TD20;
Q8TD23;
Q8TD43;
Q8TD46;
Q8TD47;
Q8TD55;
Q8TD84;
Q8TDB6;
Q8TDB8;
Q8TDD2;
Q8TDD5;
Q8TDE3;
Q8TDF6;
Q8TDL5;
Q8TDN1;
Q8TDN2;
Q8TDN4;
Q8TDN7;
Q8TDQ0;
Q8TDQ1;
Q8TDQ7;
Q8TDR0;
Q8TDS4;
Q8TDS5;
Q8TDU6;
Q8TDU9;
Q8TDV5;
Q8TDW0;
Q8TDX5;
Q8TDX6;
Q8TDX7;
Q8TDY2;
Q8TDZ2;
Q8TE02;
Q8TE04;
Q8TE23;
Q8TE49;
Q8TE54;
Q8TE56;
Q8TE57;
Q8TE58;
Q8TE59;
Q8TE60;
Q8TEA1;
Q8TEB1;
Q8TEB7;
Q8TED0;
Q8TED1;
Q8TED4-2;
Q8TEH3;
Q8TEK3;
Q8TEL6;
Q8TEM1;
Q8TEP8;
Q8TEQ6;
Q8TEQ8;
Q8TER5;
Q8TES7;
Q8TEW0;
Q8TEW6;
Q8TEY5;
Q8TEY7;
Q8TF09;
Q8TF20;
Q8TF32;
Q8TF39;
Q8TF45;
Q8TF47;
Q8TF61;
Q8TF62;
Q8TF71;
Q8TF74;
Q8WTQ1;
Q8WTQ7;
Q8WTR4;
Q8WTR7;
Q8WTS1;
Q8WTS6;
Q8WTT0;
Q8WTV0-2;
Q8WTW3;
Q8WU03;
Q8WU17;
Q8WU20;
Q8WU67;
Q8WU68;
Q8WUA2;
Q8WUA4;
Q8WUD1;
Q8WUD6;
Q8WUF5;
Q8WUG5;
Q8WUI4;
Q8WUJ3;
Q8WUK0;
Q8WUM0;
Q8WUM4;
Q8WUM9;
Q8WUP2;
Q8WUW1;
Q8WUX1;
Q8WUX2;
Q8WUX9;
Q8WUY9;
Q8WV16;
Q8WV22;
Q8WV24;
Q8WV28;
Q8WV37;
Q8WV44;
Q8WVC0;
Q8WVD3;
Q8WVE0;
Q8WVF2;
Q8WVJ9;
Q8WVK2;
Q8WVK7;
Q8WVM0;
Q8WVM7;
Q8WVM8;
Q8WVN8;
Q8WVP5;
Q8WVQ1;
Q8WVS4;
Q8WVT3;
Q8WVV5;
Q8WVX9;
Q8WVZ9;
Q8WW01;
Q8WW22;
Q8WW27;
Q8WW35;
Q8WW38;
Q8WW43;
Q8WWC4;
Q8WWG1;
Q8WWG9;
Q8WWH4;
Q8WWI1;
Q8WWI5;
Q8WWM9;
Q8WWN8;
Q8WWQ2;
Q8WWQ8;
Q8WWR8;
Q8WWR8-2;
Q8WWT9;
Q8WWV6;
Q8WWX0;
Q8WWX8;
Q8WWY3;
Q8WWY8;
Q8WWZ1;
Q8WWZ3;
Q8WWZ4;
Q8WWZ7;
Q8WX39;
Q8WX92;
Q8WXA8;
Q8WXB1;
Q8WXB4;
Q8WXD0;
Q8WXD2;
Q8WXD5;
Q8WXE1;
Q8WXE9;
Q8WXF3;
Q8WXG1;
Q8WXG6-3;
Q8WXG6-5;
Q8WXH0;
Q8WXH4;
Q8WXH5;
Q8WXH6;
Q8WXI2;
Q8WXI3;
Q8WXI4;
Q8WXI7;
Q8WXI8;
Q8WXI9;
Q8WXJ9;
Q8WXK1;
Q8WXK3;
Q8WXK4;
Q8WXS5;
Q8WXS8;
Q8WXX7;
Q8WY07;
Q8WY64;
Q8WYA0;
Q8WYA1;
Q8WYA6;
Q8WYB5;
Q8WYH8;
Q8WYK0;
Q8WYN0;
Q8WYP3;
Q8WYP5;
Q8WYQ3;
Q8WYQ5;
Q8WYR1;
Q8WZ04;
Q8WZ42;
Q8WZ55;
Q8WZ64;
Q8WZ73;
Q8WZ84;
Q8WZ92;
Q8WZ94;
Q8WZA1;
Q8WZA2;
Q8WZA6;
Q92185;
Q92186;
Q92187;
Q92466;
Q92478;
Q92481;
Q92482;
Q92496;
Q92499;
Q92502;
Q92504;
Q92506;
Q92520;
Q92521;
Q92523;
Q92526;
Q92529;
Q92530;
Q92535;
Q92536;
Q92538;
Q92539;
Q92540;
Q92541;
Q92542;
Q92546;
Q92547;
Q92551;
Q92552;
Q92556;
Q92558;
Q92560;
Q92562;
Q92564;
Q92569;
Q92570;
Q92570-1;
Q92570-2;
Q92572;
Q92574;
Q92581;
Q92585;
Q92597;
Q92598;
Q92600;
Q92604;
Q92608;
Q92611;
Q92613;
Q92614;
Q92619;
Q92620;
Q92621;
Q92626;
Q92630;
Q92633;
Q92636;
Q92637;
Q92643;
Q92664;
Q92665;
Q92667;
Q92670;
Q92673;
Q92674;
Q92681;
Q92685;
Q92692;
Q92696;
Q92729;
Q92730;
Q92731;
Q92733;
Q92734;
Q92736;
Q92738;
Q92743;
Q92747;
Q92748;
Q92750;
Q92752;
Q92753;
Q92754;
Q92759;
Q92764;
Q92769;
Q92777;
Q92781;
Q92783;
Q92793;
Q92794;
Q92796;
Q92797;
Q92804;
Q92805;
Q92806;
Q92813;
Q92817;
Q92819;
Q92820;
Q92823;
Q92824;
Q92830;
Q92831;
Q92833;
Q92835;
Q92837;
Q92838;
Q92838-3;
Q92839;
Q92841;
Q92844;
Q92845;
Q92847;
Q92851;
Q92854;
Q92859;
Q92871;
Q92878;
Q92882;
Q92887;
Q92888;
Q92889;
Q92890;
Q92896;
Q92900;
Q92901;
Q92902;
Q92903;
Q92905;
Q92908;
Q92911;
Q92913;
Q92914;
Q92915;
Q92917;
Q92922;
Q92925;
Q92930;
Q92932;
Q92934;
Q92935;
Q92945;
Q92947;
Q92952;
Q92953;
Q92956;
Q92959;
Q92963;
Q92966;
Q92968;
Q92973;
Q92974;
Q92979;
Q92985;
Q92989;
Q92990;
Q92993;
Q92994;
Q92995;
Q92997;
Q93008;
Q93009;
Q93033;
Q93034;
Q93038;
Q93050;
Q93063;
Q93074;
Q93075;
Q93077;
Q93079;
Q93084;
Q93086;
Q93088;
Q93091;
Q93097;
Q93098;
Q93099;
Q93100;
Q95365;
Q95604;
Q95IE3;
Q969D9;
Q969E1;
Q969E3;
Q969F1;
Q969F8;
Q969G2;
Q969G3;
Q969G6;
Q969H0;
Q969H0-1;
Q969H0-4;
Q969H4;
Q969H6;
Q969H8;
Q969I3;
Q969I6;
Q969J2;
Q969J5;
Q969K3;
Q969L4;
Q969M2;
Q969M7;
Q969N2;
Q969N4;
Q969P5;
Q969Q0;
Q969Q1;
Q969Q5;
Q969R5;
Q969S0;
Q969S2;
Q969S8;
Q969S9;
Q969T4;
Q969T7;
Q969U6;
Q969V1;
Q969V5;
Q969V6;
Q969W0;
Q969W8;
Q969W9;
Q969X1;
Q969X2;
Q969X6;
Q969Y2;
Q969Z3;
Q96A00;
Q96A05;
Q96A08;
Q96A29;
Q96A32;
Q96A35;
Q96A44;
Q96A46;
Q96A54;
Q96A56;
Q96A65;
Q96A70;
Q96A72;
Q96A83;
Q96A98;
Q96AA3;
Q96AC1;
Q96AC6;
Q96AD5;
Q96AH0;
Q96AH8;
Q96AJ1;
Q96AJ9;
Q96AP0;
Q96AP7;
Q96AQ7;
Q96AQ7-1;
Q96AT9;
Q96AV8;
Q96AX2;
Q96AX9;
Q96AY2;
Q96AZ6;
Q96B01;
Q96B02;
Q96B26;
Q96B33;
Q96B36;
Q96B49;
Q96B86;
Q96B97;
Q96BA8;
Q96BD0;
Q96BD5;
Q96BD6;
Q96BD8;
Q96BH1;
Q96BI1;
Q96BI3;
Q96BM1;
Q96BM9;
Q96BN2;
Q96BN8;
Q96BP2;
Q96BP3;
Q96BR1;
Q96BR6;
Q96BT3;
Q96BT7;
Q96BV0;
Q96BY6;
Q96BZ4;
Q96BZ9;
Q96C10;
Q96C24;
Q96C28;
Q96C36;
Q96C86;
Q96CB8;
Q96CB9;
Q96CD0;
Q96CD2;
Q96CF2;
Q96CJ1;
Q96CM8;
Q96CN9;
Q96CS2;
Q96CS3;
Q96CS4;
Q96CV9;
Q96CW1;
Q96CW1-2;
Q96CW5;
Q96D31;
Q96D71;
Q96D96;
Q96DA2;
Q96DA6;
Q96DB2;
Q96DC9;
Q96DE0;
Q96DE5;
Q96DG6;
Q96DI7;
Q96DN6;
Q96DP5;
Q96DR4;
Q96DR5;
Q96DR7;
Q96DR8;
Q96DT6;
Q96DU3;
Q96DU7;
Q96DV4;
Q96DX5;
Q96DX8;
Q96DZ1;
Q96DZ5;
Q96E11;
Q96E14;
Q96E17;
Q96E22;
Q96E29;
Q96E52;
Q96E93;
Q96EA4;
Q96EB1;
Q96EB6;
Q96EC8;
Q96EE3-1;
Q96EE3-2;
Q96EF0;
Q96EF6;
Q96EG1;
Q96EH5;
Q96EK6;
Q96EK7;
Q96EL2;
Q96EL3;
Q96EN8;
Q96EP0;
Q96EQ8;
Q96ES7;
Q96EU6;
Q96EU7;
Q96EV8;
Q96EX3;
Q96EY5;
Q96EY7;
Q96EY8;
Q96EY9;
Q96EZ8;
Q96F07;
Q96F24-1;
Q96F24-2;
Q96F25;
Q96F44;
Q96F46;
Q96F86;
Q96FA3;
Q96FC9;
Q96FE5;
Q96FF9;
Q96FI4;
Q96FJ0;
Q96FJ2;
Q96FL8;
Q96FL9;
Q96FN5;
Q96FS4;
Q96FT7;
Q96FT9;
Q96FV9;
Q96FW1;
Q96FX2;
Q96FX7;
Q96FX8;
Q96FZ7;
Q96G01;
Q96G03;
Q96G04;
Q96G21;
Q96G23;
Q96G25;
Q96G61;
Q96G74;
Q96G91;
Q96GA3;
Q96GA7;
Q96GC5;
Q96GC6;
Q96GD3-2;
Q96GD4;
Q96GE5;
Q96GF1;
Q96GG9;
Q96GM1;
Q96GM5;
Q96GR2;
Q96GW7;
Q96GW9;
Q96GX1;
Q96GX5;
Q96GX9;
Q96GY3;
Q96H20;
Q96H22;
Q96H40;
Q96H86;
Q96H96;
Q96HA1;
Q96HC4;
Q96HD9;
Q96HE7;
Q96HF1;
Q96HI0;
Q96HJ5;
Q96HN2;
Q96HP0;
Q96HQ0;
Q96HR3;
Q96HR9;
Q96HS1-2;
Q96HW7;
Q96HY7;
Q96I15;
Q96I25;
Q96I27;
Q96I36;
Q96I59;
Q96I99;
Q96IF1;
Q96IG2;
Q96IJ6;
Q96IT1;
Q96IU4;
Q96IV0;
Q96IW7;
Q96IY1;
Q96IY4;
Q96J01;
Q96J02;
Q96J66;
Q96J84;
Q96J92;
Q96JA1;
Q96JA3;
Q96JB2;
Q96JB6;
Q96JC4;
Q96JC9;
Q96JE7;
Q96JF0;
Q96JH7;
Q96JJ3;
Q96JJ7;
Q96JK2;
Q96JK9;
Q96JL9;
Q96JP0;
Q96JT2;
Q96JW4;
Q96JY0;
Q96K12;
Q96K58;
Q96K75;
Q96K76;
Q96K83;
Q96KE9;
Q96KK3;
Q96KK4;
Q96KK5;
Q96KN8;
Q96KN9;
Q96KP1;
Q96KP4;
Q96KP6;
Q96KQ4;
Q96KQ7;
Q96KS0;
Q96KX2;
Q96L21;
Q96L33;
Q96L34;
Q96L42;
Q96L46;
Q96L50;
Q96L58;
Q96L73;
Q96L91;
Q96L93;
Q96LA8;
Q96LB3;
Q96LB4;
Q96LB8;
Q96LB9;
Q96LC7;
Q96LC9;
Q96LD8;
Q96LI5;
Q96LR5;
Q96LT4;
Q96LT9;
Q96LW1;
Q96LX8;
Q96M32;
Q96M96;
Q96MA6;
Q96ME1;
Q96MF6;
Q96MF7;
Q96MG7;
Q96MI9;
Q96MK3;
Q96MM6;
Q96MM7;
Q96MN2;
Q96MP8;
Q96MR9;
Q96MS0-1;
Q96MT3;
Q96MT8;
Q96MU6;
Q96MU8;
Q96MW5;
Q96N20;
Q96N22;
Q96N28;
Q96N38;
Q96N66;
Q96N67;
Q96N76;
Q96N77;
Q96N87;
Q96NA2;
Q96NB3;
Q96ND8;
Q96NG5;
Q96NG8;
Q96NI8;
Q96NJ3;
Q96NL3;
Q96NL6;
Q96NR8;
Q96NS5;
Q96NT5;
Q96NU7;
Q96NW4;
Q96NW7;
Q96NY8;
Q96NY9;
Q96P16;
Q96P20;
Q96P26;
Q96P44;
Q96P48;
Q96P56;
Q96P63;
Q96P65;
Q96P68;
Q96P88;
Q96PC2;
Q96PC3;
Q96PD4;
Q96PD5;
Q96PD6;
Q96PD7;
Q96PE2;
Q96PE3;
Q96PE6;
Q96PE7;
Q96PH1;
Q96PH6;
Q96PK6;
Q96PL1;
Q96PM5;
Q96PM9;
Q96PN6;
Q96PP8;
Q96PP9;
Q96PQ1;
Q96PQ6;
Q96PQ7;
Q96PR1;
Q96PS8;
Q96PU4;
Q96PU5;
Q96PV0;
Q96PX8;
Q96PY5;
Q96PZ0;
Q96Q05;
Q96Q11;
Q96Q15;
Q96Q27;
Q96Q42;
Q96Q80;
Q96Q83;
Q96Q89;
Q96Q91;
Q96QB1;
Q96QD5;
Q96QD8;
Q96QD9;
Q96QE2;
Q96QF0;
Q96QG7;
Q96QI5;
Q96QK1;
Q96QT4;
Q96QV1;
Q96QV6;
Q96R08;
Q96R09;
Q96R27;
Q96R28;
Q96R30;
Q96R45;
Q96R47;
Q96R48;
Q96R54;
Q96R67;
Q96R69;
Q96R72;
Q96R84;
Q96RA2;
Q96RB7;
Q96RC9;
Q96RD0;
Q96RD1;
Q96RD2;
Q96RD3;
Q96RD6;
Q96RD7;
Q96RE9;
Q96RF0;
Q96RI0;
Q96RI1;
Q96RI1-1;
Q96RI1-2;
Q96RI1-3;
Q96RI1-4;
Q96RI8;
Q96RI9;
Q96RJ0;
Q96RJ3;
Q96RK1;
Q96RK4;
Q96RL1;
Q96RL6;
Q96RM1;
Q96RN5;
Q96RP3;
Q96RP8;
Q96RP9;
Q96RQ3;
Q96RQ9;
Q96RR1;
Q96RS0;
Q96RT1;
Q96RT7;
Q96RT8;
Q96RU2;
Q96RU3;
Q96RU7;
Q96RY7;
Q96S06;
Q96S21;
Q96S37;
Q96S42;
Q96S44;
Q96S52;
Q96S59;
Q96SA4;
Q96SB8;
Q96SD1;
Q96SE7;
Q96SI1;
Q96SK3;
Q96SL4;
Q96SN7;
Q96SN8;
Q96SQ5;
Q96SQ9;
Q96SR6;
Q96ST2;
Q96ST3;
Q96ST8;
Q96SU4;
Q96SY0;
Q96SZ4;
Q96SZ5;
Q96T21;
Q96T23;
Q96T51;
Q96T53;
Q96T54;
Q96T55;
Q96T60;
Q96T66;
Q96T68;
Q96T76;
Q96T83;
Q96T88;
Q96T91;
Q96TA2;
Q99062;
Q99075;
Q99081;
Q99102;
Q99217;
Q99250;
Q99259;
Q99418;
Q99424;
Q99426;
Q99435;
Q99436;
Q99437;
Q99439;
Q99442;
Q99447;
Q99456;
Q99459;
Q99460;
Q99466;
Q99467;
Q99471;
Q99487;
Q99489;
Q99490;
Q99496;
Q99497;
Q99500;
Q99502;
Q99504;
Q99518;
Q99519;
Q99523;
Q99527;
Q99536;
Q99538;
Q99541;
Q99542;
Q99543;
Q99547;
Q99551;
Q99558;
Q99567;
Q99569;
Q99570;
Q99571;
Q99572;
Q99575;
Q99576;
Q99578;
Q99593;
Q99594;
Q99595;
Q99598;
Q99608;
Q99611;
Q99613;
Q99615;
Q99616;
Q99619;
Q99623;
Q99624;
Q99626;
Q99627;
Q99638;
Q99640;
Q99643;
Q99650;
Q99661;
Q99665;
Q99676;
Q99677;
Q99678;
Q99683;
Q99685;
Q99697;
Q99704;
Q99705;
Q99706;
Q99707;
Q99708;
Q99712;
Q99714;
Q99715;
Q99717;
Q99726;
Q99728;
Q99731;
Q99735;
Q99741;
Q99743;
Q99747;
Q99748;
Q99755;
Q99757;
Q99758;
Q99759;
Q99766;
Q99767;
Q99788;
Q99798;
Q99807;
Q99808;
Q99814;
Q99816;
Q99819;
Q99829;
Q99832;
Q99835;
Q99836;
Q99848;
Q99856;
Q99871;
Q99873;
Q99877;
Q99878;
Q99879;
Q99880;
Q99884;
Q99895;
Q99928;
Q99933;
Q99942;
Q99943;
Q99952;
Q99956;
Q99959;
Q99961;
Q99962;
Q99963;
Q99965;
Q99966;
Q99967;
Q99969;
Q99986;
Q99996;
Q9BPU6;
Q9BPU9;
Q9BPV8;
Q9BPW9;
Q9BPX1;
Q9BPX3;
Q9BPX6;
Q9BPZ7;
Q9BQ15;
Q9BQ16;
Q9BQ31;
Q9BQ48;
Q9BQ51;
Q9BQ52;
Q9BQ83;
Q9BQ90;
Q9BQ95;
Q9BQA1;
Q9BQB4;
Q9BQB6;
Q9BQC3;
Q9BQC6;
Q9BQE3;
Q9BQE4;
Q9BQG0;
Q9BQG2;
Q9BQI5;
Q9BQK8;
Q9BQQ3;
Q9BQQ7;
Q9BQS7;
Q9BQT8;
Q9BR01;
Q9BR09;
Q9BR61;
Q9BR84;
Q9BRA0;
Q9BRB3-2;
Q9BRC7;
Q9BRF8;
Q9BRG1;
Q9BRI3;
Q9BRJ2;
Q9BRK0;
Q9BRK3;
Q9BRL7;
Q9BRQ0;
Q9BRQ6;
Q9BRQ8;
Q9BRR0;
Q9BRR6;
Q9BRR9;
Q9BRS2;
Q9BRT9;
Q9BRV3;
Q9BRV8;
Q9BRX5;
Q9BRX9;
Q9BRY0;
Q9BRZ2;
Q9BS16;
Q9BS18;
Q9BS26;
Q9BS31;
Q9BS34;
Q9BSA4;
Q9BSB4;
Q9BSD3;
Q9BSE5;
Q9BSG1;
Q9BSH3;
Q9BSH4;
Q9BSI4;
Q9BSJ2;
Q9BSJ8;
Q9BSK1;
Q9BSK4;
Q9BSL1;
Q9BST9;
Q9BSV6;
Q9BSW2;
Q9BSY4;
Q9BT04;
Q9BT09;
Q9BT22;
Q9BT25;
Q9BT40;
Q9BT43;
Q9BT78;
Q9BT81;
Q9BT88;
Q9BTA9;
Q9BTC0-1;
Q9BTC8;
Q9BTE1;
Q9BTE7;
Q9BTK6;
Q9BTM1;
Q9BTM9;
Q9BTN0;
Q9BTP7;
Q9BTT4;
Q9BTU6;
Q9BTV6;
Q9BTV7;
Q9BTW9;
Q9BTX1;
Q9BTY2;
Q9BTZ2;
Q9BU02;
Q9BU19;
Q9BU23;
Q9BU40;
Q9BU61;
Q9BU64;
Q9BU76;
Q9BU89;
Q9BUA6;
Q9BUB4;
Q9BUD6;
Q9BUE0;
Q9BUE6;
Q9BUF5;
Q9BUF7;
Q9BUH8;
Q9BUI4;
Q9BUJ2;
Q9BUK0;
Q9BUL9;
Q9BUM1;
Q9BUN8;
Q9BUQ8;
Q9BUR4;
Q9BUR5;
Q9BUT1;
Q9BUU2;
Q9BUX1;
Q9BUY5;
Q9BV10;
Q9BV20;
Q9BV23;
Q9BV38;
Q9BV40;
Q9BV57;
Q9BV68;
Q9BV73;
Q9BV79;
Q9BV90;
Q9BV94;
Q9BV97;
Q9BVA1;
Q9BVC4;
Q9BVC5;
Q9BVG3;
Q9BVG8-2;
Q9BVG9;
Q9BVH7;
Q9BVI0;
Q9BVI4;
Q9BVJ6;
Q9BVK2;
Q9BVK6;
Q9BVL2-1;
Q9BVL2-2;
Q9BVP2;
Q9BVS4;
Q9BVS5;
Q9BVV7;
Q9BVW5;
Q9BW19;
Q9BW27;
Q9BW60;
Q9BW61;
Q9BW83;
Q9BW91-1;
Q9BW92;
Q9BWD1;
Q9BWF2;
Q9BWF3;
Q9BWJ5;
Q9BWM5;
Q9BWP8;
Q9BWS9;
Q9BWT6;
Q9BWU1;
Q9BWV1;
Q9BWV1-1;
Q9BWV7;
Q9BWX5;
Q9BX10;
Q9BX26;
Q9BX63;
Q9BX66;
Q9BX67;
Q9BX79;
Q9BX82;
Q9BX84;
Q9BX95;
Q9BXA5;
Q9BXB1;
Q9BXB5;
Q9BXC0;
Q9BXC9;
Q9BXD5;
Q9BXH1;
Q9BXI2;
Q9BXI3;
Q9BXI6;
Q9BXJ7;
Q9BXL7;
Q9BXM7;
Q9BXN1;
Q9BXN2;
Q9BXP5;
Q9BXP8;
Q9BXR0;
Q9BXR5;
Q9BXR6;
Q9BXS0;
Q9BXS1;
Q9BXS5;
Q9BXS9;
Q9BXT2;
Q9BXT4;
Q9BXT5;
Q9BXT6;
Q9BXU0;
Q9BXU7;
Q9BXW4;
Q9BXW6;
Q9BXW9;
Q9BXX0;
Q9BXY4;
Q9BY07;
Q9BY11;
Q9BY15;
Q9BY31;
Q9BY32;
Q9BY41;
Q9BY41-1;
Q9BY43;
Q9BY49;
Q9BY50;
Q9BY60;
Q9BY64;
Q9BY66;
Q9BY67;
Q9BY76;
Q9BY77;
Q9BY84;
Q9BYB0;
Q9BYC2;
Q9BYC5;
Q9BYC8;
Q9BYC9;
Q9BYD1;
Q9BYD2;
Q9BYD3;
Q9BYD6;
Q9BYE3;
Q9BYE4;
Q9BYE7;
Q9BYF1;
Q9BYG0;
Q9BYG4;
Q9BYG5;
Q9BYJ0;
Q9BYJ1;
Q9BYJ4;
Q9BYK8;
Q9BYM8;
Q9BYN8;
Q9BYP7;
Q9BYP8;
Q9BYP9;
Q9BYQ0;
Q9BYQ2;
Q9BYQ3;
Q9BYQ4;
Q9BYQ5;
Q9BYQ6;
Q9BYQ7;
Q9BYQ8;
Q9BYQ9;
Q9BYR0;
Q9BYR2;
Q9BYR3;
Q9BYR4;
Q9BYR5;
Q9BYR6;
Q9BYR7;
Q9BYR8;
Q9BYR9;
Q9BYS1;
Q9BYT5;
Q9BYT8;
Q9BYT9;
Q9BYU5;
Q9BYV7;
Q9BYV8;
Q9BYW1;
Q9BYW2;
Q9BYW3;
Q9BYX2;
Q9BYX4;
Q9BYX7;
Q9BYZ2;
Q9BYZ6;
Q9BZ23;
Q9BZ29;
Q9BZ71;
Q9BZ72;
Q9BZ95;
Q9BZC7;
Q9BZD2;
Q9BZD4;
Q9BZE1;
Q9BZE2;
Q9BZE9;
Q9BZF1;
Q9BZF2;
Q9BZF3;
Q9BZG1;
Q9BZG8;
Q9BZI7;
Q9BZJ0;
Q9BZK7;
Q9BZL6;
Q9BZM1;
Q9BZM2;
Q9BZM4;
Q9BZM6;
Q9BZP6;
Q9BZQ4;
Q9BZQ6;
Q9BZR6;
Q9BZR8;
Q9BZR9;
Q9BZS1;
Q9BZV2;
Q9BZW2;
Q9BZW8;
Q9BZX2;
Q9BZY9;
Q9BZZ2;
Q9C000;
Q9C005;
Q9C026;
Q9C030;
Q9C035;
Q9C037;
Q9C040;
Q9C075;
Q9C086;
Q9C0B1;
Q9C0C2;
Q9C0C7;
Q9C0C9;
Q9C0D9;
Q9C0E4;
Q9C0F3;
Q9C0H2;
Q9C0H5;
Q9C0I1;
Q9C0I4;
Q9C0J1;
Q9C0J8;
Q9C0J9;
Q9C0K1;
Q9C0K7;
Q9GIY3;
Q9GZK3;
Q9GZK4;
Q9GZK6;
Q9GZK7;
Q9GZL7;
Q9GZM6;
Q9GZM8;
Q9GZN2;
Q9GZP0;
Q9GZP9;
Q9GZQ3;
Q9GZQ4;
Q9GZQ6;
Q9GZQ8;
Q9GZR5;
Q9GZS1;
Q9GZS3;
Q9GZS9;
Q9GZT4;
Q9GZT5;
Q9GZT9;
Q9GZU1;
Q9GZV3;
Q9GZV4;
Q9GZV5;
Q9GZV8;
Q9GZV9;
Q9GZX3;
Q9GZX5;
Q9GZX6;
Q9GZY0;
Q9GZY6;
Q9GZZ0;
Q9GZZ7;
Q9GZZ9;
Q9H008;
Q9H013;
Q9H015;
Q9H040;
Q9H063;
Q9H074;
Q9H081;
Q9H082;
Q9H0A0;
Q9H0A8;
Q9H0B6;
Q9H0B8;
Q9H0C5;
Q9H0D6;
Q9H0E2;
Q9H0E3;
Q9H0E7;
Q9H0E9;
Q9H0F6;
Q9H0F7;
Q9H0H0;
Q9H0H3;
Q9H0H5;
Q9H0L4;
Q9H0M0;
Q9H0M5;
Q9H0P0-4;
Q9H0Q3;
Q9H0R5;
Q9H0R8;
Q9H0S4;
Q9H0T7;
Q9H0U3;
Q9H0U4;
Q9H0U6;
Q9H0V9;
Q9H0W5;
Q9H0W8;
Q9H0X9;
Q9H0Y0;
Q9H115;
Q9H156;
Q9H160;
Q9H171;
Q9H172;
Q9H195;
Q9H1A4;
Q9H1B5;
Q9H1C0;
Q9H1C4;
Q9H1C7;
Q9H1D0;
Q9H1D9;
Q9H1E1;
Q9H1H9;
Q9H1I8;
Q9H1J1;
Q9H1J1-2;
Q9H1J5;
Q9H1J7;
Q9H1K0;
Q9H1K1-1;
Q9H1K4;
Q9H1M3;
Q9H1M4;
Q9H1N7;
Q9H1P3;
Q9H1Y0;
Q9H1Y3;
Q9H204;
Q9H205;
Q9H207;
Q9H208;
Q9H209;
Q9H210;
Q9H211;
Q9H221;
Q9H222;
Q9H227;
Q9H228;
Q9H237;
Q9H244;
Q9H252;
Q9H254;
Q9H255;
Q9H257;
Q9H293;
Q9H295;
Q9H2A2;
Q9H2A7;
Q9H2A9;
Q9H2B4;
Q9H2C0;
Q9H2C2;
Q9H2C5;
Q9H2C8;
Q9H2D1;
Q9H2E6;
Q9H2F3;
Q9H2F5;
Q9H2G4;
Q9H2G9;
Q9H2H0;
Q9H2H8;
Q9H2H9;
Q9H2J7;
Q9H2K0;
Q9H2K2;
Q9H2M3;
Q9H2M9;
Q9H2P9;
Q9H2S1;
Q9H2U1;
Q9H2U2;
Q9H2W6;
Q9H2X6;
Q9H2X9;
Q9H300;
Q9H310;
Q9H313-3;
Q9H324;
Q9H334-8;
Q9H339;
Q9H340;
Q9H341;
Q9H342;
Q9H343;
Q9H344;
Q9H346;
Q9H3D4;
Q9H3H1;
Q9H3H5;
Q9H3K6;
Q9H3L0;
Q9H3M0;
Q9H3M7;
Q9H3M9;
Q9H3N8;
Q9H3P2;
Q9H3P7;
Q9H3R0;
Q9H3R1;
Q9H3R2;
Q9H3R5;
Q9H3S1;
Q9H3S4;
Q9H3S5;
Q9H3S7;
Q9H3Y6;
Q9H3Z4;
Q9H410;
Q9H427;
Q9H444;
Q9H461;
Q9H469;
Q9H477;
Q9H479;
Q9H488;
Q9H490;
Q9H492;
Q9H4A3;
Q9H4A9;
Q9H4B4;
Q9H4B6;
Q9H4B7;
Q9H4B8;
Q9H4E5;
Q9H4F1;
Q9H4G0;
Q9H4I9;
Q9H4L4;
Q9H4L5;
Q9H4M3;
Q9H4M7;
Q9H4M9;
Q9H4P4;
Q9H4X1;
Q9H4Y5;
Q9H4Z2;
Q9H553;
Q9H583;
Q9H598;
Q9H5I1;
Q9H5J4;
Q9H5J8;
Q9H5K3;
Q9H5Q4;
Q9H5Y7;
Q9H633;
Q9H672;
Q9H6A0;
Q9H6D7;
Q9H6H4;
Q9H6I2;
Q9H6Q4;
Q9H6R3;
Q9H6R4;
Q9H6T0;
Q9H6U8;
Q9H6X2-1;
Q9H6X2-2;
Q9H6Z9;
Q9H707;
Q9H765;
Q9H772;
Q9H773;
Q9H7B4;
Q9H7D0;
Q9H7L9;
Q9H7P6;
Q9H7P9;
Q9H7R0;
Q9H7R5;
Q9H7S9;
Q9H7T0;
Q9H7X3;
Q9H7X7;
Q9H7Z6;
Q9H7Z7;
Q9H814;
Q9H816;
Q9H832;
Q9H840;
Q9H841;
Q9H845;
Q9H853;
Q9H867;
Q9H8E8;
Q9H8G1;
Q9H8H0;
Q9H8H3;
Q9H8M1;
Q9H8M9;
Q9H8P0;
Q9H8S9;
Q9H8V3;
Q9H8W5;
Q9H8X2;
Q9H8Y8;
Q9H900;
Q9H902;
Q9H903;
Q9H936;
Q9H944;
Q9H963;
Q9H974;
Q9H981;
Q9H999;
Q9H9A5;
Q9H9A7;
Q9H9B1;
Q9H9E3;
Q9H9F9;
Q9H9G7;
Q9H9H4;
Q9H9J2;
Q9H9J4;
Q9H9L3;
Q9H9L4;
Q9H9P5;
Q9H9P8;
Q9H9Q2;
Q9H9Q4;
Q9H9S0;
Q9H9S3;
Q9H9S4;
Q9H9T3;
Q9H9Y6;
Q9H9Z2;
Q9HA47;
Q9HA64;
Q9HA65;
Q9HA77;
Q9HA82;
Q9HAB3;
Q9HAB8;
Q9HAF1;
Q9HAH1;
Q9HAJ7;
Q9HAN9;
Q9HAP6;
Q9HAQ2;
Q9HAS3;
Q9HAT0;
Q9HAT1;
Q9HAT8;
Q9HAU0;
Q9HAU4;
Q9HAU5;
Q9HAV0;
Q9HAV4;
Q9HAV5;
Q9HAV7;
Q9HAW0;
Q9HAW4;
Q9HAW7;
Q9HAW8;
Q9HAW9;
Q9HAY6;
Q9HAZ2;
Q9HB03;
Q9HB14;
Q9HB15;
Q9HB19;
Q9HB20;
Q9HB21;
Q9HB29;
Q9HB55;
Q9HB63;
Q9HB65;
Q9HB75;
Q9HB89;
Q9HB90;
Q9HB96;
Q9HBA0;
Q9HBA9;
Q9HBE4;
Q9HBE5;
Q9HBG4;
Q9HBG6;
Q9HBH0;
Q9HBH5;
Q9HBI1;
Q9HBI6;
Q9HBJ8;
Q9HBK9;
Q9HBL8;
Q9HBM1;
Q9HBM6;
Q9HBT7;
Q9HBT8;
Q9HBU6;
Q9HBW0;
Q9HBX8;
Q9HBX9;
Q9HBY0;
Q9HBY8;
Q9HBZ2;
Q9HC16-1;
Q9HC16-3;
Q9HC21;
Q9HC23;
Q9HC29;
Q9HC36;
Q9HC52;
Q9HC58;
Q9HC62;
Q9HC73;
Q9HC77;
Q9HC84;
Q9HC96;
Q9HC97;
Q9HC98;
Q9HCB6;
Q9HCC0;
Q9HCE1;
Q9HCE5;
Q9HCE6;
Q9HCE7;
Q9HCE9;
Q9HCF6;
Q9HCG1;
Q9HCG7;
Q9HCG8;
Q9HCI7;
Q9HCJ0;
Q9HCJ1;
Q9HCK4;
Q9HCK5;
Q9HCK8;
Q9HCL2;
Q9HCL3;
Q9HCM2;
Q9HCM4;
Q9HCM9;
Q9HCN2;
Q9HCN6;
Q9HCQ5;
Q9HCR9;
Q9HCS2;
Q9HCS4;
Q9HCS7;
Q9HCT0;
Q9HCU5;
Q9HCU8;
Q9HCU9;
Q9HCX3;
Q9HCX4;
Q9HCZ1;
Q9HD20;
Q9HD23;
Q9HD26;
Q9HD33;
Q9HD34;
Q9HD40;
Q9HD47;
Q9HD67;
Q9HD89;
Q9HDB5;
Q9HDD0;
Q9MY60;
Q9NNW7;
Q9NNX6;
Q9NP31;
Q9NP55;
Q9NP56;
Q9NP58;
Q9NP59;
Q9NP60;
Q9NP61;
Q9NP70;
Q9NP71;
Q9NP72;
Q9NP73;
Q9NP77;
Q9NP78;
Q9NP79;
Q9NP80;
Q9NP81;
Q9NP84;
Q9NP85;
Q9NP87;
Q9NP90;
Q9NP91;
Q9NP92;
Q9NP94;
Q9NP95;
Q9NP97;
Q9NP99;
Q9NPA1;
Q9NPA2;
Q9NPA3;
Q9NPA8;
Q9NPB1;
Q9NPB6;
Q9NPB8;
Q9NPB9;
Q9NPC1;
Q9NPC2;
Q9NPD3;
Q9NPD5;
Q9NPD8;
Q9NPE3;
Q9NPF0;
Q9NPF2;
Q9NPF4;
Q9NPF5;
Q9NPF7;
Q9NPG1;
Q9NPG2;
Q9NPG3;
Q9NPH0;
Q9NPH2;
Q9NPH3-1;
Q9NPH5;
Q9NPH9;
Q9NPI1;
Q9NPI5;
Q9NPI6;
Q9NPI8;
Q9NPI9;
Q9NPJ1;
Q9NPJ3;
Q9NPJ4;
Q9NPJ6;
Q9NPL8;
Q9NPP4;
Q9NPY3;
Q9NPZ5;
Q9NQ11;
Q9NQ25;
Q9NQ36;
Q9NQ38;
Q9NQ40;
Q9NQ48;
Q9NQ50;
Q9NQ66;
Q9NQ69;
Q9NQ76;
Q9NQ86;
Q9NQ87;
Q9NQ88;
Q9NQ90;
Q9NQ92;
Q9NQ94;
Q9NQA5;
Q9NQB0;
Q9NQC1;
Q9NQC3;
Q9NQC7;
Q9NQC8;
Q9NQG5;
Q9NQG7;
Q9NQI0;
Q9NQL2;
Q9NQN1;
Q9NQP4;
Q9NQR1;
Q9NQR4;
Q9NQR9;
Q9NQS3;
Q9NQS5;
Q9NQS7;
Q9NQT4;
Q9NQT5;
Q9NQT8;
Q9NQU5;
Q9NQV7;
Q9NQW5;
Q9NQX3;
Q9NQX5;
Q9NQX6;
Q9NQZ2;
Q9NQZ5;
Q9NQZ7;
Q9NQZ8;
Q9NR11;
Q9NR12;
Q9NR19;
Q9NR28;
Q9NR30;
Q9NR33;
Q9NR34;
Q9NR45;
Q9NR48;
Q9NR50;
Q9NR61;
Q9NR63;
Q9NR71;
Q9NR77;
Q9NR80;
Q9NR81;
Q9NR82;
Q9NR96;
Q9NR97;
Q9NRA0;
Q9NRA1-1;
Q9NRA2;
Q9NRB3;
Q9NRC6;
Q9NRD1;
Q9NRD5;
Q9NRD8;
Q9NRD9;
Q9NRF2;
Q9NRF2-2;
Q9NRF8;
Q9NRF9;
Q9NRG4;
Q9NRG9;
Q9NRH3;
Q9NRJ3;
Q9NRJ4;
Q9NRK6;
Q9NRM0;
Q9NRM1;
Q9NRM6;
Q9NRM7;
Q9NRN7;
Q9NRP2;
Q9NRR4;
Q9NRR6;
Q9NRV9;
Q9NRW1;
Q9NRW3;
Q9NRW7;
Q9NRX1;
Q9NRX2;
Q9NRX5;
Q9NRY4;
Q9NRZ5;
Q9NRZ7;
Q9NS00;
Q9NS15;
Q9NS28;
Q9NS40;
Q9NS56;
Q9NS61;
Q9NS62;
Q9NS67;
Q9NS69;
Q9NS73;
Q9NS75;
Q9NS82;
Q9NS84;
Q9NS87;
Q9NS91;
Q9NSA0;
Q9NSA1;
Q9NSA2;
Q9NSA3;
Q9NSB2;
Q9NSB4;
Q9NSB8;
Q9NSC2;
Q9NSC5;
Q9NSC7;
Q9NSD5;
Q9NSD7;
Q9NSD9;
Q9NSE2;
Q9NSE4;
Q9NSI6;
Q9NSK0;
Q9NSP4;
Q9NST1;
Q9NSU2;
Q9NSV4;
Q9NSY2;
Q9NT22;
Q9NT62;
Q9NT99;
Q9NTG7;
Q9NTI2;
Q9NTI5;
Q9NTJ3;
Q9NTJ4;
Q9NTJ5;
Q9NTK5;
Q9NTM9;
Q9NTN3;
Q9NTQ9;
Q9NTX7;
Q9NUB1;
Q9NUD9;
Q9NUI1;
Q9NUJ1;
Q9NUN5;
Q9NUN7;
Q9NUP1;
Q9NUP7;
Q9NUP9;
Q9NUQ2;
Q9NUQ9;
Q9NUT2;
Q9NUW8;
Q9NUX5;
Q9NUZ1;
Q9NV06;
Q9NV23;
Q9NV31;
Q9NV35;
Q9NV56;
Q9NV58;
Q9NV66;
Q9NV70;
Q9NV72;
Q9NV88;
Q9NV96;
Q9NVC6;
Q9NVD7;
Q9NVE7;
Q9NVF9;
Q9NVG8;
Q9NVH1;
Q9NVH2;
Q9NVH6;
Q9NVI1;
Q9NVK5;
Q9NVM4;
Q9NVM9;
Q9NVR0;
Q9NVR2;
Q9NVS2;
Q9NVS9;
Q9NVU0;
Q9NVW2;
Q9NVX0;
Q9NVZ3;
Q9NW08;
Q9NW13;
Q9NW15;
Q9NW38;
Q9NW64;
Q9NWA0;
Q9NWB7;
Q9NWF4;
Q9NWF9;
Q9NWM0-3;
Q9NWM8;
Q9NWQ8;
Q9NWR8;
Q9NWS9;
Q9NWT6;
Q9NWT8;
Q9NWU5;
Q9NWV8;
Q9NWW6;
Q9NWW9;
Q9NWX5;
Q9NWX6;
Q9NWZ3;
Q9NWZ5;
Q9NWZ8;
Q9NX08;
Q9NX09;
Q9NX14;
Q9NX20;
Q9NX24;
Q9NX46;
Q9NX57;
Q9NX62;
Q9NX63;
Q9NX65;
Q9NX70;
Q9NX74;
Q9NX76;
Q9NXA8;
Q9NXB0;
Q9NXB9;
Q9NXD2;
Q9NXE4;
Q9NXE8;
Q9NXF1;
Q9NXF7;
Q9NXG2;
Q9NXH8;
Q9NXH9;
Q9NXK8;
Q9NXL2;
Q9NXR1;
Q9NXR7;
Q9NXR8;
Q9NXT0;
Q9NXX6;
Q9NY12;
Q9NY15;
Q9NY25;
Q9NY26;
Q9NY27;
Q9NY28;
Q9NY37;
Q9NY46;
Q9NY47;
Q9NY59;
Q9NY61;
Q9NY64;
Q9NY65;
Q9NY72;
Q9NY91;
Q9NY97;
Q9NYA1;
Q9NYA4;
Q9NYB0;
Q9NYB5;
Q9NYB9;
Q9NYF0;
Q9NYF5;
Q9NYG5;
Q9NYG8;
Q9NYH9;
Q9NYJ1;
Q9NYJ8;
Q9NYK1;
Q9NYK5;
Q9NYL5;
Q9NYL9;
Q9NYM4;
Q9NYM9;
Q9NYP7;
Q9NYP9;
Q9NYQ3;
Q9NYR8;
Q9NYR9;
Q9NYS0;
Q9NYS7;
Q9NYT6;
Q9NYU1;
Q9NYU2;
Q9NYV4;
Q9NYV6;
Q9NYV7;
Q9NYV8;
Q9NYV9;
Q9NYW0;
Q9NYW1;
Q9NYW2;
Q9NYW3;
Q9NYW4;
Q9NYW5;
Q9NYW6;
Q9NYW7;
Q9NYY1;
Q9NYY3;
Q9NYZ2;
Q9NYZ3;
Q9NYZ4;
Q9NZ01;
Q9NZ08;
Q9NZ09;
Q9NZ20;
Q9NZ32;
Q9NZ42;
Q9NZ43;
Q9NZ52;
Q9NZ53;
Q9NZ71;
Q9NZ94;
Q9NZB8-1;
Q9NZB8-5;
Q9NZC2;
Q9NZC3;
Q9NZC7;
Q9NZD2;
Q9NZE8;
Q9NZF1;
Q9NZH6;
Q9NZH7;
Q9NZH8;
Q9NZI2;
Q9NZI5;
Q9NZI8;
Q9NZJ0;
Q9NZJ5;
Q9NZJ6;
Q9NZJ9;
Q9NZK5;
Q9NZK7;
Q9NZL3;
Q9NZL6;
Q9NZL9;
Q9NZM3;
Q9NZN1;
Q9NZN3;
Q9NZN4;
Q9NZN5;
Q9NZN8;
Q9NZP0;
Q9NZP2;
Q9NZP5;
Q9NZQ3;
Q9NZQ7;
Q9NZQ8;
Q9NZQ9;
Q9NZR1;
Q9NZS2;
Q9NZT1;
Q9NZU0;
Q9NZU1;
Q9NZU5;
Q9NZV6;
Q9NZV7;
Q9NZV8;
Q9NZW4;
Q9NZZ3;
Q9P000;
Q9P013;
Q9P015;
Q9P031;
Q9P032;
Q9P035;
Q9P086;
Q9P0G3;
Q9P0J0;
Q9P0J1;
Q9P0J6;
Q9P0J7;
Q9P0K1;
Q9P0L0;
Q9P0L1;
Q9P0M4;
Q9P0M9;
Q9P0N5;
Q9P0N9;
Q9P0P0;
Q9P0S2;
Q9P0S3;
Q9P0U1;
Q9P0U3;
Q9P0U4;
Q9P0W2;
Q9P0X4;
Q9P0Z9;
Q9P104;
Q9P107;
Q9P109;
Q9P126;
Q9P127;
Q9P1A6;
Q9P1P4;
Q9P1P5;
Q9P1Q0;
Q9P1Q5;
Q9P1U0;
Q9P1W8;
Q9P1Z3;
Q9P209;
Q9P212;
Q9P218;
Q9P219;
Q9P227;
Q9P241;
Q9P244;
Q9P255;
Q9P258;
Q9P267;
Q9P272;
Q9P283;
Q9P286;
Q9P289;
Q9P296;
Q9P299;
Q9P2D8;
Q9P2E2;
Q9P2E5;
Q9P2F6;
Q9P2H3;
Q9P2I0;
Q9P2J3;
Q9P2J5;
Q9P2J8;
Q9P2J9;
Q9P2K1;
Q9P2K6;
Q9P2L0;
Q9P2M4;
Q9P2M7;
Q9P2N2;
Q9P2N4;
Q9P2N6;
Q9P2N7;
Q9P2P5;
Q9P2R7;
Q9P2S2;
Q9P2T1;
Q9P2U7;
Q9P2U8;
Q9P2W1;
Q9P2W3;
Q9P2W7;
Q9P2W9;
Q9P2X0;
Q9P2Y5;
Q9TNN7;
Q9TQE0;
Q9UBB5;
Q9UBB9;
Q9UBC0;
Q9UBC2;
Q9UBC3;
Q9UBC9;
Q9UBD3;
Q9UBD5;
Q9UBD6;
Q9UBD9;
Q9UBE0;
Q9UBE8;
Q9UBF2;
Q9UBF6;
Q9UBF8;
Q9UBG0;
Q9UBH0;
Q9UBI1;
Q9UBI6;
Q9UBJ2;
Q9UBK2;
Q9UBK5;
Q9UBK8;
Q9UBK9;
Q9UBL3;
Q9UBL6;
Q9UBL9;
Q9UBM1;
Q9UBM4;
Q9UBM7;
Q9UBM8;
Q9UBN1;
Q9UBN4;
Q9UBN6;
Q9UBN7;
Q9UBP5;
Q9UBP6;
Q9UBQ0;
Q9UBQ5;
Q9UBQ6;
Q9UBQ7;
Q9UBR1;
Q9UBR2;
Q9UBR4;
Q9UBS0;
Q9UBS3;
Q9UBS4;
Q9UBS5;
Q9UBS8;
Q9UBT2;
Q9UBT3;
Q9UBT6;
Q9UBU2;
Q9UBU3-1;
Q9UBU3-2;
Q9UBU7;
Q9UBU8;
Q9UBU9;
Q9UBV2;
Q9UBV4;
Q9UBV7;
Q9UBW5;
Q9UBW7;
Q9UBW8;
Q9UBX1;
Q9UBX3;
Q9UBX5;
Q9UBX8;
Q9UBY0;
Q9UBY5;
Q9UBZ9;
Q9UC06;
Q9UD71;
Q9UDR5;
Q9UDV6;
Q9UDV7;
Q9UDW1;
Q9UDW3;
Q9UDY2;
Q9UDY6;
Q9UDY8;
Q9UEF7-1;
Q9UEF7-2;
Q9UER7;
Q9UET6;
Q9UEU0;
Q9UEY8;
Q9UF02;
Q9UF12;
Q9UF33;
Q9UFF9;
Q9UG01;
Q9UG56;
Q9UGB7;
Q9UGC6;
Q9UGC7;
Q9UGF5;
Q9UGF6;
Q9UGF7;
Q9UGH3;
Q9UGI0;
Q9UGI6;
Q9UGI9;
Q9UGJ0;
Q9UGJ1;
Q9UGK3;
Q9UGL1;
Q9UGM1;
Q9UGM3;
Q9UGM6;
Q9UGN4;
Q9UGN5;
Q9UGP4;
Q9UGP5;
Q9UGP8;
Q9UGQ2;
Q9UGQ3;
Q9UGY1;
Q9UH17;
Q9UH73;
Q9UH77;
Q9UH90;
Q9UH92;
Q9UH99;
Q9UHA4;
Q9UHA7;
Q9UHB4;
Q9UHB7;
Q9UHB9;
Q9UHC1;
Q9UHC3;
Q9UHC7;
Q9UHC9-2;
Q9UHD0;
Q9UHD2;
Q9UHD9;
Q9UHE5;
Q9UHF0;
Q9UHF3;
Q9UHF4;
Q9UHH9;
Q9UHI5;
Q9UHI6;
Q9UHI7;
Q9UHI8;
Q9UHJ6;
Q9UHK6;
Q9UHL4;
Q9UHM6;
Q9UHN1;
Q9UHP3;
Q9UHP7;
Q9UHQ9;
Q9UHR5;
Q9UHV7;
Q9UHV9;
Q9UHW9;
Q9UHX1;
Q9UHX3;
Q9UHY1;
Q9UHY7;
Q9UI08;
Q9UI09;
Q9UI10;
Q9UI12;
Q9UI17;
Q9UI30;
Q9UI32;
Q9UI33;
Q9UI40;
Q9UI43;
Q9UI95;
Q9UIA0;
Q9UIB8;
Q9UIC8;
Q9UID3;
Q9UIE0;
Q9UIF7-3;
Q9UIF7-6;
Q9UIF9;
Q9UIG0;
Q9UIG8-1;
Q9UIH9;
Q9UII4;
Q9UIJ5;
Q9UIJ7;
Q9UIK4;
Q9UIL1;
Q9UIL4;
Q9UIM3;
Q9UIQ6;
Q9UIR0;
Q9UIS9;
Q9UIU0;
Q9UIV1;
Q9UIV8;
Q9UIW2;
Q9UIX4;
Q9UJ14;
Q9UJ37;
Q9UJ41;
Q9UJ68;
Q9UJ70;
Q9UJ71;
Q9UJ83;
Q9UJ90;
Q9UJ96;
Q9UJ98;
Q9UJA2;
Q9UJA3;
Q9UJA5;
Q9UJF2;
Q9UJK0;
Q9UJL9;
Q9UJM8;
Q9UJP4;
Q9UJQ4;
Q9UJS0;
Q9UJT9;
Q9UJU2;
Q9UJU3;
Q9UJU5;
Q9UJU6;
Q9UJV9;
Q9UJW0;
Q9UJW3;
Q9UJW8;
Q9UJX2;
Q9UJX3;
Q9UJX4;
Q9UJX5;
Q9UJX6;
Q9UJY1;
Q9UJY4;
Q9UJY5;
Q9UJZ1;
Q9UK05;
Q9UK08;
Q9UK10;
Q9UK11;
Q9UK12;
Q9UK13;
Q9UK17;
Q9UK22;
Q9UK32;
Q9UK39;
Q9UK41;
Q9UK45;
Q9UK55;
Q9UK73;
Q9UK80;
Q9UK96;
Q9UK97;
Q9UKA1;
Q9UKA2;
Q9UKB1;
Q9UKE5;
Q9UKF2;
Q9UKF6;
Q9UKG1;
Q9UKG4;
Q9UKG9;
Q9UKI2;
Q9UKI3;
Q9UKJ0;
Q9UKJ1;
Q9UKJ8;
Q9UKK3;
Q9UKK6;
Q9UKK9;
Q9UKL0;
Q9UKL2;
Q9UKL3;
Q9UKL4;
Q9UKL6;
Q9UKM7;
Q9UKN1;
Q9UKN5;
Q9UKN8;
Q9UKP4;
Q9UKP5;
Q9UKP6;
Q9UKR0;
Q9UKR3;
Q9UKS6;
Q9UKT4;
Q9UKT5;
Q9UKT6;
Q9UKT7;
Q9UKT8;
Q9UKU0;
Q9UKU7;
Q9UKV0;
Q9UKV3;
Q9UKV5;
Q9UKV8;
Q9UKW4;
Q9UKX2;
Q9UKX5;
Q9UKX7;
Q9UKY4;
Q9UKZ1;
Q9UKZ9;
Q9UL01;
Q9UL03;
Q9UL12;
Q9UL15;
Q9UL18;
Q9UL19;
Q9UL25;
Q9UL26;
Q9UL33;
Q9UL45;
Q9UL46;
Q9UL51;
Q9UL58;
Q9UL59;
Q9UL62;
Q9ULB1;
Q9ULB4;
Q9ULB5;
Q9ULC3;
Q9ULC5;
Q9ULC6;
Q9ULC8;
Q9ULD4;
Q9ULD5;
Q9ULD6;
Q9ULD8;
Q9ULE3;
Q9ULF5;
Q9ULG1;
Q9ULH0;
Q9ULH1;
Q9ULH4;
Q9ULI2;
Q9ULI4;
Q9ULK4;
Q9ULK5;
Q9ULL4;
Q9ULM2;
Q9ULM3;
Q9ULM6;
Q9ULP9;
Q9ULQ1;
Q9ULR0;
Q9ULS6;
Q9ULT6;
Q9ULT8;
Q9ULV0;
Q9ULV1;
Q9ULW0;
Q9ULW2;
Q9ULW5;
Q9ULW8;
Q9ULX3;
Q9ULX7;
Q9ULX9;
Q9ULY5;
Q9ULZ1;
Q9ULZ3;
Q9ULZ9;
Q9UM01;
Q9UM07;
Q9UM11;
Q9UM13;
Q9UM21;
Q9UM47;
Q9UM54;
Q9UM63;
Q9UMD9;
Q9UMF0;
Q9UMN6;
Q9UMQ6;
Q9UMR5;
Q9UMR7;
Q9UMS4;
Q9UMW8;
Q9UMX0;
Q9UMX1;
Q9UMX2;
Q9UMX6;
Q9UMX9;
Q9UN19;
Q9UN37;
Q9UN42;
Q9UN76;
Q9UN79;
Q9UN88;
Q9UNA0;
Q9UNA1;
Q9UNA3;
Q9UNA4;
Q9UNE0;
Q9UNE7;
Q9UNF0;
Q9UNF1;
Q9UNG2;
Q9UNH5;
Q9UNK4;
Q9UNL2;
Q9UNL4;
Q9UNM6;
Q9UNN8;
Q9UNP4;
Q9UNP9;
Q9UNQ2;
Q9UNS1;
Q9UNS2;
Q9UNU6;
Q9UNW1;
Q9UNW8;
Q9UNX3;
Q9UNX4;
Q9UNX9;
Q9UP38;
Q9UP52;
Q9UP65;
Q9UP79;
Q9UP83;
Q9UP95;
Q9UPM8;
Q9UPM9;
Q9UPN4;
Q9UPN7;
Q9UPN9;
Q9UPP1;
Q9UPP1-1;
Q9UPP1-2;
Q9UPP1-3;
Q9UPQ4;
Q9UPQ8;
Q9UPQ9;
Q9UPR3;
Q9UPR5;
Q9UPS6;
Q9UPT5;
Q9UPT9;
Q9UPU5;
Q9UPV0;
Q9UPW5;
Q9UPW6;
Q9UPX8;
Q9UPY3;
Q9UPY5;
Q9UPY6;
Q9UPZ6;
Q9UQ05;
Q9UQ16;
Q9UQ35;
Q9UQ49;
Q9UQ52;
Q9UQ53;
Q9UQ72;
Q9UQ74;
Q9UQ80;
Q9UQ84;
Q9UQ88;
Q9UQ90;
Q9UQB8;
Q9UQC2;
Q9UQC9;
Q9UQD0;
Q9UQE7;
Q9UQK1;
Q9UQL6;
Q9UQM7;
Q9UQN3;
Q9UQP3;
Q9UQQ2;
Q9Y210;
Q9Y216;
Q9Y217;
Q9Y219;
Q9Y221;
Q9Y223;
Q9Y224;
Q9Y226;
Q9Y227;
Q9Y230;
Q9Y233;
Q9Y234;
Q9Y235;
Q9Y239;
Q9Y241;
Q9Y243;
Q9Y248;
Q9Y251;
Q9Y252;
Q9Y253;
Q9Y255;
Q9Y256;
Q9Y257;
Q9Y259;
Q9Y261;
Q9Y262;
Q9Y264;
Q9Y265;
Q9Y266;
Q9Y271;
Q9Y274;
Q9Y275;
Q9Y276;
Q9Y277;
Q9Y278;
Q9Y285;
Q9Y286;
Q9Y287;
Q9Y289;
Q9Y291;
Q9Y294;
Q9Y296;
Q9Y297;
Q9Y2A4;
Q9Y2A7;
Q9Y2A9;
Q9Y2B2;
Q9Y2C2;
Q9Y2C9;
Q9Y2D0;
Q9Y2D2;
Q9Y2E5;
Q9Y2E6;
Q9Y2E8;
Q9Y2F5;
Q9Y2G3;
Q9Y2G5;
Q9Y2G7;
Q9Y2H0;
Q9Y2H2;
Q9Y2H5;
Q9Y2H8;
Q9Y2I6;
Q9Y2I7;
Q9Y2J2;
Q9Y2J4;
Q9Y2J8;
Q9Y2K6;
Q9Y2K7;
Q9Y2L1;
Q9Y2L5;
Q9Y2L8;
Q9Y2M0;
Q9Y2M5;
Q9Y2N7;
Q9Y2P4;
Q9Y2P5;
Q9Y2P7;
Q9Y2P8;
Q9Y2Q0;
Q9Y2Q1;
Q9Y2Q3;
Q9Y2Q5;
Q9Y2Q9;
Q9Y2R2;
Q9Y2R4;
Q9Y2R5;
Q9Y2R9;
Q9Y2S0;
Q9Y2S2;
Q9Y2T1;
Q9Y2T2;
Q9Y2T3;
Q9Y2T6;
Q9Y2U2;
Q9Y2U8;
Q9Y2V7;
Q9Y2W1;
Q9Y2W2;
Q9Y2W6;
Q9Y2W7;
Q9Y2X0;
Q9Y2X3;
Q9Y2X7;
Q9Y2X8;
Q9Y2Y0;
Q9Y2Y1;
Q9Y2Y4;
Q9Y2Y8;
Q9Y2Z0;
Q9Y2Z2;
Q9Y2Z4;
Q9Y2Z9;
Q9Y303;
Q9Y305;
Q9Y314;
Q9Y315;
Q9Y316;
Q9Y324;
Q9Y333;
Q9Y336;
Q9Y337;
Q9Y345;
Q9Y365;
Q9Y366;
Q9Y375;
Q9Y376;
Q9Y385;
Q9Y399;
Q9Y3A2;
Q9Y3A4;
Q9Y3A6;
Q9Y3B2;
Q9Y3B3;
Q9Y3B4;
Q9Y3B7;
Q9Y3C4;
Q9Y3C6;
Q9Y3C7;
Q9Y3D0;
Q9Y3D2;
Q9Y3D3;
Q9Y3D5;
Q9Y3D7;
Q9Y3D8;
Q9Y3D9;
Q9Y3E5;
Q9Y3E7;
Q9Y3F4;
Q9Y3I0;
Q9Y3I1;
Q9Y3L5;
Q9Y3M2;
Q9Y3M8;
Q9Y3M9;
Q9Y3N9;
Q9Y3P9;
Q9Y3Q0;
Q9Y3Q3;
Q9Y3Q4;
Q9Y3R0;
Q9Y3R4;
Q9Y3S1;
Q9Y3T9;
Q9Y3U8;
Q9Y3V2;
Q9Y3Y2;
Q9Y3Y4;
Q9Y3Z3;
Q9Y446;
Q9Y450;
Q9Y462;
Q9Y466;
Q9Y468;
Q9Y473;
Q9Y478;
Q9Y483;
Q9Y484;
Q9Y487;
Q9Y490;
Q9Y496;
Q9Y4A5;
Q9Y4A9;
Q9Y4B6;
Q9Y4C0;
Q9Y4C1;
Q9Y4C5;
Q9Y4D1;
Q9Y4D2;
Q9Y4D7;
Q9Y4E8;
Q9Y4G8;
Q9Y4H2;
Q9Y4H4;
Q9Y4I1;
Q9Y4K0;
Q9Y4K3;
Q9Y4L1;
Q9Y4L5;
Q9Y4P1;
Q9Y4P8;
Q9Y4R7;
Q9Y4U1;
Q9Y4W2;
Q9Y4W6;
Q9Y4X1;
Q9Y4X3;
Q9Y4X5;
Q9Y4Y9;
Q9Y4Z0;
Q9Y4Z2;
Q9Y508;
Q9Y512;
Q9Y535;
Q9Y547;
Q9Y561;
Q9Y566;
Q9Y570;
Q9Y572;
Q9Y574;
Q9Y575;
Q9Y576;
Q9Y577;
Q9Y584;
Q9Y585;
Q9Y587;
Q9Y592;
Q9Y5A7-1;
Q9Y5A7-2;
Q9Y5B0;
Q9Y5B8;
Q9Y5B9;
Q9Y5C1;
Q9Y5I7;
Q9Y5J1;
Q9Y5J3;
Q9Y5J9;
Q9Y5K1;
Q9Y5K3;
Q9Y5K5;
Q9Y5K6;
Q9Y5K8;
Q9Y5L2;
Q9Y5L3;
Q9Y5L4;
Q9Y5M8;
Q9Y5N1;
Q9Y5N5;
Q9Y5N6;
Q9Y5P0;
Q9Y5P1;
Q9Y5P4-2;
Q9Y5P6;
Q9Y5P8;
Q9Y5Q3;
Q9Y5Q5;
Q9Y5Q6;
Q9Y5Q8;
Q9Y5Q9;
Q9Y5R2;
Q9Y5R8;
Q9Y5S1;
Q9Y5S8;
Q9Y5S9;
Q9Y5T5;
Q9Y5U4;
Q9Y5U5;
Q9Y5U8;
Q9Y5V0;
Q9Y5V3;
Q9Y5W5;
Q9Y5X1;
Q9Y5X3;
Q9Y5X4-1;
Q9Y5X4-2;
Q9Y5X5;
Q9Y5X9;
Q9Y5Y2;
Q9Y5Y3;
Q9Y5Y4;
Q9Y5Y6;
Q9Y5Y7;
Q9Y5Y9;
Q9Y5Z4;
Q9Y5Z9;
Q9Y600;
Q9Y606-1;
Q9Y606-2;
Q9Y616;
Q9Y617;
Q9Y618;
Q9Y619;
Q9Y624;
Q9Y625;
Q9Y639;
Q9Y644;
Q9Y661;
Q9Y662;
Q9Y663;
Q9Y666;
Q9Y672;
Q9Y673;
Q9Y676;
Q9Y678;
Q9Y691;
Q9Y694;
Q9Y697-1;
Q9Y697-2;
Q9Y698;
Q9Y6A1;
Q9Y6A2;
Q9Y6A5;
Q9Y6A9;
Q9Y6B6;
Q9Y6B7;
Q9Y6C2;
Q9Y6C5;
Q9Y6D5;
Q9Y6D9;
Q9Y6E0;
Q9Y6E7;
Q9Y6F6;
Q9Y6F9;
Q9Y6G3;
Q9Y6G5;
Q9Y6G9;
Q9Y6H1;
Q9Y6H5;
Q9Y6H5-2;
Q9Y6H6;
Q9Y6H8;
Q9Y6I3;
Q9Y6I4;
Q9Y6I7;
Q9Y6I9;
Q9Y6J0;
Q9Y6J6;
Q9Y6J9;
Q9Y6K0;
Q9Y6K1;
Q9Y6K5;
Q9Y6K8;
Q9Y6K9;
Q9Y6L6;
Q9Y6L7;
Q9Y6M1;
Q9Y6M5;
Q9Y6M7;
Q9Y6M9;
Q9Y6N1;
Q9Y6N3;
Q9Y6N5;
Q9Y6N6;
Q9Y6N7;
Q9Y6N8;
Q9Y6P5-1;
Q9Y6P5-3;
Q9Y6Q1;
Q9Y6Q2;
Q9Y6Q3;
Q9Y6Q5;
Q9Y6Q6;
Q9Y6Q9;
Q9Y6R1;
Q9Y6T7;
Q9Y6V7;
Q9Y6W3;
Q9Y6W5;
Q9Y6W6;
Q9Y6W8-1;
Q9Y6X1;
Q9Y6X2;
Q9Y6X3;
Q9Y6X5;
Q9Y6X9;
Q9Y6Y8;
Q9Y6Y9;
Q9Y6Z7;
